page,offset,reviewer,rating,date,review,reviewer_url,source_file,sentiment
1,0,Matthew C.,5,"Aug 25, 2026","Absolutely best poutine i've ever heard in my life and they definitely didn't hold out on portion sizes. I got the large poutine and they loaded it up to the brim, enough to eat for 2-3 meals myself. The gravy and cheese wasn't my favorite as they didn't have enough meat flavor in the gravy and the cheese wasn't melted but the chicken, fries, sausage was definitely the highlight to this poutine. The chicken was tender and juicy and was definitely different to all the poutines i've ever heard before. The staff tries their best to get through the line but it's worth the wait! I had to wait for 15 minutes in the afternoon but I left very satisfied with the food.",/user_details?userid=29WEIm0rhIDiZtxo3L2B8Q,page_001.html,
1,0,Austin P.,4,"Aug 10, 2026","This was another poutine recommendation from Eater, and the tour guide from our food and walking tour corroborated that. When we showed up and saw the line around the corner, we figured that it must be good. We waited in line for about 30-40 minutes, but it was a nice evening. (I assume that waiting in that line in the dead of winter would not be fun.) You can order to takeaway, but they have seating indoors. We opted to eat there because poutine is better fresh. I read that the petit was still quite large, so we opted to split the petit. We both agreed that was a smart decision. The poutine was good, but the flavor of the cheese curds was muted by the shredded chicken and choriço. Their signature dish is their Portuguese chicken, and so I'm curious how that tastes when it's not covered in poutine gravy and cheese curds.",/user_details?userid=hKfYxKJOCRxEVQ5SJ81fnA,page_001.html,
1,0,Dimitrius P.,5,"Jul 18, 2026","I'm a huge fan of Somebody Feed Phil, and after watching Phil's Montreal episode, I knew I had to make a stop at Ma Poule Mouillée. It ended up being one of the best meals of my trip. When I arrived, there was a short line, and as soon as I walked inside, the incredible aroma of rotisserie chicken filled the room. That's when I knew I was in for something special. I was told to order the wet hot chicken plate, so I did--and it absolutely did not disappoint. I also couldn't resist trying the famous chicken poutine. The flavors were bold, rich, and incredibly satisfying. The portions were enormous, too; there was easily enough food for several meals. Before leaving, I picked up a small homemade tres leches tart for dessert. It was the perfect ending to the meal. The cake was moist and delicious, and the caramelized burnt sugar on top added an amazing flavor and texture. I honestly wish Ma Poule Mouillée had a location in Detroit because this would become my monthly dinner spot without question. This place is the definition of ""winner, winner, chicken dinner."" If you're visiting Montreal, don't miss it--you'll leave full, happy, and already thinking about your next visit.",/user_details?userid=Z9OyYVn-OSKQUMSJ0lvHcg,page_001.html,
1,0,Tony Y.,5,"Jul 11, 2026","This has been a favorite Montreal spot of mine for over a decade. The last time I was in Montreal, these guys had fire and I was afraid they wouldn't reopen. I'm so glad they did and still just as good as always. We ordered the chicken legs, the poutine, and pastel de nata. The ordering can be a bit confusing as it's not clear what line is which. So the move is your line up and order by the cooks in front then move to the back to pay at the cashier. The portions are large and even the small poutine can feed a family. I lived the spicy chicken and pastel de nata. The poutine was good but didn't need the sausage. Overall very happy we revisited and that they're still amazing.",/user_details?userid=FPv27CkYLodbfz3gj5Fnkg,page_001.html,
1,0,Tony Y.,5,"Jul 11, 2026","I could not decide what to eat for lunch on this rainy Sunday and I don't have any local currency. I'm on a credit only trip (just because I'm too lazy to deal with it) so that leaves Schwartz's out of the picture. I randomly came across this chicken palace and am so happy I did. If you enjoy rotisserie chicken, Portuguese chicken is your jam. This dude up front is a grilling machine and it's all charcoal. I got the half chicken with French fries and salad. It's a lot of food for under $12 US. I, of course, opted for spicy with extra hot sauce on the side. That stuff isn't very spicy but so very delicious. The chicken was moist and flavorful and the hot sauce was perfect with it. The heaping pile of fries was a bit overkill. There were a lot of Asians in there so you know it's a good deal. I'm Asian myself so I would know.",/user_details?userid=FPv27CkYLodbfz3gj5Fnkg,page_001.html,
1,0,Jolanta L.,4,"Jul 23, 2026","The chicken is tender, it's better with the spicy sauce. The portion is huge and you can definitely share with two people. It's very popular but I found the overall flavor is okay, not a complete wow. But the dessert was great!",/user_details?userid=_Sy_LJsQ-deUiaK1dEYZTw,page_001.html,
1,0,Cynthia B.,5,"Jun 11, 2026","We visited this place because we just had to try poutine and heard it was fabulous here. That is true, and you'll be sure after 1st bite.. Great fries, with chorizo + bits of chicken, good amount of cheese curds and finally smothered w/gravy. I thought the gravy might be an afterthought/not interesting- but no, it was delicious. You walk in the door and all you smell is chicken grilling+ chargrilled goodness. They offer a1/2chicken w/salad+ fries. Since we were ordering the poutine we didn't want those extra sides; we just ordered whole chicken. They'll ask, spicy or not? We got 'spicy' -basically the orange sauce in pics. It's not at all 'spicy hot' -but tastes garlicky, rich and delicious. Great choice. Chicken is Portuguese style; with a chargrilled taste, very juicy and well seasoned. Talked to several people who were near us eating about how great the food was, and found out that like us, several of them were out of towners who'd asked a local ""where to eat"" in town. Every single person was raving about how delicious it all was. This place is the Bomb! Absolutely a 'Do Not miss' in Montreal. The small poutine we ordered was huge! And the large sized poutine others bought was size of a ham on the large plate. Even with 2 hungry people and my Hubbie is a big dude, we brought almost 1/2 of our food home to finish the next day. Not bad for $34+ tax. PS One pic is from neighboring table's plate- the guy said ""Please do take a picture. What a find! I can't believe this place"".",/user_details?userid=Bh8DESAiC7DNL8uKghcZ6A,page_001.html,
1,0,Simon W.,3,"Apr 16, 2026","A bounty of food comes with your half chicken and fries! The ""golden row"" of chicken twisting and turning while cooking definitely generates much anticipation.  I'll say half of the 1/2 chicken I ordered was definitely moist and tender, while the other side was a bit dried out.  The fat from the skin was nonexistent, so not much flavor other than the sauce that coated the exterior of the chicken.  While there was an abundance of fries, which covered every inch of the paper box, sadly they were neither crunchy nor crisp.  This was right after opening my box after I paid for my order. I also got the chicken sandwich which was juicer even if it was less majestic than the 1/2 chicken.  The flan dessert was somewhat forgettable, I left half of it behind. There was a line up to order but it moved well.  There is seating inside however the tables and chairs were in need of a good wipe down.",/user_details?userid=KPYdacGNQeYGIcPIb_MyJw,page_001.html,
1,0,Amelia K.,5,"Jan 5, 2026","The BEST POUTINE & BBQ chicken i ever had! It was the best food we had from Montreal. I've been to La Banquise for poutine multiple times and LB's good but this chicken and chorizo poutine is superior! Perfect potato fries, bbq chicken, cheese curds and gravy! Dont forget to ask for their spicy sauce on top! (Not spicy at all, just gives extra umami!) This place also gets long queue but much less than LB and it moves pretty fast! Their service is fast and efficient. While u are waiting, u can see how they cook their chicken on the Portuguese grill. I want to try bbq chicken with their hot sauce next time when I visit Mtl again. PS. Get large!! And pastel de nata is just ordinary.",/user_details?userid=gv2XY-eB2E2wOQlBhDh60w,page_001.html,
1,0,Marc M.,4,"May 23, 2026",They have a tiny dining room. Their reputation brings many people coming. Locals and tourists line up around the block. Their chicken is delicious. Their poutine is huge. We ordered it loaded but I would order it without the chorizo. It's a little much.,/user_details?userid=y-mwVNTsWOFxRsdcvdGVlA,page_001.html,
1,0,Jason M.,5,"Nov 2, 2025","I found myself at Ma Poule Mouillée as part of a food tour I was on. We were not told in advance which places we were visiting, so it was a pleasant surprise to find out that this was on the route. While I didn't know too much about this spot, I was aware of its popularity and that they served good poutine; needless to say, I was looking forward to checking it out. Ma Poule Mouillée is a Portuguese restatuant that specializes in chicken and poutine. We were there late morning so it was not crowded, though I was told it's normal for a line for form around the block during peak times. Our tour guide also mentioned that this place, along with La Banquise which sits catty corner, are two of the most popular places for poutine in the city. We were here for poutine - specifically, we got the variety topped with chorizo and roasted chicken. It was delicious - the fries were crispy, and the combo for the chorizo and chicken with the gravy and cheese curds really made for an elevated poutine. We didn't have time for anything else, but what we had was enough to make an impression. Overall, Ma Poule Mouillée was a total yes - this was one of the best poutines I've had in a while and I would definitely return the next time I'm in Montreal.",/user_details?userid=RpFQDOz5bvMhL2XjzYstXA,page_001.html,
2,10,Chelsey O.,5,"May 10, 2026","Want a Thanksgiving feast? I would say order the number 8. We had Portuguese meat, rotisserie chicken all in gravy on top of fries. I would say it reminded me of a heavy Thanksgiving meal. It was good. Don't get me wrong. The line was a bit long outside but once you get in, you order, wait for you food, pay, and then find a table to eat. It's small inside but you can grab a seat if you're patient. They also have a spicy sauce you can add to your meal that was pretty good. It's definitely worth a try but I think there are so many different poutine places I would try around Montreal.",/user_details?userid=Tnh7MrI6P1Kp3cEwokc8ww,page_002.html,
2,10,Manan B.,4,"Jul 29, 2026","Their gravy is delicious. Chicken is falling off the bone, it's cooked so well.  The portions are huge - my wife couldn't finish her ""small"" poutine, and I couldn't finish my portion of chicken legs with salad and fries. There is limited seating and no one seats you, so you have to watch for tables to free up and grab one while being in line for the food so having company helps!",/user_details?userid=4INAWYtWzQGpLh4Ns9pgcA,page_002.html,
2,10,Susan L.,5,"Jan 13, 2026","I had so many recommendations to try this poutine in Montreal and it did not disappoint. The location is actually a Portuguese chicken restaurant but they do a poutine that has 2 full legs of chicken and sausage on top of your usual squeaky cheese curds, crispy fries and piping hot gravy. The portion was massive. We ordered the large poutine and it only cost $19.00. I think what makes this dish is the chicken, which is cooked to perfection with crispiest skin. The service was quick and you could see the chicken being roasted on the spits. The restaurant itself is set up as take out. You order and then find a spot to sit. Pretty spacious and lots of seating available. We went on a Monday morning (10am) during the winter so there was no line up. But I have heard that it can get very busy. We also got the eggs tarts which were delicious. Great recommendation.",/user_details?userid=gVix4NkTRugMqeNoXwA9dw,page_002.html,
2,10,Ruby A.,5,"Jul 3, 2026","This place was super busy and had a line but did move quickly. It was super packed when we went and therefore had to take our food to go and eat at our hotel. The place is definitely smaller inside but nice, clean, cozy and friendly staff. The food was amazing!!! We probably could have ordered a small poutine since we also had fries with the half chicken but no regrets! Best poutine we had for sure during our trip. Highly recommend!",/user_details?userid=SQ1OE962xwvvGFMawXnUYQ,page_002.html,
2,10,Kirstie C.,5,"Jul 24, 2026","Some of the best roasted chicken I have ever had. I would come just for the chicken, no poutine needed.",/user_details?userid=ChqID2YHhfH1t5ZyjHjT7g,page_002.html,
2,10,David E.,5,"Aug 14, 2026",The line was put the door for good reason.  I ordered the chicken sandwich and they pulled it right off the grill and put it on amazing Portuguese bread.  Get the food to go and have the best Portuguese chicken and/or poutine in Montreal. Everyone was friendly and the whole place smells delicious!,/user_details?userid=6NtmEegTqr48nvD9G9R9IQ,page_002.html,
2,10,Diane S.,5,"Feb 20, 2026","Their grilled calamari and Portuguese chicken were AMAZING! The chicken still tasted delicious even when it was cold. They truly worked some magic with their sauce. I didn't try their famous poutine, and now I really regret it. I'll definitely be coming back when I get the chance!",/user_details?userid=poet9OgaSuWWzEdKrjL1mg,page_002.html,
2,10,Kelvin L.,5,"Feb 15, 2026","Hands down the best poutine fusion in Montreal. The Portugese chicken compliments the poutine very well and definitely a dark horse in Montreal. They don't seem to get as much attention as some other poutine places, but don't sleep on this experience. For their price, it is a lot of food, one large serving of their 19$ grilled chicken with sausage and poutine is a great meal that will last you the entire day, it was more than enough for two. They debone two legs of chicken on top of the poutine that they pulled fresh off their grill! Service was fast, there is plenty of room to eat at the restaurant and they have a separate counter for the pastries. We had to get some of their Portuguese tarts (10$ for 6) and they were also amazing. Creamy, custardy, perfectly baked. It reheated well in the air fryer when we brought some back as souvenirs to enjoy. This is a place worth stopping by in Montreal, poutine in one hand and a batch of tarts for dessert on the other.",/user_details?userid=pBpbWwOWyhDmeFDZ5Sc4QQ,page_002.html,
2,10,Gloria M.,5,"Dec 8, 2025","A Portuguese restaurant that is serving up the best poutine I've ever had. It is piled HIGH with chorizo, chicken, gravy and curd. The flavors are so warm, it is the perfect thing for a chilly day. This poutine could easily serve 3 people so keep that in mind when ordering it. Try your best to save room for dessert so you can try their pastel de nata",/user_details?userid=eOGP2Z8rhNsvFKMlas5BvQ,page_002.html,
2,10,Stella G.,5,"Apr 11, 2025","I was probably the most excited to try this place during my trip, and it really didn't disappoint! We came on a Friday around lunch, and I was happy to see that there was no line. It's pretty small inside with only a handful of tables and high chairs. We got the small poutine to share, and man, this bowl was hefty! It was a perfect amount of food for two people. The chicken was so moist and flavorful. They definitely don't skimp on the gravy - every inch is drenched. The chorizo wasn't quite what I was expecting. It wasn't my favorite, but everything comes together so well that I didn't mind. I wish I had room to try the pasteis de nata, but I guess I'll just have to come back. This is such a unique take on poutine! It's a must-try for anyone visiting Montreal.",/user_details?userid=qhyRxP8lBB2OZA6a_mn0Wg,page_002.html,
3,20,Bianca A.,4,"May 18, 2026","The Portuguese chicken poutine here is literally top tier. The mix of the chicken, chorizo, and sauce is elite, and the portions are huge. Honestly, the only reason it's not a 5-star is because the line is always insane and it gets super crowded inside, but the food low-key makes up for it. Def a must-try in Montreal!",/user_details?userid=2shWsoZS4sb0jOy5brneOQ,page_003.html,
3,20,Dave B.,5,"May 6, 2025",I was very surprised by this one. It is better than the guy across the street!   The gravy has a more deep flavor and the service (petite) is enough for two people that aren't extremely hungry Yum!  This is the place in Montreal for poutine,/user_details?userid=uIgHFV9aSs-YSf3zY5ULew,page_003.html,
3,20,Kelsey N.,5,"Aug 16, 2025",Holy s&$t this was amazing poutine! Worth the hype and worth the wait. Line seemed long but didn't take too long. It smelled so grilled and delicious in there. This was also recommend by a few locals to try as well so I would highly suggest eating here when you're in Montreal!,/user_details?userid=yE5lKE7i9P-RORL-79BNDQ,page_003.html,
3,20,John S.,5,"Mar 31, 2026","The Portuguese chicken was the one thing my partner absolutely wanted to try while we were in Montreal, so we ended up waiting for them to open while sitting on a bench on a cold March morning. They noticed us peeking in and invited us to come in early which was so kind of them! We got the first chicken of the morning and booked it to the train station to enjoy it, and it did not disappoint. Incredibly flavorful and moist. Next time we're in Montreal we will definitely be stopping by again to try some more of the menu!",/user_details?userid=D622j9DWn0qTY1hcISzytw,page_003.html,
3,20,Nina C.,4,"Oct 16, 2025",Great chicken--so soft and moist. Gravy for the poutine was a little too sweet for my liking. I would love to eat more of that chicken tho,/user_details?userid=BWt3yY1QzCNgJtR7taHp4A,page_003.html,
3,20,Chunks J.,5,"Jun 22, 2026","Don't let the lines deter you!  We arrived a little after noon on a Friday and made it to the front of the line within 20-25 minutes. We were handsomely rewarded with the most tender, juicy, flavorful chicken paired with crispy, house-made french fries and a salad (for health).  Seating was a bit of an issue, but I would've gladly eaten this meal on the curb.  It was THAT good!",/user_details?userid=W33U7l5nIITSvytV2WmhLQ,page_003.html,
3,20,Sophia W.,5,"Sep 12, 2025",This place is so tasty! Service was streamlined and fast. So much food for the price. The spicy chicken wasn't too spicy but overall very juicy chicken. They know what they are doing!,/user_details?userid=O27t-FBsxzJtYlJj1sblxA,page_003.html,
3,20,Peg S.,4,"Nov 24, 2024","It's all about the chicken nothing else. I had the #11 salade florea a huge salad topped with plentiful and borderline obscene amounts of chorizo and chicken.  The chicken was so juicy, tender and unbelievably flavorful that it outshined everything else. We also got a petite (trying to be healthy here) #8 poutine with chicken and chorizo and the #12 combo veronique with chicken, chorizo, fries, and salad.",/user_details?userid=l-zgWG-brcQ4iRev-pfrsg,page_003.html,
3,20,Sylvie B.,5,"Jun 14, 2026","The line was down the street when we arrived, but don't be discouraged! It moves quickly. The poutine is wonderful and such large portions! We split one and still couldn't finish it!",/user_details?userid=PP4aCkvAGDJSs3Dj3uBwVQ,page_003.html,
3,20,Jason C.,3,"Nov 17, 2024","To avoid long lines, I got here at 10am.  Also, make sure you push the door to enter, don't be like me and pull  :)  I knew what I wanted, so I got #8, small with couple drinks, egg tart and blonde donut thing. The poutine was decent.  I liked the chicken, it was moist, seasoned well and I would been perfectly fine just ordering the chicken by itself.  The whole plate as a whole, few things they could done better. I wish they added more gravy... if they layered it, it would have helped.  After the fries, add the gravy, then the cheese, chicken and sausage and another layer of the gravy.  After you eat the top, once you get to the rest of the fries, there's no gravy leftover unfortunately.  I don't know if you can ask for additional gravy on the side or if you need to pay for additional, but it would have helped to have more gravy. The interior was small, but plenty of seating to enjoy your food.  Egg tart was decent, but it would been a lot better if served warm.",/user_details?userid=cMIVlEuCKkiEo1QkPBbMaw,page_003.html,
4,30,Holly K.,5,"Oct 7, 2024","Ma Poule Mouillee is a place where dreams come true. After reading Maria's review back in 2020, I knew I had to visit this spot if I ever found myself in Montreal. Well, I am so glad I did! We visited for lunch and there was a line around the block. Now with a ton of amazing spots in Montreal, you may be thinking is it worth waiting in line? Yes, yes it most certainly is. Once you make your way inside they have a great assembly line going. You order, then make your way down to the register. By the time you make it to the register, your order is waiting for you. Here is the time to grab extra sauce, we did not and I was regretful. The Portuguese chicken was moist and delicious, their sauce is just so freaking good. We also ordered the petit poutine, and let me tell you nothing was petite about that thing. My friend and I could barely make a dent in it. But it was also so flavorful and delicious. We rounded things out with some orange Sumol (the best flavor) and a pastel de nata. They have a variety of bar seating/tables around the restaurant. Even with the long line we were able to find seats to eat without an issue. If I'm ever back in Montreal, I will never not go here. The best!",/user_details?userid=MmQv7nXo3EKVW6ZbFBZ08A,page_004.html,
4,30,Cindy N.,5,"Jun 2, 2025","Wow! A line that goes out the door and locals and tourists enjoy the food. Huge portions. Who knew rotisserie chicken could be so flavorful? I had the chicken and chorizo poutine, and wow, I could not finish my small portion. The gravy was delicious with bits and pieces of chicken and chorizo over crispy fries I love this place!",/user_details?userid=J0HY6uvoRL2Rh7bc8mvfqA,page_004.html,
4,30,Sabrina P.,5,"Jul 8, 2025","Absolutely one of the best Portuguese chicken places in the plateau borough. The chicken is super tender and juicy, and the piri piri sauce has to be some of the best I had. Very nice kick of heat with amazing flavors from the various spices. This place gets packed up very quickly if you are planing on eating inside the restaurant. However, parc La Fontaine is across the street, which offers lot of picnic table to sit down at. 10/10.",/user_details?userid=yX0g0cSodyqpIzfa6teVKg,page_004.html,
4,30,Sahar V.,5,"Nov 22, 2025","The best rotisserie chicken ever! Wow. This place gets super busy (rightfully so) and usually the line is out the door. Very minimal seating so plan accordingly. The Portuguese chicken here is mouthwatering. So flavorful, so fresh and very reasonably priced. Absolutely love this place.",/user_details?userid=2xk6Fi4OiSolUoBkQjketg,page_004.html,
4,30,Jenny Z.,5,"Mar 24, 2025","Wow! This place was popular! I was visiting Montreal for the weekend and the first thing we did was go to Ma Poule Mouillée for some poutine! We ordered the small poutine with chicken and chorizo. I also ordered a half chicken platter and asked for rice instead of fries. For the drink, I saw that they had some Portuguese sodas! I got a passion fruit soda, it was good! We hovered around waiting for somewhere to sit. The poutine was delicious! It was a hearty meal.",/user_details?userid=81YuTfCS1qBO9RhSyTXPQw,page_004.html,
4,30,Sylvain P.,5,"Oct 11, 2024","I had to try their poutine as it was highly rated from poutines lovers. They are just across the street from La banquise and near LaFontaine parc, so be aware there's always a line to enter, but ut worth it to have their good food.. Their chicken poutine is excellent and on my top5 poutine in Montréal. Service is quick and efficient and once you're in you don't wait long. Il fallait que j'essaie leur poutine car elle est très bien notée. Ils sont placés juste en face de la banquise et près du parc LaFontaine donc préparé vous à attendre un peu car il y a toujours une ligne. Mais l'attente en vaux la peine car leur poutine est excellente, en fait c'est dans mon top5 des poutine à Montréal. Le service est rapide et dès que vous êtes entré vous n'attendez pas longtemps.",/user_details?userid=qZn4-4_ApTfiJHRTSwJAlQ,page_004.html,
4,30,T.E. R.,5,"Jun 22, 2026","I first heard about this place on ""Somebody Feed Phil"" on Netflix. On my train ride up other passengers were discussing it. Except for the line wrapped around the corner, this place lived up to the hype! I had the Louis Cyr (1/2 chicken, fries and salad) and it was soooo good. The poutine looked great but for a number of reasons, it didn't fit into my needs. But everyone who ordered it was more than satisfied! The service is like a cafeteria line and I don't speak French but the staff is dedicated to working it out. The restaurant is kind of small but I had mine to go, so I didn't have to contend with finding a seat. I definitely recommend that it gets added to your list of places to eat in Montreal.",/user_details?userid=krfQh33DaZIutb_U3IR_pw,page_004.html,
4,30,Alykhan V.,4,"Aug 30, 2024","Had to come and try the chicken poutine! Overall: 4/5 Food: Chicken poutine 4/5 - I thought it was pretty goods; I'm not a huge poutine person, but was recommended it from someone in Toronto. I wouldn't necessarily tell someone to go out of their way to try this, but it was good! Mind you, I would have probably loved a chicken sandwich more, but tried this instead. Ambiance: 2/5 - it was so busy for takeout and the tables are in the same area, so wasn't the most comfortable seating arrangement. Service: 5/5 - they're very efficient, fast, and friendly. Had a great system going on!",/user_details?userid=vZ1q83d7306-mn9NS4xoUQ,page_004.html,
4,30,Sanjay G.,5,"Jul 8, 2024","That is the beauty of travel, you come up with something that you will always remember. This is not super fancy, or fine dining, in fact, this is your daily around-the-corner restaurant, but trust me, this is the best rotisserie chicken with potatoes I ever had. and I mean it. Especially Potatoes - what is this? super soft, not dry, juicy - how do they cook it?  I know a thing or two about cooking and I know my boiled potatoes can never be this soft. and though this is super popular across social media, - it deserves all those hypes. Luckily, I reached by 12 so I did not have to be in the 40 mins, 1 hr long line. I did not try their poutine (to be honest- I did not like the idea of it) I ordered-     1/2 Chicken served with fries & Salad. and being how greedy I am with food; I was about to order 2nd item - but as usual ""an unknown hero (aka my wife)"" came to save me and said- ""let's finish this first then we will order again"". and glad, she saved me because that one order- we both were not able to finish that- it was too much for us. not sure half chicken is how many pieces, but it was like 2 legs, and one breast with wings - with like 10-15 pieces of ""amazing soft juicy [and I know I never going to have them in the future, no matter what unless I visit Portugal or visit Montreal again] potatoes"", with salad at the side. man, if I visit Montreal again, trust me I will visit for this only. Quantity: too much, one item can be enough for 2 people unless you are Dwayne Johnson Ambience: In two words, very cool. I like how the establishment has managed to have a decent amount of seating while keeping the disturbance of the line flow to a minimum... first you order at the entrance and then you pay. There are a couple of two 6-seater tables and 6 long stools facing roads. that it Price: it was our cheapest and best meal of the Montreal trip- that says enough about this. Ma Poule Mouillée is a counter service restaurant - great food for a reasonable price.  The place is popular, drawing a varied clientele.",/user_details?userid=RypJov5pxe_ngrXasj35dg,page_004.html,
4,30,Jazmin A.,4,"Sep 16, 2024","Everyone on the internet says this is the best place for poutine. We ordered a half chicken, which was way too much for two people, in our opinion. We are usually big eaters, but with the poutine, you can probably do a smaller chicken. We also did the poutine, with all the fixings, as recommended. The poutine is great on its own! It's so big, you'll definitely feel stuffed after eating some of this and some of the chicken. The chicken was like most roasted chicken places, it was good but nothing out of this world. You come for the poutine. The place gets crowded so beware of that. Staff wasn't the nicest, but it's expected from places that are so crowded that are often frequented by tourists. In my opinion, skip the chicken, focus on the poutine. You won't be disappointed.",/user_details?userid=wRbf5Bgv58ESwfN6QOgQzQ,page_004.html,
5,40,Salena C.,5,"Dec 8, 2024","I was never overly interested in poutine (sorry, I can hear the gasps! lol), but when in Canada, right? OMG- their chicken & poutine was top notch. There was a small line around 8:00pm on a weekday, but nothing that was bad. The chicken was absolutely, hands down, AMAZING. The pastel de nata was the best follow up dessert. I'm not going to lie, I also ate the leftovers for breakfast, too :) Seating is not really great for young kids (mostly high tops with just a few tables), but we just ran it back to our hotel! Would highly recommend!",/user_details?userid=f0SHitrEqc5k0DwWyPlY9w,page_005.html,
5,40,D'Landria F.,4,"Jan 29, 2025","Nice neighborhood gem! This place was recommended by a friend and it did not disappoint. Definitely a local spot because I wasn't sure what to order and the staff expected that I should. They were extremely helpful though. I ordered the spicy chicken poutine. It was served hot! It was delicious but way too much food for me to finish in one sitting. If you're in the area, do yourself a favor and check this spot out!",/user_details?userid=aA1WJBv6yMBxPizMzd88MQ,page_005.html,
5,40,Mr F G And Mrs M S.,5,"Aug 9, 2025","We both love poutine. We decided to give this place a try. The poutine here were the best non classic poutine we've ever had. If you love poutine, this place is a must try. It's amazing! Generous portion! The line can be quire long but it moves pretty quickly. Highly recommended. We'll definitely go back!",/user_details?userid=zZkUkK9M0v02qHBCCm5zaA,page_005.html,
5,40,Spencer W.,1,"Jun 1, 2024","I'll give a low rating because of the experience. Super busy with a line out the door and hectic inside.  I don't understand the menu so I talk with the person taking orders (not the cashier) and ask for the most popular item or what she recommends.  We go over options and I'm choosing something with options large and spicy. Almost certain a to-go person took my order but the cashiers have no idea and just gave it away.  Time passes and everyone behind me is getting their food so I ask if I need to order again.  A cashier talks to the woman I put my order with and tells me they're making it now. An order pops up that no one claims, so I ask is that mine -- and I guess it is.  If someone in the back ordered the same thing and took it, I'd still be in line. Food-wise, I'd give it a 2-3 star.  Very bland and not spicy.  Would stay away from #8 and not get large",/user_details?userid=mua55Ybkz_X8kP58Rj9A2Q,page_005.html,
5,40,Steven L.,4,"Aug 20, 2025","Great poutine, can be easily shared between 2-3 people with ease. Do not expect to get any seating here, as it is busy and the line never stops -- takeout is recommended",/user_details?userid=6mXhypFjhGS5zMl6ZUsMFA,page_005.html,
5,40,Susie R.,5,"May 26, 2025",By far THE BEST poutine I've ever had. Everything was delish! I got the poutine with the chicken and chouriço and my sons got a half chicken and the other poutine with just chouriço. Amazing!!  A must try. The line goes quick and the staff is friendly. The place is small so it's a little crowded so probably best if you take it home to eat unless u get lucky and find a table. Can't wait to come back,/user_details?userid=R6H5Bh_hvmQivtUAcx-41g,page_005.html,
5,40,Doug L.,5,"Apr 30, 2024","We got the half chicken to go and we were able to replace the fries with only salad. Service was friendly and fast.  Orders were placed at the front and then picked up and paid for at the back. Back at our hotel, we dug into our meal and the chicken was very moist and well seasoned.  We got the spicy sauce but it wasn't uniformly applied on our chicken so there would be bursts of heat in some mouthfuls but not others.  It was possible that the spicy sauce was reduced by the salad dressing.  However that did not distract from our enjoyment of this chicken.  It was one of the best we've eaten in a long time. Overall a definite repeat should we come back to Montreal.",/user_details?userid=3Pwx-eYU3S113JR3KT0mbA,page_005.html,
5,40,Jill W.,3,"Dec 19, 2024",Ordered the Floreana Salad and didn't love it because the chicken was too fatty... the chorizo was good and the portion was huge though. Also loved the sauce. But I prefer shish taouk type chicken.,/user_details?userid=iNtIt-Paqm1Z54vtlY6ySg,page_005.html,
5,40,Michele T.,4,"Aug 4, 2025","Chicken was amazing. Seasoned beautifully and the charcoal flavor is wonderful. We arrived around 7:45pm on a Sunday evening and waited about 30 min. The ordering/paying/pickup process is pretty hectic once you get inside. They fill orders from the line as the food is ready so you're not always called up numerically by the number they give you when you place your order. I'd seen on prior reviews that they had rice instead of fries, but that was not the case (only fries listed on the menu and I asked about rice - not available). We also asked for the spicy sauce but they forgot to include so I was disappointed to not have a chance to try it. We ate in the store but the checkout line was so hectic I didn't feel Iike trying to go back to ask for sauce (and have them attempt to charge me again). I made only a small dent in the gigantic box of fries that came with my chicken. The person in front of me bought 10 pastel de nata and sold out the shop so I was also disappointed to not have a chance to try. I got the half chicken with fries and salad and my husband got the chicken on dinner salad (pretty large). Both are fairly large portions for the price. The crusty dinner rolls ($1) are also tasty! I'd probably go back - but would try to go earlier in the day.",/user_details?userid=gBIfCRg4EYdO_toJ5nH5Cg,page_005.html,
5,40,Brent F.,5,"Oct 17, 2024","This place is great. The poutine with chicken and sausage seems to be the most popular dish and it's solid, but the chicken is great on it's own or in a sandwich. The fries are very good on their own as well. There is usually a line outside the door but it does move quickly. Plenty of seating inside but it's self seating so you will just need to see what is open. Baked goods like the pasteis de nata and other things are really good so don't miss out on those. Great place to visit if you are in Montreal.",/user_details?userid=N6dU68DnrroYqIdTWW2G4Q,page_005.html,
6,50,David D.,5,"Aug 16, 2025","Great place!! Very tasty food! Good prices. Bad part, it is always crowded. Go early or you will find 45 minutes of waiting.",/user_details?userid=zEu5K17kcADYApkefepTHA,page_006.html,
6,50,Miranda F.,5,"Nov 28, 2023","On the quest to find the best poutine in Montréal, we had to visit the highly recommended Ma Poule Mouillée. They specialize in Peruvian rotisserie chicken, and the platters themselves look amazing. But, the poutine was out of this world and such a run take on the Canadian classic dish. The chicken was perfectly succulent and crispy, and we loved the tangy hot sauce that topped it all. It's more of a takeout place, and was pretty crowded. But, if you wait about 5 mins a table should open up.",/user_details?userid=uUJx1rRP3lmWC2MOAUdHkA,page_006.html,
6,50,Kevin E.,4,"May 25, 2025","Also can't leave Montreal without trying poutine! Heard this place is better than La Banquise so stopped by for lunch. When you enter, you first place your order with one of the servers. Then you make your way to the cashier area and pay when your order is ready. There are several tables but this place is popular so plan for takeout if you come during the lunch rush. The menu is entirely in French but if you're here for the poutine, which most people are, it's #8 on the menu and you have the option of ordering either the small or large size. Unless you come with a party of more than 5, would recommend getting the small because even that is a huge portion. We did see a group of teenagers order a small each, which had us worried because it's basically a heart attack on a plate. Very heavy, greasy, and salty. Something I would try once but probably not have again in the near future. Sort of like the case with Chicago deep dish pizza haha. I did enjoy the rotisserie chicken and cheese on top of the fries though but was not a fan of the chorizo because it was too hard and salty.",/user_details?userid=6n4zKJJFjWWo5nUDs0b-KA,page_006.html,
6,50,Susan L.,5,"Oct 18, 2023","We love Portuguese chicken and we're excited to find one in Montreal. It's cooked the classic way over fire and rotated. We ordered a whole chicken what I thought was supposed to be small fries and a small salad but they were huge The chicken was tender. And actually fed the two of us for a couple of days. There was a huge line around the corner, but someone suggested we call in the order and it was ready in 15 minutes so we didn't have to wait in line. Highly recommend.",/user_details?userid=10SCevC9SV0qazCvjcdwbg,page_006.html,
6,50,Nick C.,5,"Sep 11, 2023",Now I see why this place was recommended by everyone online of where to eat poutine in Montreal. I got the small #8 ($14). It was an enormous portion for a small and the container had to weigh more than 2 pounds. The chicken had a pleasant grill taste to it in the cards along with the chorizo made for a perfect meal. The rich gravy was amazing and the french fries held up to it and all the toppings.,/user_details?userid=BHU7Lz47foO5BJ6OUUPfRQ,page_006.html,
6,50,Jamie S.,5,"Sep 1, 2023","Phenomenal chicken...likely the best I ever had.  It was perfectly roasted and seasoned.  Words cant really describe it.  I ordered the #2 spicy, which is a half chicken with fries and salad.  It was a lot of food, but overall its a great value. They also have a ton of French and portugese pastries. In terms of service, if the line is long it will take a little time (estimate 5-10 mins) before you get to the order window, which makes the service seems slow but rest assured these guys are working their butt off.  Once you order, the food is prepared quickly. There is indoor seating, but if the weather is nice get it to go (take away) and sit out on a bench or at the park. This is hands down a must try when in Montreal!",/user_details?userid=CYtKqfxO78q8MN6HX2JnDg,page_006.html,
6,50,Elizabeth S.,5,"Dec 28, 2023","So many places online said this was the best poutine in Montreal, and it didn't disappoint!! I'm not the biggest poutine fan, but this was delicious. It's like gravy and cheesy goodness with super tender chicken. There's also sausage on it for meat lovers. Portion was huge for a petit size and it lasted me two meals. Service is rather fast. You order in this line at the counter and can watch them make it. It is hard to find seating inside, but you can get your order to go or sit in.",/user_details?userid=tCczhwSxoivFMXLc6qsQKQ,page_006.html,
6,50,Azadeh S.,4,"Dec 3, 2023","The yummiest Portuguese grilled chicken in Montreal came with a load of fries and a fresh salad, especially the sauce. oh, Chorizo Sausage is so good too.  got the #8 The place is small and very noisy, but they have some tables for dining in. You need to wait in line for at least 20 minutes or more but Worth the wait. Food: 5/5    Service: 4/5  Atmosphere: 4/5",/user_details?userid=XcGP8JzNUR9jxjYhtHgaZA,page_006.html,
6,50,Jeremy K.,5,"Sep 11, 2024","Located in the Plateau Mont-Royal neighborhood of town, MA Poulle Mouillée is a very popular, no-frills spot that's as famous for it's insanely long lines and wait times as it is for their succulent Portuguese style chicken. And while trying to get that aforementioned chicken can easily require standing in a line anywhere from 45 minutes to 90 minutes, most loyalists would say that it's absolutely worth the trouble and I would agree. Jean-Jacques Rousseau once said ""Patience is bitter, but its fruit is sweet"" and boy was he right. The chicken coming out of this place is absolutely insane. It's full of flavor, it's moist and it is one of the bites of food I've had in a very long time. Depending on what you order, the contents of your box might change a bit but I recommend you get the ""Le Tremblay"" option for $16CAD which features some chicken breast, a ton of fries and a side salad of greens with shaved carrots in a delicious vinaigrette. Don't share, just chow down in shame. It's greasy, it's tasty and full of flavor. If you're super hungry (you must be American - hi!) you can get other, larger options: ones with chorizo or even befana and while the first is scrumptious, the befana was nothing to write home about and ordering it isn't something I'd do again. Honestly the Tremblay is plenty of food. Service wasn't particularly friendly or fast - but man, it just doesn't matter. Just get in line and you'll be rewarded with a Portuguese feast which shines some spotlight on a cultural piece of Montreal that few other places can showcase as well. A+",/user_details?userid=t903_es-gp3abvdrIQutQA,page_006.html,
6,50,Aaron L.,5,"Jan 6, 2025","A must go-to spot whenever I'm visiting Montreal. This small no-frills dining joint specializes in fresh and tasty roasted Portuguese chicken, and it is always done excellently. The portions are always huge for the price (one is enough for two meals honestly), and the chicken is super moist, juicy, and tender. Their poutine is also amazing, one of my favourites in Montreal. Service is curt, but you're here for the food and it comes out fast. There's limited tables/seating available on the inside and sometimes a line to get in during the busier season. Definitely recommend adding this spot to your Montreal foodie itinerary.",/user_details?userid=2P8op_KaV86DQ91SvH2s7w,page_006.html,
7,60,Albert W.,4,"Oct 31, 2025","What a wonderful surprise, my wife I just walked in without knowing anything about this restaurant and enjoyed a wonderful meal....my grandson would love it here.",/user_details?userid=eJG5zdXVKfzbrRWNpOD6gQ,page_007.html,
7,60,Ashley M.,5,"Aug 2, 2023","Oh my goodness! Go here, order everything and enjoy life!!!! We tried almost everything and it was all so good. Even the dressing on the salad was amazing. Parking can be a bit difficult to find, but I promise it was well worth circling several times until we found a spot. Portions are large, so I do recommend getting smalls and sharing. Next time I would definitely ask for extra salad dressing on the side to dip things in. Don't forget to try dessert too! The nata was the perfect amount of sweet and and soft but firm custard.",/user_details?userid=wZxkpxza7glIOdRz12NNwA,page_007.html,
7,60,Sharyl J.,5,"Jul 28, 2023","Exceeded my expectations! We were visiting from California and don't speak French (google translate is very helpful for the menu!). The woman helping us was very kind and helpful with any questions I had. We ordered the half chicken with fries and salad and everything was so delicious!!! The chicken was so good and tender. I'm still thinking about this meal! I have a sensitive stomach (mainly sensitive to dairy) and I did end up with a slight stomach ache afterward so I'm thinking there may be some sort of dairy in the sauce or something, but honestly worth it! Definitely a MUST TRY",/user_details?userid=cm6qxAyvuHO09iAHBm1AKQ,page_007.html,
7,60,Rose M.,3,"May 15, 2024","Large portions. I was expecting more flavor in the chicken. Spicy was not spicy, mild at best. Good to be a potato farmer in Canada. The side of fries was nauseating. Some parts of the chicken were chewy from being dried out. Order at counter. Quick service. Definitely had a fast food vibe in terms of ambience. I won't be craving this anytime soon.",/user_details?userid=tikC9_rdMwiSOW-Hoq9-_A,page_007.html,
7,60,Kelly Z.,2,"Apr 19, 2023","Why is is so hard to order??? As an American trying to get some poutine here it was so difficult. Their menu didn't even look like there was poutine on it so we didn't know how to order and when we asked they were so stuck up so we ended up not even getting the poutine and just chicken and fries. But even so the portion was more like fries with a side of chicken. They are absolutely not friendly to Americans at all because they were already giving us snarky looks when we were literally just trying our best to figure out how to order. I understand that we may come off as ""annoying"" but like help us out here. Overall the food we got was OKAY. Nothing special whatsoever. Felt like regular chicken and fries to me.",/user_details?userid=7kndRvHDJZQfHsjXNEvZbA,page_007.html,
7,60,Julia F.,5,"Jul 18, 2024","Insanely delicious! Some of the best food I had in Montreal. Don't be deterred by the line -- it moves fast. They give you a TON of food: we made the mistake of ordering a large poutine in addition to our meals but a small would have been so much more than enough. The chicken is tender and so flavorful. The poutine is really special; covered with Portuguese chicken, chorizo, and gravy. And the chicken sandwich was also delicious. Come here if you're in Montreal! Just order less food then you think",/user_details?userid=ZlTBSc5_VPCjD-GgaALQRA,page_007.html,
7,60,Fernanda L.,5,"Mar 25, 2026",Yummy dishes. I have been here 3 times and ordered different things. Each hit the spot and was satisfying. Thanks to the chef for doing a good job. The staff took my special instructions and it showed in the result.,/user_details?userid=NeI9FCOz-EMBpRHIxhGpBg,page_007.html,
7,60,Mike M.,5,"Jun 29, 2024",This Portuguese chicken is amazing. It's a must try if Montreal. The line can be very long and seating inside is limited. Worth the wait though as the chicken is very flavorful. You can see them making it fresh as you step up to order. Half chicken comes with fries and salad. Good portion size,/user_details?userid=WyRLfuHWqLTMuAfUe4cJww,page_007.html,
7,60,Esther W.,4,"Jun 22, 2023","My friend and I were stuck in Montreal and were recommended by a Canadian friend to go try some ""well-known"" poutine. I've never been a fan of poutine in the States, but fully acknowledge I've probably never had high-quality poutine. We read the reviews for this shop and fully expected the long wait. Service was fast and NOT rude (we read many reviews saying they were rude), and we made sure to grab some egg tarts on the way out the door. We ordered the #8 poutine half size and did not regret it. Overall, the poutine was incredibly savory - would highly recommend getting a salad or soda to cut the salt. Each item in the poutine was quality! Fries were crisp (not soggy under the gravy), gravy had a nice flavor, chicken was moist and the skin was a nice touch, and cheese curds were tasty with a nice chew and flavor. Very busy inside on a Sunday afternoon, most folks order and grab takeout. Lots of families too. Friend's Review: ""The chicken was the best thing. Just go and get the chicken.""",/user_details?userid=sSfyKrr5ulV8LrnnNYqBEA,page_007.html,
7,60,Cheryl L.,4,"Jul 10, 2024","The line is long but it moves fast! I had to let a couple people pass me because I was still taking in the menu and the ordering system. You basically get in line and order while youre moving along, then pay once you reach the register. I got a small #8 (came with cheese, chorizo and the portuguese chicken) as well as one portguese tart. The tart was cold but divine flaky goodness. The poutine, while a small size, is probably enough for 2-3 people to split. My favorite part was the crispiness and the flavorful chicken. There are a couple of tables in the area across the street, as well as a park you can take your poutine to eat in if you dont opt to dine inside.",/user_details?userid=u9nxXBOrLCK4qFE_cf7Sdw,page_007.html,
8,70,Jenny G.,3,"Apr 15, 2023","With all the rave, I was really excited to try this for one of my dinner meals. We went at 8pm and yes, there is a long line around the corner.  And yes, it did moved fast. We waited 30 mins. The order system is very chaotic.   First a lady approached you and you tell them your order,  then a second lady comes to you while the line moves towards the register, you tell her your order again shouting on top of your lungs through this opening on the glass.  She packs your order, put it on top of a tray, and then to the register to pay. But by that time, you really lost track, which is your order, and you have to repeat your order over again. It got really confusing, the yelling, the language barrier at least for a first timer. The food, chicken was only ok.  It's not as moist as expected. Actually, dry.  The rave about poutine was too salty and overwhelming.   $3.50 for the Salad was a  fancy little salad. It's got the nice vingarette dressing.  I loved my salad. Came the desert.  The Portuguese egg tart was not what excepted. The filling is not a cream but a custard cake like texture.  Nevertheless, it's not that sweet and love the texture of the crust. Lastly, I also got a flan.  It was overly sweet, and the texture is not consistently smooth. I am glad I waited to try what the rave is about. Otherwise, I wouldn't get to write this review.  For the food and service was OK.  Probably won't go back for the second time.",/user_details?userid=vmeAq-nIYzwPAqGZCsZWkQ,page_008.html,
8,70,Denise C.,4,"Jun 1, 2024","There's  lots of hype on social media posted about Ma Poule Mouillee and I was excited to try it. I was a bit skeptical if it would actually live up to its name. Goodness I was pleasantly surprised to find that this was indeed a very moist fire roasted Portuguese chicken. I am always reluctant to order chicken in an establishment as it's oftentimes dry and overcooked. In my opinion condiments and sauces should enhance what you are eating, not be a necessary addition to revive your dish. If you arrive during peak dining hours, be prepared to wait on a line that extends outside of the eatery. It does go quick though cause  the staff behind the counters are efficient like well oiled machinery. I ordered a half chicken with fries and salad, two orders of a chicken quarter which also came with the same sides as well as a large poutine with chicken, chorizo, cheese curds and gravy. You are also asked if you'd like a mild or spicy sauce which they top onto your chicken. For my after dinner goodie, I got traditional flan, coconut flan as well as a cream cannoli for good measure. They had a nice selection of Portuguese desserts and breads. Additionally I saw two types of flan, and Portuguese egg tarts as well as typical French goodies yum! Entrees are packed in to go boxes as well as your side salads. That is a bonus as I do not like my cold mixed salad greens in vinaigrette touching my hot food. The portions here are generous and you more than likely will take your leftovers to go. There is decent indoor seating for this cozy establishment. Although every seat was taken, by the time I placed my order I was able to secure a table. Be aware that if you are a serious condiment lover, such as myself they do not give you more than one or two tiny cups per entree. When I asked for another small portion of their house made sauce the lady at the counter charged me a dollar. Not sure that is the case for everyone though cause there were plenty others asking for extra. I am guessing it depends on who is at the checkout counter? All in all it was a nice experience and the chicken was very memorable especially the chicken chorizo poutine which they are known for. I would eat there again for sure.",/user_details?userid=cGkvmZ2Dsa7f-hW8effRwg,page_008.html,
8,70,Selina C.,5,"Dec 4, 2023",BEST POUTINE IN MONTREAL. Hands down this was bomb and there is a reason why there is such a long lineup that goes around the restaurant. #8 Bon les portugals font de la poutine ($18) ~ SOOO GOOOD the chorizo was so flavourful and delicious with their roast chicken. The cheese was perfectly melted and the gravy was so flavorful with the crispy fries. The cheese pull was insane and sooo good. Probably the best poutine ive ever had and 10/10 would come back just for this. It was good and delicious. Perfect for sharing as well. They roast the chicken fresh and daily and it makes the poutine 10x better. Overall a place I highly recommend because of how good it is.,/user_details?userid=r3JWy1E49Im9xOQhJ8Nmkg,page_008.html,
8,70,Elaine L.,5,"Apr 19, 2023","I always visit here whenever I'm in Montreal! Love their portugese chicken and their portugese tart! Got their #8. Bon, Les Portugais Font De La Poutine (Poutine with Chicken and Chorizo) and their #1 Le Tony Alves (whole chicken) Portions were massive, and their chicken is seriously top notch! Love how well the flavours work with the poutine. Definitely recommend getting a drink to go with your meal since it can get a little salty near the end. But superb chicken!",/user_details?userid=w2c6Xzt-0ZKMDJ7DYsm9PQ,page_008.html,
8,70,Joanna H.,4,"May 24, 2024","A warm and filling meal for the soul. No frills order and grab your food at the counter spot, expect a line around the corner. It'll be about a 20-30min wait. Their poutine is topped with cheese curds chicken and chorizo - a large is more than enough for 3-4 people to share, it's filling and heavy. The whole chicken is a bit salty and so are the fries/ chicken chorizo combo. Nice to try once while you're in the area! Their egg tarts are yummy but are served cold, they taste much better warmed up in the oven - they're sold for $2 a piece or $10 for 6",/user_details?userid=PwCMU3A6EUqfRl1O5yn3IA,page_008.html,
8,70,Claudine L.,4,"Mar 20, 2023","Huge portions, did not expect the large to be that big. Grabbed the poutine and their egg tart to try. The poutine was really good, maybe the best one I've had so far but it did get a bit tiring towards the end. I find that the sauce was a bit too much. I liked the chicken, it was juicy and had lots of flavour but the gravy overpowered it. I enjoyed the egg tart, it was nice and creamy.",/user_details?userid=LNKfpSlUvXm0mWAXYM2spw,page_008.html,
8,70,Bryan M.,5,"Nov 20, 2023","I came to Montreal during restaurant week and out of all of the delicious meals I had during my stay, this one stood out above the rest. I had seen a picture online of the fish that I wanted, a #8, which is a rotisserie chicken and chorizo poutine, I opted for ""hot"" (more piquant) sauce as well.  I opted for the small size as I wanted to eat a lot more that day and I'm honestly glad I did.  I can eat a lot of food but the amount that they packed into that small, aluminum container nearly had me bursting at the gills; cheese curds are no joke! This was one of those meals where you take a bite and are immediately in another world, where nothing else matters, and all you want to do is keep eating.  At first, I was devouring my meal but as it quickly started to disappear, I knew I had to savour it and make this moment last as long as I could. The inside, though small, had comfortable seating, with plenty of views of the surrounding neighborhood.  Though I thought this place would be touristy, I was eating with locals and construction workers.  Sitting there eating, I felt like I knew a secret that other travelers did not. For dessert, I got two pasteis de natas to really still down that Portuguese flavor. Do yourself a favor and come here.  I am honestly kicking myself that I didn't make it here twice during my four day stay.",/user_details?userid=alr2xk5KBJXHd6zVuEqdDg,page_008.html,
8,70,Vernon H.,5,"Feb 22, 2025","Wow, first time trying poutine and I'm glad I came here to try it. Everything was in french but I managed to order poutine with everything on it. It was a delicious surprise and it surpassed many disco fries I've had in the US. The place is small and busy but the line moves quickly. There is not alot of seating so maybe ask for it to go if you don't find any.",/user_details?userid=-tmZ2Yf4JBzABhTDp5KVTA,page_008.html,
8,70,Danielle S.,5,"Dec 2, 2023","Not too much seating in this restaurant but the food is absolutely amazing! I wished we had another day to go back and get more chicken! We stopped here because of the somebody feed Phil episode and true to what was said in the episode, the chicken is so juicy and flavorful, it's delicious. We were able to order in English and the lady behind the counter gave us suggestions on what to get. Nothing was disappointing. The Portuguese tarts were all very delicious as well. Salads were fresh. This does seem to be more of either a take out or eat quickly then leave, not necessarily a nice sit down dinner place. Definitely in the list to come back here when I visit.",/user_details?userid=60_ey1iNhHZkV6HokWpLxQ,page_008.html,
8,70,Grethel M.,5,"Jul 16, 2024",Best chicken ever!!! OMG The French fries!!! Were awesome! The service is Great! The ambiance excellent! A lot of people but the guys inside the kitchen work very hard and fast   So everyone gets their favorites and enjoy!,/user_details?userid=imKkYeWRZP-XwHfHya3hWQ,page_008.html,
9,80,Viona C.,4,"Sep 27, 2023","I always recommend Ma Poule for their poutine! Their poutine is loaded and there's a hefty amount of protein from the grilled chicken and chorizo. Their portions are huge, so a small could fill you up, but a large makes it easily shareable. Their Portuguese roast chicken is also very worth trying! You can opt for a whole or half chicken. The serving sizes here are pretty big. Most of it comes with a side of fries and salad, but you can also just opt for the chicken alone. It's super tender and juicy! A very good post workout meal There might be a long line sometimes, but it moves rather quickly and the staffs working their hardest. There's ample indoor seating. You won't be allocated any seating. It's more of a cafeteria styled establishment, but I notice a lot of people eating outside as well.",/user_details?userid=qPGCe98rhNpG6JjZ3MO3ZQ,page_009.html,
9,80,Jennifer G.,5,"Feb 8, 2024","If you're looking for a delicious poutine to have and share with multiple friends, look no further. We shared the petite poutine size between two people. If we were hungry and wanting that as a meal, it would still be very filling. The fries remained crisp and were clearly freshly fried. The gravy and cheese curds hit the spot. They also have many other great options with their freshly cooked chicken and a small bakery. The service was quick and the tables in the corner allow for quick seating to enjoy your meal and watch the park scenery outdoors. A great place to stop by for anyone who enjoys poutine.",/user_details?userid=AFc20jNLuzT0GI-lBAUdkQ,page_009.html,
9,80,Jonny M.,4,"Sep 28, 2022","Always stop into Ma Poule Mouillée to get my Portugeuse chicken fix in. We dropped in on a busy Wednesday afternoon (around 1:30pm). Not much has changed other than a small increase in prices. Prices include all taxes. - Combo Veronique (#12) ($15.00) - still a massive portion of fries. Chicken was tender and juicy. Chorizo had a nice kick. Good flavours. Salad is nice to offset the heavy carbs but it's always overdressed. - Nata ($2.00) - light, creamy and flaky. Always a filling, satisfying meal at MPM. Now if only they would offer their poutine in half sized portions.",/user_details?userid=xC-q_yh0XwcjRLimkS3RNg,page_009.html,
9,80,Jonny M.,4,"Sep 28, 2022","Been to MPM a few more times since my original review so I decided an update was in order. It's a great spot to grab food and head over to Parc Lafontaine. We dropped in on a Sunday afternoon (around 2:00pm) and it was busy. We lucked out and snagged two tables at their patio outside. The menu is up on the walls; the menu du jour is a nice change up. They had three options (calamari, mixed combo, beef brochette and salmon). Trip #1 - Combo mixte ($14.00) - such a good deal. You get a salad, fries and meat; chicken (two thighs and a drumstick), pork chops and sausage. I have no idea how you can finish this alone but it's perfect for sharing. Pork chops were incredibly tender, sausage had a nice bit of heat and the chicken was moist. Get it piquant (spicy!). - 4x Natas ($1.50) - still as good and creamy as last time. Totally hit the spot. Trip #2 - Tony alves (#1) ($15.00) - whole chicken. We got it spicy. A little greasy but overall, pretty good. - Grilled calamari ($15.00) - this took forever to come out and it was a really small portion. Quite oily but not bad. Probably not worth the price point. Stick with the chicken. - A salada matilde (#10) ($9.00 large) - we got a large salad without the chicken. The best part was the homemade honey Dijon salad. - Bon, les Portugais font de la poutine ($14.00 large) - poutine with São Jorge cheese, chicken and grilled sausage. This was the best out of three poutines we ate (the other two were from La Banquise). Good fries, good cheese and tender meats. A small ($9.00) is more than enough. - 2x Le p'tit talbot (#5) ($6.00) - chicken sandwich for my cousin's road trip home. - J'adore mon choriço (#7) ($12.00) - an entire grilled sausage. They put spicy sauce on this as well. Good flavour and well spiced. - Pain grand-mère ($4.00 for 12) - my aunt bought a dozen Portuguese buns for home. - Natas ($1.50), coconut tart ($1.50), peach tart ($2.30) and almond tart ($2.30) - had to get my nata fix in! Still so good and creamy. Other tarts hit the spot. Always come back to MPM to satisfy my Portuguese cravings.",/user_details?userid=xC-q_yh0XwcjRLimkS3RNg,page_009.html,
9,80,Jonny M.,4,"Sep 28, 2022","I had a difficult time figuring out which Portuguese place to hit up with my limited time in Montreal. Should I go to good 'ol reliable, favourite Romados or try one of the new players in town? After much debate, I decided to check out Ma Pouille Mouillée as I kept on reading so many great things about them. Located across the street from La Banquise, the inside is actually quite spacious. Several tables to sit at but be like everyone else and take it to Parc Lafontaine for an impromptu picnic. Hours are bomb. Everyday open early and late till 10:00pm! The menu is up on the wall and prices already includes all the taxes! Stand in line and order. It's like an assembly line. As you make your way down, the till is at the end where you can grab drinks and desserts. - Le Louis Cyr (#2) ($11.00) - half a chicken with fries and salad. Portion size is huge! A mountainous amount of fries and chicken. I should mention that I attempted to eat all this by myself - don't try this at home folks. Slather on the spicy sauce. Chicken was flavourful, tender and moist for the most part. Couple pieces of white meat that were too dry. The salad was great and the vinaigrette was addictively delicious - Natas ($1.50) - natas are in the back near the counter so don't forget to order one. Man, I miss good natas. This one was superb. Perfect amount of sweetness, flaky and slightly torched. Make sure you go to at least one of the many, many Portuguese places while you're in town.",/user_details?userid=xC-q_yh0XwcjRLimkS3RNg,page_009.html,
9,80,Mike H.,5,"Jun 26, 2022","Glad we ""chickened out"" and tried Ma Poule Mouillée. With a fun shop name, this is now among the most popular Portuguese chicken rotisseries in Montréal. Despite no lineup in the mid-afternoon, it was still quite packed with happy diners & folks ordering takeout. A whiff of aroma came from the rotisserie as it turned open whole chickens in unison. Staff at the counter happily processed food orders. For takeout, I had their famous poutine with Sãn Jorge cheese, chorizo & grilled chicken. At the pastry display, I couldn't help but try their Portuguese egg tarts (natas). A collective assembly of the shop's best offerings! Egg tarts were loaded with sweet doughy custard and a crackly crust composed of flaky layers. The packed poutine was oozing from the container with toppings. Its pulled chicken was moist with seasoned slow-cooked grill flavour, which was more noticeable than the chorizo slices. It blended well in melted cheeses, gravy & spicy sauce over the fries. I noticed the saltiness of Quebec food along with its bold flavours. For $12, it's amazing that the ""small"" poutine was enough for two meals. Bravo to the owner Tony for turning his passion for Portuguese chicken into one of the most popular cheap eat-outs in town.",/user_details?userid=aKISBNC7TdbERxezc35eVA,page_009.html,
9,80,Alice T.,5,"Jan 15, 2023","Ma Poule Mouillée, can you expand to the US? We need restaurants like this. We ordered poutine and it was one of the best poutines I ever had. The chicken was moist, the cheese curds were plenty, and the gravy soaked in the fries was so delicious. Everything just works for this dish perfectly.",/user_details?userid=w9MpIZYDj5Nc2fKffM11gQ,page_009.html,
9,80,Andy L.,5,"Dec 9, 2023","I came to Ma Poule Mouillée for dinner a while ago and got Number 8: Bon, Les Portugais Font De La Poutine, Petit. The rotisserie chicken in the poutine was excellent. It had nice flavour, quality bits and pieces of chicken, good fries, gravy, and cheese, and everything was good together. It was also an extremely high value meal and the food is enough for two people. This is a must try stop in Montreal and I'd give it 9.3/10",/user_details?userid=6EHUYIyEb-biAOAGRBqEpg,page_009.html,
9,80,Andy L.,5,"Dec 9, 2023","I came here for dinner recently and got Number 8: Bon, Les Portugais Font De La Poutine, Petit. The rotisserie chicken in the poutine was excellent. It had nice flavour, quality bits and pieces of chicken, good fries, gravy, and cheese, and everything was good together. It was also an extremely high value meal as it only cost $11 and I only finished ~half in one meal.",/user_details?userid=6EHUYIyEb-biAOAGRBqEpg,page_009.html,
9,80,Devon W.,5,"Nov 8, 2025","Took forever but was soooo good definitely recommend the poutine and the bakery section, cappuccino was so yummy",/user_details?userid=l8eGDwj2OKKJ9PT2ESFHlg,page_009.html,
9,80,Jeff T.,5,"Nov 19, 2023",No parking and there is a line up great food - worth the 45 minute drive . The staff is really friendly . The place is small and priced reasonably. The chicken is amazing. This one of the best places in Montreal for Portuguese chicken . They have amazing fries. There Peri peri sauce is to die for They only thing is it hard to get a table so prepared for take out. This is a real winner,/user_details?userid=k4xzJyW2FPMvy4TMUs4D0Q,page_009.html,
9,80,Jeff T.,5,"Nov 19, 2023","We were told about this place for great Portuguese chicken in the east end of Montreal. Ma Poulet Mouillee on a Saturday at 7 pm the line is crazy long . It was sure worth the 1 hr drive . The staff is friendly and helpful. We scored  a table and they have Biodegradable Cutlery . We were 2 and decided to order a whole chicken, medium salad  and small fries. The fries are amazing double fried and crispy. The chicken was tender and juicy and seasoned nicely. The Pri Pri sauce was not to spicy and it was great. The portions are large and there was even left overs. This is a sure winner and we will be back. This is where the locals eat",/user_details?userid=k4xzJyW2FPMvy4TMUs4D0Q,page_009.html,
9,80,Danielle B.,3,"Oct 1, 2023","I ordered the poutine and the chicken with fries. The poutine was well seasoned, lots of gravy and was a good price for the portion. But the other meal -- it was dry and lacked flavour. I ended up going back to the restaurant to ask for some extra gravy and hot sauce, which made it better but it was more of a Poule Sechée than Poule Mouillée. Overall, I probably won't come back because I've had better but it's definitely not a bad spot, just not for me.",/user_details?userid=YQO5mxoLYLVTnnoLq2UGxQ,page_009.html,
9,80,Robert S.,5,"Sep 9, 2022","When I am in Montreal, I eat...and eat...and eat....I try as many restaurants as I can, sometimes, just a small sample of each...just so I can savor the particular flavors.... I had heard about this chicken place and I needed to try it.  It's a casual place with a funky menu, so you can pick a meal by the ""name"". Opened to the public since July 29, 2013, Ma Poule Mouillée is a great casual restaurant on Le Plateau Mont-Royal. The history goes like this.....from a young age, Chief Tony Alves was working with his uncle who had a restaurant. From that moment he permeated every movement his uncle baker made and learned every he could. With a dream and a clear idea in mind, Tony Alves did not hesitate a second to open his own restaurant. From then on, chef Alves learned to conceive a very special spicy sauce. For, as the chef says, it is the sauce that makes the difference, because everyone is able to grill a chicken. I really enjoyed this delicious Portuguese chicken roasted on charcoal.",/user_details?userid=F6MPrQ5oxQL2Wq1v5ENDzA,page_009.html,
10,90,Bee E.,4,"Sep 6, 2022","Portuguese chicken should be on everyone's itinerary to try. We hit up Ma Poule Mouillée for a late lunch. It was packed on a Wednesday afternoon with the line backed up to the entrance. Wish they offered a half portion for their poutine. - Combo Véronique ($15.00) - grilled chicken, chorizo, fries and salad. This is more than enough for two people. A massive amount of fries. Chicken was flavourful, tender and juicy. Chorizo had a nice kick. Salad is overdressed. - Nata ($2.00) - creamy goodness. Make sure you get a Portuguese egg tart to try. Come hungry to MPM.",/user_details?userid=-no4pc4mBvC1NtuHdjbaxg,page_010.html,
10,90,Dani A.,5,"Aug 13, 2023","Super duper long lines at both lunch and dinner, try to get there early! Line moves fairly quickly, it's just a bummer to wait in the heat or rain, bring a bottle of water or umbrella Very simple and casual interior. One large table to seat 6 and the rest are bar seating around the perimeter. Try to decide on your meal while in line, the staff taking your order don't speak much English so you'll need to give them a number. You can customize your order with a bunch of sides. I highly recommend the potatoes over the fries. They are LEGIT. The roast chicken was solid, like a fancy pollo loco. The hot sauce is a $1 but is worth it for that extra kick. It's not very hot, just adds some nice flavor.",/user_details?userid=9aokm6N6ijy3-1g7GY0n1Q,page_010.html,
10,90,Dan I.,5,"Oct 11, 2023",Honestly the best poutine i had in Montreal. Chicken js so flavorful and the addition of portuguese sauce is on point. Natas were great too. I miss this already. Must visit in montreal,/user_details?userid=VXXYXz9Lbp-iWIKOOuvbcg,page_010.html,
10,90,Carolin T.,5,"Jun 17, 2025",Best chicken salad I ever had! The chicken is excellent. Our tour guide recommended it. Great choice!,/user_details?userid=EA4SJdMssR8-RK-xofolFA,page_010.html,
10,90,Lakshay V.,5,"Nov 21, 2024","Absolutely fantastic. I had the half chicken with rice and potatoes, and the flavours were just amazing. The chicken came off the bone so nicely, and the rice and potatoes were extremely delicious. The place itself is nice on the inside too, and the server was quite helpful in explaining their most popular dishes. It was awesome seeing the chicken being made as well right as you walk in. Highly recommend!",/user_details?userid=zpm0DRKbHBRkcJUQF3wP-g,page_010.html,
10,90,Dianna H.,4,"Mar 28, 2022","We walked by this place on our way to the park and saw a line outside, so naturally I looked it up to find out it was a Portuguese roast chicken place. I've never had it before and decided to give their takeout a try when we got the chance. My friend and I came by to pick up some dinner on Saturday around 7:30, and it wasn't too crowded. They have some tables for seating, but it's nothing fancy as this is a fast casual type of place. Looking around, I noticed that all food, whether it's dine-in or to go, is served in takeout containers. They serve their chicken in a variety of ways - by itself, with side of fries and salad, in poutine, etc. We ordered half a chicken ($8.27) as well as a small poutine ($9.57). Typically their poutine uses both chicken and chorizo, but we asked for chicken only to accommodate my friend's diet. I definitely liked the roast chicken more than the poutine. The skin was very flavorful, just not as crispy as I like since the chicken was served with some juice in the container. I was also expecting a more fragrant roasted flavor. The poutine was just okay... keep in mind, though, that I am not a poutine kinda person, and we didn't eat it until maybe 30 minutes after getting it, so the fries were a bit soggy by the time we ate. My favorite part of this dish was the gravy. I enjoyed the chicken and am glad we tried it, but it wasn't different enough from other roast chicken for me to come back.",/user_details?userid=epPsJevS8chv-tvxYDCSew,page_010.html,
10,90,Doris K.,5,"May 8, 2025","We ordered the poutine, chorizo and rotisserie chickens and they are so good and serving sizes are generous too! The chicken was moist and crispy!",/user_details?userid=cN6on8d9j4KmOssaQ2jcJg,page_010.html,
10,90,Yvonne Y.,5,"Jul 31, 2024","Such amazing poutine with chicken and chorizo.  Chicken is a must!  Two large poutines is enough for 6 people as whole dinner. Get it to go, sit at park and chow down.  Nata is great as well.",/user_details?userid=qruOUB36ZPf9zztkemL2pw,page_010.html,
10,90,Glenn O.,5,"Aug 4, 2023","I learned about this restaurant from a show on Netflix and I walked 3 miles to get here from my hotel. This place was my first experience with poutine, and unfortunately I don't think that any other place will be able to live up to the taste of Ma Poule Mouillée. I got the large number 8 spicy, the chicken and the sausage were amazing. Be prepared to wait as the line was around the corner, the service was quick but the space inside is limited. All worth the wait.",/user_details?userid=HMALUsZqGO4oOPAQIewNLg,page_010.html,
10,90,Michelle V.,2,"May 9, 2023","Came here for dinner after a road trip from Toronto. There was a huge line out the door, even as there was freezing rain and 20°F weather. I already wrote this spot down when I researched places to eat in Montréal, although a convenience store owner nearby also named this shop as a recommendation. We waited around 20 minutes in line. Inside was packed, probably due to the weather, but also it just seems like a really popular spot to eat chicken. I noticed a lot of people were eating family style. We ordered at the counter and picked up our food as we paid by the cashier. We got a half chicken, a couple of salads, and a poutine. We got the egg tarts for dessert. Everything came out quickly. The bag and containers itself was quite oily. The chicken and poutine were incredibly salty. It was distracting from the actual flavor of the food. It's a good thing that we ordered those side salads because I don't think I would've gotten through the meal without it. The portion was also more than enough for our small family to share. I wish the meat was juicier as well. The best thing we got was the egg tarts. I don't know if it was bad luck, but I would not go here again based on this experience alone. I hope it was bad luck. It was not worth waiting in the freezing rain for.",/user_details?userid=2PeqtdiehYm82TXymQUGow,page_010.html,
11,100,Seisei T.,4,"Jul 28, 2024","It's always funny to experience what Montrealers think of as spicy. Either they forgot I wanted my sandwich to be spicy or, true to form, it was just very wimpy err subtle. I mean subtle. The chicken here is good. 15 minutes in line good? Sure. 30+? Nope. But the reason to come is actually the pastel de nata, which as good as what you can get in Portugal. I'd come back here in a heartbeat for one of those.",/user_details?userid=a1KPLYdziQ_t4iywrYcfKQ,page_011.html,
11,100,Krystal C.,5,"Sep 9, 2025","Delicious food. Incredibly busy, but I would honestly drive back from Connecticut USA just solely to eat here. My husband's family is from Portugal and they gave it all thumbs up as well. I will be dreaming of this food for years!",/user_details?userid=ox3-ZhRWKQ_kfRySQpQ--Q,page_011.html,
11,100,Namron L.,3,"Jul 10, 2024","Got the whole chicken #1, poutine #8, strawberry tart. Chicken is juicy, not dry, but no smoky flavor. Poutine & tart are both good. Cramped restaurant, 1 bathroom, English menu is towards middle, small, taped to plexiglass.",/user_details?userid=rPvysM9tN_hjXPUukMdHeQ,page_011.html,
11,100,Jon N.,5,"Sep 2, 2025","We're from Las Vegas and despite many trips to Canada, we've never tried poutine. This restaurant was featured in Netflix' ""Somebody Feed Phil"" and looked like the place to start. We got poutine, salad and whole chicken to go. The service was quick. The prices were reasonable and the portions are huge. The salad is basic   The chicken was moist and delicious. The poutine was MUCH better than I expected. I will have to do two hours at the gym to atone.",/user_details?userid=gMf1XLYxPrOmMZB4VbNemA,page_011.html,
11,100,Tom T.,5,"Jul 21, 2024",Chicken is simply fabulous! Be prepared for a long line - take it to go as seating area is a bit limited. Delicious roasted Portuguese style chicken. Keep it simple and appreciate the quality of roasted chicken! Parking is tight but you can find spots in the sides streets,/user_details?userid=2jzGQpfhMP4L9YA--yKpQg,page_011.html,
11,100,CT M.,5,"Jan 10, 2025",The best Portuguese chicken on the planet Plateau -- hands down. Generous portions. Worth lineup when there is one.,/user_details?userid=aYL7qtwOMdzYayaddq_Hnw,page_011.html,
11,100,Jasmine L.,4,"Aug 17, 2021","Holy moly, $15 large poutine you get a MASSIVE mound of juicy Portuguese chicken, just the right amount of REAL gravy over perfect poutine fries and melty cheese curds. Pleasantly surprised with this find! I also noticed the chicken in the poutine was done/seasoned 2-ways, there was thin slices of (dry rub?) seasoned chicken & then there were pulled apart pieces from a whole Portuguese roasted chicken. We also tried their almond pasteis de Natas which had a more eggy clumpy texture. It was ok.",/user_details?userid=KozoBTm9_mTRxtS7CTl4Ag,page_011.html,
11,100,Jungki K.,4,"Aug 20, 2024","Long wait, sweet result! There is no many table, so just recomand to go better, English menu is on the wall, inside :)",/user_details?userid=5q0CvpzH8A7R9TAexqwl_w,page_011.html,
11,100,W C.,2,"Jul 3, 2024","Our one and only Canadian poutine experience was a bit of a let down. We came last night, and luckily there was no line, so we ordered--ahem, *tried* to order--the poutine with chicken and chorizo and a small green salad. One of us speaks French, and was literally enunciating in a crystal clear manner, ""POUTINE AVEC POULET ET CHORIZO"" but they were completely befuddled and then tried to claim that they didn't make a small salad, which was right there on their menu, which one of us pointed out. So, not the most welcome introduction or experience. You work your way down the line and pay; the woman at the register was literally standing there eating a yogurt while we were waiting, so don't set those customer service standards too high--it doesn't get better. When we went to go sit down, every single spot was completely filthy and we had to wipe down the tables ourselves. Getting to the actual food: the salad was an afterthought, with a heap of dressing tossed on top in a pool, so, non merci. The ""celebrated"" poutine was only OK. The chorizo tasted cold and bland and more like a hot dog. We liked the gravy, but it seemed like there was a trace of something sweet in it which we did not appreciate. The chicken was good, but there were massively large and unappetizing pieces of chicken fat thrown in there, and everything was just drowning in the curds and sauce, etc. It was too much, and not in a good way. We were debating whether to go to the other famous place across the street and really wish that we had! Do NOT recommend. 2.5 stars, rounding down.",/user_details?userid=2zU9z4EpDAfsmBO9FN-F-A,page_011.html,
11,100,Adrienne F.,5,"Aug 1, 2024",So good. Best Portuguese chicken. Clean and nice interior. Service somewhat slow but worth the wait.,/user_details?userid=sFd7LPCMZ99tQ4kSCKHR0g,page_011.html,
12,110,Harry X.,5,"Apr 9, 2024","Hands down the best poutine I've ever had. The enhancements they add here (chicken, sausage) strictly enhance an already great dish. The smokiness and savoriness of these added elements add further depth, and extra protein to boot. The portion size for the large is quite generous, so definitely shareable. This place is bustling, but the staff is efficient with taking orders so don't be intimated if there's a line. Finding a spot to sit is tricky- if coming with other people I recommend dividing and conquering by having someone snag seats while the others order food. A must-try if you're in Montreal!",/user_details?userid=3YHWbvEoE-m3CAFgSMAteg,page_012.html,
12,110,Roldy N.,5,"Jun 30, 2023",Chicken breast Poutine Salad Sauce Rice Dessert Everything is good and healthy and delicious,/user_details?userid=q0w1X26vwsy60rh58YiV3A,page_012.html,
12,110,Alycia S.,5,"Feb 13, 2025",Great portion for affordable price! 10/10 The place is kinda small but the food is delicious. Would def come back when I come visit Montreal,/user_details?userid=NnfZmJufYLR8bu2VBYnpag,page_012.html,
12,110,Karolina M.,5,"Oct 4, 2023",The line to this place was out the door and there's a reason for that. My fiancé got of course a chicken sandwich which he absolutely raved about. They are known for their chicken and poutine so getting one of the two or both is a must. For myself I got the calamari and the veggie salad which also delivered. The nonstop line and crowds of people tells you everything you need to know!,/user_details?userid=WSAWt6USRwofsHTPUsYeoQ,page_012.html,
12,110,Lam L.,4,"Jun 12, 2023","This was a very satisfying lunch. We ordered the Chicken sandwiches, Half chicken, Poutine, and Portuguese tart. The roasted chicken had a deliciously fragrant and flavorful skin, and the meat was juicy and full of flavor. The kitchen's on-site roasting technique really added to the flavor of the chicken. The chicken sandwiches were also very juicy and flavorful. The Portuguese tart was more solid compared to the soft, warm, custardy ones found in Asia, but both are unique and worth trying. The poutine was a classic sausages version and met the expected standard. The portion sizes were very generous, and we couldn't finish it all. So, if you have to choose, definitely start with their chicken, which is really flavorful and juicy despite being dry. Overall, it was a great lunch, and we highly recommend trying the chicken and Portuguese tart.",/user_details?userid=cnVjLXS3n2O4rmzSdkRfcQ,page_012.html,
12,110,Chloe C.,5,"Mar 29, 2024",No stop in Montreal is complete without a taste of poutine. Stopped by here on my last night and so happy I did. Not many people know about this place cause they are so fast to scurry over to the poutine place across the street due to popularity grown through Tiktok. Ma Poule Mouillée serviced superfast with friendly customer experience. I ordered their big plate of poutine to share between me and one other person. Definitely worth to check out!,/user_details?userid=VovNxx-Y14zy0OKOBIIGpg,page_012.html,
12,110,Joshua Z.,5,"Jul 13, 2024","Best rotisserie chicken I've ever had hands down. Fall off the bone. Insanely flavorful spicy sauce oozing through it. Like it had been marinated for decades in this sauce. Oh and these fries holly cow. Crispy but flavorful. Dipped in the sauce with a bite of the chicken. We went to Michelin level places on our trip in Montreal and this was the best bite. They do poutine too, but I have to recommend the half chicken and fries you don't need any other flavors than that.",/user_details?userid=997cXdJeC8dDma5myyEfQQ,page_012.html,
12,110,Holly C.,5,"Oct 15, 2023","Got the small #8 which would have been plenty for two moderately hungry people. Everything was absolutely delicious, the fries held up and remained crispy despite all the toppings, flavors were incredible. Though there was a line it went fairly quickly and was quite efficient!  Excellent place.",/user_details?userid=HwAPzL85YHjK59eztLUfXw,page_012.html,
12,110,Danan R.,5,"Jul 2, 2022",This is a must-visit for peri peri chicken in Montreal and the Portuguese egg custard tarts which were a surprise and delight. Be sure to know what you want as you get in line to keep things moving along - the line can be long but it moves decently quickly. My go to is the half chicken with fries and salad and the poutine which comes with a nice savory gravy. Portions are very very generous so an entree can likely last 2 meals. Be sure to grab a few egg tarts after - just trust me on that.,/user_details?userid=ouODopBKF3AqfCkuQEnrDg,page_012.html,
12,110,Charles S.,4,"Oct 19, 2022","I did not know that I love Portuguese roast chicken -- until I tried it.  Not in Portugal, but in Montreal. Ma Poule Moullée makes one thing -- roast chicken -- and the've perfected the process.  Great food.  The pier pier sauce is lovely and spicy -- so spicy that it's un-Canadian.  Inexpensive. Super fast service. Huge portions. The eating space inside is pretty ""rough and ready"" as Paul Hollywood says. It looks like most people are picking up to take the food with them. Did I mention the portions are huge? The leg quarter comes with a huge salad. huge amount of fries, a thigh and two drumsticks.  Unless you're a teenager, it's enough for two.",/user_details?userid=0MeivhX0kZCfV3zMtHtk9Q,page_012.html,
13,120,Linda P.,4,"Dec 6, 2020","Whoever associated Canadians and maple syrup was wack because Canadians don't really eat that ever. Poutine? Definitely. La Banquise is just across the street and we can have a war about which is better but you can't go wrong with either :) Torn because I love them both --- Ma Poule Mouillée is definitely known for their chicken. Combine that on the poutine with chorizo, gravy and cheese curds, and you've got a hella good combo here! I liked La Banquise cheese curds and gravy a lot better though. Like I said, can't go wrong :) Portuguese egg tarts were amazing though, couldn't stop myself for getting just one!",/user_details?userid=ZXyGw3Z1DyhK1sfNtpcyYA,page_013.html,
13,120,Paula C.,4,"Dec 7, 2023","When in Montreal Poutine is a must! One that truly stood out in my research for great poutine was Ma Poule Mouilee!! The restaurant is popular with constant lineup, but they are very quick. I got in within 15 mins wait. What is unique about this place is they don't make any poutine but one that is topped with freshly grilled Portuguese chicken shreds and chorizo too! It was absolutely poutine heaven!  The grilled chicken was so tender and juicy and there was so much gravy and cheese curd every single bite of fries had just enough of it! Portion was HUGE! With the regular size for $18 the two of us barely managed to finish it! They do have a petite option too that is not so petite at all and would be great for sharing too for those who like to eat lighter.  Not only do they have poutine and chicken but several Portuguese desserts too! I was very tempted but had to hold back because I was just too full. This will definitely be a place I would revisit when I come to Montreal again.",/user_details?userid=uxfSeNwFqmC_GgDOm_LosQ,page_013.html,
13,120,Kevin Z.,4,"Dec 31, 2022","The line was very long even at 5:30pm on a weekday, which surprised me. Cannot imagine coming here on a weekend night during prime dinner hours. The poutine was great, if just slightly too salty. The chicken was great but it's covered in way too many fries. The chicken was barely visible under the pile of fries as you can see in the attached image, but it was some of the best rotisserie-style chicken I've had. I ate the extra fries with the poutines as a starch to help season the fries and offset some of the extra sauce/saltiness in the poutine. I do want to mention that the poutine wasn't overly salty, but I can definitely taste the salt.",/user_details?userid=etzAP3k7bHXgTLzVsm81gw,page_013.html,
13,120,Jorge Daniel S.,5,"Jun 1, 2025","Best poutine ever in the whole city ! The chicken is excellent, probably the best as well. They should buy the building next door to expansion the place because it's always super crowded (that's because it's so good). I highly recommend it",/user_details?userid=nK0tZ1Fm9cOOj8lUs9b5Hg,page_013.html,
13,120,Elle V.,5,"Sep 12, 2023",Food was great. Can definitely understand why this is a Montreal fave. The line can be a good wait but it's definitely worth it. Menu is on the wall and once you order they are pretty to get your food and pay. This is very casual dining with limited seating inside. Overall a good lunch choice. #8 Poutine Large is a good size for 3 people.,/user_details?userid=LPEnmUMSh1inzxTcY6a8Vg,page_013.html,
13,120,Madeline R.,5,"Mar 7, 2024",My first poutine ever! It was so yummy. I loved that it wasn't too hot and everything was balanced (not too much gravy) Quick to order. So much food.,/user_details?userid=nCFvlVC8tpF_XNVoyy1j0Q,page_013.html,
13,120,Megan H.,5,"Jun 20, 2023","If I could have any single meal in Montréal again, it would be this chicken. The sauce was spectacular and you can taste the char from the coals the chicken is roasted over. The fries are perfect sopping up the sauce and the tang and acidity of the salad cut the fat perfectly. Sure the line is long, but it moves quickly. Absolutely perfect.",/user_details?userid=90C9vIQ8Gv00YH4K9OhOwQ,page_013.html,
13,120,Jeff M.,2,"Jun 1, 2025","Sadly, the poutine was cold and limp.  Asked for spicy and got regular. Advice: stick to the chicken, fries, and salad.  My wife had it and is was stellar.",/user_details?userid=YOurIq6NTwXsBcyqRjI8Xg,page_013.html,
13,120,Lanai L.,4,"Oct 12, 2024",Fabulous food! The place is tiny so it's more a take out place than a sit down restaurant. Get the egg tarts since they are AMAZING and super affordable!,/user_details?userid=hQ8OSL4e5CyiSa5BO9tBvQ,page_013.html,
13,120,Anthony F.,5,"Apr 16, 2022",This place is tuned like a fine oiled machine. U get in and order within mins and get your food quick. We got the #2 and #8 and ended up being too much food for the 4 of us. Would recommend the food for sure. Service was excellent and quick.,/user_details?userid=LPyqtU4InEj9Ps6i69hUsA,page_013.html,
14,130,Rachel M.,5,"Dec 29, 2019","I arrived in Montreal for the first time in 5 years and this is the first place I went. Brilliant choice because it started my trip off VERY right. La Banquise is across the street from this establishment and many will say that's the best poutine in Montreal but they would be wrong. VERY wrong. The best poutine is at Ma Poule Mouillee and for $12, you get a whole lot of it so bring your friends and your appetites! Chicken, sausage, curds, fries, gravy, sauces, delicious! Everything else is great. Their chicken is delicious and for me, superior to one of their main competitors, Romados. It's just so flavourful and juicy and everything you'd want from Portuguese chicken. The salad and potatoes are also solid. I really don't think you could go wrong with anything here, especially when you consider that they are quite inexpensive. They have a knack for flavours and they deliver excellence every time.",/user_details?userid=y1l58D4hgMfpYGIwu5dWhQ,page_014.html,
14,130,Stephanie Z.,4,"Oct 14, 2021","Excellent food! had to stop here on my Montreal train!! We got a small poutine to share, with a side salad, and fries. We also ordered half-chicken with fries to go (midnight snack). The food was amazing and fresh (line out the door). For $15, you get a massive amount of juicy Portuguese chicken, just the right amount of gravy over the perfect poutine fries and melty cheese curds. There is a spicy version of both the poutine and the chicken, but I did not find the spicy chicken to be spicy. The to-go order was def. a good midnight snack meal. The lines move very quickly, and you def. get your money's worth of food here.",/user_details?userid=XbqXrkcwd1crOAB--izRlQ,page_014.html,
14,130,Edgar M.,5,"May 3, 2022","I've been coming here for years! This place never disappoints! I mean ever!!! Regardless as to what I take, it's always delicious! This time was no exception! The staff is quick with your order, efficient, lots of seating at the restaurant. It smells so good going in (yes my mouth is watery at the moment). Bring your family, bring your date, you'll be taken care of!",/user_details?userid=KIBnDrvylvrvhr4Ow6OIAw,page_014.html,
14,130,Elwood T.,2,"Apr 2, 2022","Ma Poule Mouillée was recommended by many people as one of the best poutine places in Montreal. However the wordplay in the name was not true. Maybe there wasn't enough foreplay but it was not ""mouillée"" (wet/juicy). To begin, the line was extremely disorganized. Staff inside were inattentive and were too busy talking with one another than actually helping out customers. A simple pickup order that we called in in advance took over 25 minutes to pick up! The poutine itself was fairly generous as its stuffed with fries, cheese, chicken, sausage topped with gravy. However, everything was fairly cold, luke-warm at best. A good poutine should be piping hot leaving you with a slight burn on the roof of your mouth. The chicken was lacking in flavour and dryer than your crush from grade 6. I'd even say the rotisserie chicken at Costco packs more of a punch. And don't get me started on how much cartilage and bone I had in the poutine as well. Choking from a poutine is probably one of the last things you'd expect but guess you can never be too careful. I had really high expectations for this place and unfortunately it was a let down. I'm hoping this was an isolated incident as others seem to have had a great experience. But if you're doing a food crawl for the best poutine in MTL, this wasn't it. 2.4/5",/user_details?userid=S3h-0vC4OwyahD0idAIdRQ,page_014.html,
14,130,Misha R.,5,"Sep 13, 2024","Whole family enjoyed - chicken was amazing, sausage was great! Very little seats inside, but food quality is on point!",/user_details?userid=WNpl2hrBU_Ep8JgWHu0Ayw,page_014.html,
14,130,Dustin M.,5,"Dec 2, 2023",Amazing food and service! Visiting Montreal and this is the place everyone says we must have. Lives up to the hype,/user_details?userid=_aRR3Z3TNyUzex1PlmKe_g,page_014.html,
14,130,Kelly C.,5,"Oct 1, 2022","The famous portuguese chicken poutine! The portion is literally massive with a very generous amount of meat - the chicken was super tender & juicy! The cheese curds & gravy also had great flavour  def worth trying! Ps. all prices include tax & even if the line looks long, it moves pretty fast!",/user_details?userid=Xx5VRlXsfl9ZLv2CeSC6og,page_014.html,
14,130,Jenny X.,5,"Jul 2, 2023","Great food at a good value. My friends and I shared two poutines and a salad. Everything tasted great, filling, and left us feeling satisfied. The chicken was the highlight in the poutine and salad. Don't expect anything to be healthy, but that's not what you're coming for anyway, right?",/user_details?userid=GxzhQZokFig02SwfVhGQlA,page_014.html,
14,130,Chuck F.,5,"Aug 30, 2023",Line out the door and around the block but worth it! Place is organized chaos but menu items are pretty fixed. They no longer have rice so fries are the only side. We had half chicken and chicken salad. Both were excellent although the chicken on the salad had more skin than meat.,/user_details?userid=uveVLkTcAcYzekvNW11g_Q,page_014.html,
14,130,Nataly N.,4,"May 25, 2019","I think I made a mistake trying to be healthy(ish) here by ordering the grilled chicken and chorizo salad (Salade Mathilde). It was HUGE! And I think there was way too much meat for it to truly qualify as a ""salad."" It's probably meant to be shared between 2 people or one very hungry athlete! There was a good amount of lettuce and freshly-cut onions, carrots, and peppers, as well as a generous amount of sliced chorizo and grilled chicken (looked like both light and dark meat). It was definitely good value for less than $15 with tax. There were a few things that didn't make this the ideal dish to get here, however... While the chicken was nicely marinated, I felt there was a bit of a flavor clash between the chicken, chorizo, and salad dressing. Potatoes would probably have paired better with these meats. Also, the chicken tasted a bit cold and dry. I saw them cut it fresh, but I think they had grabbed it from a pile of ready-made chicken that was already off the grill. Overall, great value, quick service, and friendly staff, but I'd maybe recommend prioritizing the warm dishes rather than the entrée salad.",/user_details?userid=vCUeFAY774VtmpszX9hyGA,page_014.html,
15,140,Abby R.,5,"May 9, 2023","We loved the plateau neighborhood, where this Portuguese chicken shop is located. The line moves quickly; and be sure to look at the chalkboard menu while you are waiting so you are ready to order. We ordered a lg chicken poutine and a side salad. The flavors in this poutine are very rich- explaining why we shared an order. We also were able to secure barstool seating (this place is small). It might be harder to get seating for a party bigger than 2. I did not try any of the desserts that they had on display, but that's what next time is for!",/user_details?userid=jp1YRQWxuuE43mso6wiWlA,page_015.html,
15,140,Diana L.,5,"Oct 13, 2024",The chicken was soft and tender. We got one plate and it was way more food than we can eat for Two people. I would probably get a quarter chicken next time along with the poutine dish,/user_details?userid=AKQBo9PFWl1hkBtui7Anuw,page_015.html,
15,140,Celest M.,5,"Sep 13, 2023",The potatoes are too DIE FOR! I was a tourist visiting Montréal for the first time and it did not disappoint! The sauce and seasoning that is in everything is SO delicious and flavorful. The staff kindly helped my family and I since we don't speak French. The little tart desserts were yummy but the chicken itself and potatoes were the star of the show. It was packed in there but we did not have to wait long at all. I would 100% recommend.,/user_details?userid=qsuRO_DYTcRlmyaGoL8b9w,page_015.html,
15,140,Aliyah L.,5,"Nov 3, 2022","Woooooow I love this place!! When we approached the restaurant, the line was out the door; however, Ma Poule does a good job of keeping the line moving and the wait was not long at all. My mouth dropped when I saw the portion sizes. THEY'RE HUGE!! And not only are the portions humongous, but the flavor of the chicken is nicely roasted and also juicy. We heavily considered bringing some of the sauce home cause it was that good. Definitely get some pastel de nata to eat after your massive meal. It's a sweet, custardy treat that hits the spot.",/user_details?userid=N259WGaBUah_mQcFMkv_iA,page_015.html,
15,140,Kelly G.,4,"Aug 12, 2022","Beware of the massive lineups! A large poutine is MASSIVE enough for 2-3 people! Don't think about tackling this behemoth solo! MASSIVE portions, juicy delicious chicken bits paired with sliced sausages, drenched gravy and cheese curds. No more poutine anytime soon! Unfortunately they lost my order and I had to wait 15-20 min to get my poutine but I'll give them a pass given how swarmed they were.",/user_details?userid=OcWOiQul5ycDMqxmkoVdQA,page_015.html,
15,140,Khadija R.,4,"Oct 20, 2023",Best poutine in Montreal! We got the chorizo and chicken but I would just get chicken if I were to come again as the chorizo was nothing special. The gravy is incredible and they don't skimp on the chicken which is justifiably worth the wait in line. Saw someone get the spicy version ahead of me and would also love to try that. Stop reading go try this!,/user_details?userid=k9WYD8FE6oxfM-EDMXSq3g,page_015.html,
15,140,Michelle R.,4,"Mar 14, 2023","I completely forgot that Ma Poule was on the Netflix show, Somebody Feed Phil until I was in line and heard someone mentioned it. I initially came because I had read reviews about Portuguese egg tarts - aside from reviewing boba places around the world, I'm also down to try Portuguese egg tarts everywhere I go (if it's sold). Anyways, to get back on topic - Ma Poule is fast paced! I ordered number 14 and asked to not have fries. Which was a mistake on my part. The staff seems to speak more French than English. She thought I meant to add the Poutine, which they're known for. I then tried to explain in my limited french that what I meant was no poutine and also no fries with the chicken. That lead to even more confusion as she couldn't believe I would just not accept the free fries that came with the chicken. TLDR - I just accepted my fate of the large amount of fries that came with the chicken. The chicken is phenomenal, there's no denying it. I recommend that you should have someone on standby who LOVES fries because half the box was just fries. My friend and I were shocked by the quantity. Sadly, the Portuguese egg tart did not live up to people's review. Too sugary and too chewy, like they didn't beat the cream enough or something. I was really disappointed. Skip the egg tart but not the chicken!",/user_details?userid=rsok3chVJfLAj-FErTwOEQ,page_015.html,
15,140,Anderson D.,1,"Sep 4, 2024","Over-salted poutine that was just one note, and sadly that note was salt, and that's coming from someone who likes salty food!",/user_details?userid=F3OP2NXMxw5wcObsmoi_RQ,page_015.html,
15,140,Jenny H.,5,"May 11, 2023",I still dream about the food I ate here. I ordered the poutine and the chicken and sausage salad. Both were amazing. Everything was made to perfection and the portions were huge. I split everything with a friend and we had enough leftovers for dinner. I totally recommend the poutine and the chicken salad. The sausage was good but they gave us too many and we ended up not finishing. Also don't forget to order a couple of the Portuguese tarts for dessert. You'll want at least 2 so don't just order 1!,/user_details?userid=p5rzlV4u1ohRpOaq81wy1w,page_015.html,
15,140,Michelle O.,5,"Sep 4, 2019","Affordable, delicious and generous food. Self-service style. Waited in line for about 15 minute. Place your order, pick it up and pay at the cashier at the back of the store, then grab any open seats. Got their #8 large, which is poutine with chorizo and chicken. This can be a meal for 4. This item is 80% fries, so if you are looking for more protein, I suggest going for their other items. Next time, I might get their #1 whole chicken or #11 chicken, chorizo salad.",/user_details?userid=5m-Vrz3Y5bfMktZwpJpM2A,page_015.html,
16,150,Gianna C.,4,"Nov 26, 2021","We saw so many good reviews for this place and walked by pretty often, so we knew we had to try it. As there was no English menu, we struggled a bit to figure out what to order but it all worked out with us eating well in the end. Once you enter, you go up to the counter to order and you watch them chop up your meat before you pay at the cash register. The chorizo didn't taste like regular chorizo -- it had somewhat of a tomato-based flavor and was more dense (less chewy) than I expected. Still yummy though, just different. The chicken (as everyone else in the reviews have said) is amazing -- super moist and tender and delicious. The sauce is incredibly greasy, but hey, that's definitely what makes it so good! Just make sure to grab a bunch of napkins to eat it with (ask the cashier for plenty)!",/user_details?userid=4_-IaqLi67c_eVfN-y7ClA,page_016.html,
16,150,Zan D.,5,"Jan 13, 2023",Came here when I was in Montreal for two nights and was blown away. When we arrived there was a line around the corner and decided to wait - thankfully. Everyone in my group ordered either the poutine or chicken and I split both with a friend. We got the spicy which wasn't hot but added some really great flavour. The poutine was the favorite. It has that perfect combination of salt and fat that is super addictive and delicious. It was also covered in chicken and chorizo. The chicken was also incredible. It was super moist and the drenched in a great sauce that reminded me of a less spicy and more seasoned buffalo sauce. The portions were also huge. The large poutine and whole chicken provided more than 3 meals worth of food for me and my friend - and we eat a lot. Haven't tried the other chicken spots(a friend from Montreal claims Cote St Luc has the best chicken straight up) but this spot was one of the highlights of the trip. Easily some of the best chicken I've ever eaten.,/user_details?userid=T7ffb5waNTikng3NhbKZ8Q,page_016.html,
16,150,Jenny L.,4,"Nov 30, 2021","Based on the reviews, we decided to come here first over la banquise . We ordered the number 8 bon les portugais font de la pountine (portugese poutine) that has cheese curd, chicken, gravy, and chorizo. The petite for ($11 CAN) was more than enough. This was a take-out item. The consensus was the chicken was the highlight. It was soft and tender. We preferred the fries here over la basquite's more as those were over fried and thin. I found the culmination of the gravy and chorizo to be too salty. The real dish is just to get the fried portugese chicken, nothing else. Next time, I'll be sure to just get that instead.",/user_details?userid=_UxAuAaa2fSS3EIdsXTH7w,page_016.html,
16,150,Nathan N.,4,"May 27, 2019","My mother and I were stalling from checking into our AirBnB so we stumbled upon this place. Poutine is the food symbol of Montreal and so, my mother and I must of course sample it, and this place was very promising. I expected a long line and there was. We were thankfully not forced to stand outside, but the line was to the door, though that may be because of the set up of the restaurant that had people standing in line with the door. The line moves fairly quickly though as the people working here have a great assembly process that you get to watch live. There is inside seating, though with the busyness of the place, I wouldn't rule out ordering to go. I opted to order the ""Bon, les Portugais Font de la Poutine,"" which I called the ""Number 8"" because I was afraid of butchering my French pronunciation in my first day back in a Francophone area. I ordered the large which was a large plate that was plenty to fill the stomachs of both me and my mother. The cheese bits were tasty; the gravy was rich and soaked the fries well so that I didn't have any plain fries (plain fries are a a bit of a nightmare for me by the way); the chicken and sausage offered a meaty dimension to the poutine. It was a decent poutine! The last bite was amazing because I amassed enough cheese with the meat and potato  that created an excellent flavor and texture combination. You can opt for a pitcher of water for the table if you don't buy the water bottles (which you shouldn't because water should always be free). The menu looks fabulous and if I had more time up here, I would come back to try the other options.",/user_details?userid=GBHgHiYLASLNUE-bELxp0w,page_016.html,
16,150,J F.,3,"Jun 28, 2024",Chicken for all the hype was meh.  Flavor was there just not very strong/ had the whole chicken and some of the white meat pieces just got left flavorless. .  Loaded Poutine would also be mid for me. The egg tarts are definitely a must have.  Somebody Feed Phil choices so far don't compel as much as Anthony Bourdain.  Duh.,/user_details?userid=kX9s9wn5PSRvTr0bMEwfOg,page_016.html,
16,150,Helen H.,4,"Nov 13, 2021","I discovered this place thanks to ""Somebody Feed Phil."" We came in during lunch and it was quite busy, but the line moved steadily forward. We ordered the half chicken which came with fries and salad. I enjoyed the moist chicken. I only wished it was spicy.",/user_details?userid=ep8NBpLx5cfwy2CaE7cG4A,page_016.html,
16,150,D'Arcy L.,5,"Dec 6, 2020",Still my fave chicken- fries- salad cheap eats of MTL. The vibe is different. Covid has made it a much more sterile experience as it is takeout only. It is hard to hear the guys working behind the counter plexiglass. You have to yell pretty loud. Also they can't hear you well so speak up when ordering. *****Only one person allowed in the restaurant per party. So do not come as a two people or more as they will deny you and you will get mad. I saw them enforce the rules and the guy in front of me looked pretty upset. The chicken is still the same flavour as I remember. Light charcoal taste. Amazing sauce and fall off the bone tender. STILL THE BEST!,/user_details?userid=41kMyI1BfOTyIIAenUSaTQ,page_016.html,
16,150,D'Arcy L.,5,"Dec 6, 2020","Best chicken, fries, salad meal in Montreal. The crown used to go to Romados which is still amazingly good but MPM is a notch better. Tony Alves the owner used to work at Romados for 20 years. His defection would be similar to if Tom Brady and Bill Belichek left the Patriots for elsewhere (damm I sure do not like Brady). ******local tip #1 ******Come early if you don't have patience for long lines. I mean real real early. We came at 4:30pm on a Saturday  and it was already 5-10 people out the door. When we left at 5:30 pm it was around 20-25 deep in line. I've seen it 40-50 deep at 6pm. The chicken is moist, fall off the bone and charcoal grilled delish. Over 200 reviews have stated that so no need to continue. The fries are equally good. The salad does get lost under a mountain of chicken and fries but it's good to have something healthy on this gargantuan fat man's plate. Dining is simple. Don't come expecting much. The volume of food they sell through here is insane. I had courteous service and the restaurant felt like a sweltering inferno on an October day. *****local tip#2***** your hair and clothes will absorb the smell as will the leftovers in your car. Don't wear those Sunday church clothes. *****local tip#3**** if you like spicy ask for extra orange hot sauce. They paint it on with a brush and it's what makes this place a notch over Romados. Enjoy to the max. Live to eat don't eat to live!",/user_details?userid=41kMyI1BfOTyIIAenUSaTQ,page_016.html,
16,150,Eugene W.,5,"Nov 29, 2022","Holy moly this place is so value. You can get a whole chicken for $19! We didn't opt for that since weren't that hungry. Instead, we got the legs combo for around $13ish? It comes with 3 legs and a TON of fries. Make sure you ask for the spicy version; their spicy sauce is great! The fries and salad that come with the combo are not that great, but they do the job to fill you up.",/user_details?userid=lGBvmBDeIooqcrMwp1a1yg,page_016.html,
16,150,Armin C.,5,"Jun 25, 2023",Ok this is my first poutine experience. But man I don't think I can have anything other then Portuguese Poutine. It's one of the best things I've put in my mouth. Just go here and get this. The place is nothing amazing to speak of. Ambiance of a garage with a long justified line. Service was fine. But the food is ridiculously good. Get it to go,/user_details?userid=bZ1JqY4UM2ssqAcdT2FX-g,page_016.html,
16,150,Eric P.,5,"Jun 13, 2024",The best Portuguese chicken in Montreal. So moist and tasty and yummy !!the place to go if you love Portuguese chicken or chicken in general!!,/user_details?userid=2V6Ijb1dlrQeHb2FZyS30A,page_016.html,
17,160,Jannelle S.,5,"Jul 13, 2024",We traveled all over Montreal and made it a bit of an eating tour and this was by-far my favorite meal. The wet chicken is the best chicken I've ever had. I would recommend this to anyone in town.,/user_details?userid=Mqr4eHKosv8e4hJ4eQ7Bow,page_017.html,
17,160,Paul H.,3,"Dec 28, 2020","So, I had to try after all the hype and positive reviews.  There is no dine in so everything is take out and I ate in my car.  I was super hungry. I ordered a half chicken that was served with salad and fries and hot sauce. The chicken was really well done. To the point where even the dark meat was flaky. Maybe I was unlucky, but this bird was cooked way too long. The fries were really good and the hot sauce was great. I needed more sauce to make the chicken go down. I also ordered the poutine with sausage and chicken. As far as poutines go it was good, but not spectacular. I base my poutines on the gravy and this one was lacking depth. The meat helped inside, but I really like a richer gravy that should have been hotter to melt the cheese. All in all it was good, but I would not rush back. Still worth a try because you may have better luck.",/user_details?userid=a-cPRrpuWSmYIYJQO9560Q,page_017.html,
17,160,Gerald W.,4,"Jan 10, 2022","An absolute must visit in Montreal.  I ordered the small poutine which you can get mild or spicy.  I got the non-spicy version.  They put grill Portuguese chicken and chorizo sausage on top of the poutine.  This combo is just heaven.  The cheese curds, the flavor, the sauce is just to die for.  You will come back for more. It seems that the food portions in Montreal is so much bigger.  They give you a lot.  Lucky, I didn't order a large.  I would have trouble finishing it.  I must try their other offerings.",/user_details?userid=s2fLFDAi7qpkTxVRZA3Ipw,page_017.html,
17,160,Lisa C.,5,"Feb 2, 2023",Amazing place! The food is delicious and not expensive! Will definitely go there again when in Montreal.,/user_details?userid=X-8me9y5KEmBeun5QCepXg,page_017.html,
17,160,Jan W.,4,"Mar 28, 2024",The pasta del nata is deliciously sweet. The poutine was good. Chicken was tender. I think I would opt for the fries and salad option,/user_details?userid=yFuLrrNKtPfbufn5pB1ueA,page_017.html,
17,160,Chris S.,4,"Jan 10, 2023","Saw this place on a food/travel show on Netflix and it looked good so I wanted to try it out. There was a bit of a line, but once I got in you could see the chickens roasting and my mouth started watering. We came to Montreal right after Christmas for a little change of scenery and had a list of places to eat and this was near the top. The Good: Man, the place was busy and the atmosphere was cool. The food was very tasty and the prices were appropriate. Also the baked gods were great! It was amazing watching these guys work while I was in line waiting to place my order. The Bad: I wished I had more time to try out other menu items. I hat the poutine and it was good. After a while though all I could taste was gravy. I would like to have had more time to try other stuff. Overall: I'd recommend coming here with a family our group of people who wouldn't mind sharing a bunch of different things. I can see why there is so much hype. It was damn  good.",/user_details?userid=6Gkrh8kZSj4FG6Ek0BI8hg,page_017.html,
17,160,Ben W.,5,"Jul 24, 2019","This is spectacular chicken and when we went right when it opened, the half spicy whole chicken was good for two people. The whole thing cost 8.5$ canadian dollars which is as cheap as it gets. I was totally impressed by the service and how quick my order came out with the grilled to perfect chicken along with a spicy buffalo type sauce which was okay (I'm not a big fan of buffalo) but if you go to montreal, this is a must stop. If you like poutine, a famous shop is kiddy corner to this place but this place is way better. WILL BE GOING BACK HERE EVERYTIME I COME BACK TO MONTREAL for a great bang for your buck and lasting quality chicken.",/user_details?userid=CyalBRthHTEBHvNUH0gjQA,page_017.html,
17,160,Fran C.,2,"Jul 6, 2024","We were told by so many people this was THE spot and were so excited to try it (as a Portuguese girl myself) the chicken was dry and they barely gave us any sauce with it so it was very bland. Poutine was EXTREMELY mediocre, fries were completely soggy, the chesse curds melted into the sauce so you couldn't even bite into them. Also we had to eat outside next to a trash can with flies. Thankfully we had MUCH better poutine places in Montreal outside of this...",/user_details?userid=LnE0seLi9rN93VKqqesvNQ,page_017.html,
17,160,Chris B.,4,"Mar 31, 2021",Take out service is one of the best since everything has closed down! They provide a product in which is the cream de la creame of chicken. Dont forget to get the sauce for yourself to do at home! Abrigado!,/user_details?userid=KW6NA5wBKWP_464aUCEMXQ,page_017.html,
17,160,Joel L.,5,"Oct 10, 2022","Si vous cherchez à manger à emporter du poulet il s'agit d'un des meilleurs endroits de Montréal. Le poulet est tendre et est cuit à point, il est possible de manger sur place mais c'est assez sommaire donc je fais cette revue en tant que nourriture à emporter. Il y a souvent la queue pour rentrer, même à 4h de l'après midi. La sélection est assez variée, il est possible de repartir avec des sandwichs, salade et désert. Le flan au caramel est délicieux. L'endroit est assez simple mais la qualité est très bonne. Pas forcément haute classe ce n'est pas le but recherché mais juste pour du poulet à emporter c'est excellent.",/user_details?userid=ynUz4wN5kAaucP2VAp6oDQ,page_017.html,
18,170,Moneys W.,4,"Jun 19, 2024","It was very good.  We got the half chicken, fries and salad that is so popular, and also the poutine, and it didn't disappoint.  The line was long, but it moved quickly.  We got it to go and ate in the park nearby. We center our trips around food, and this is what I'll tell you.  It is a very good place, but not mind-blowing legendary like the hype wants you to beleive.  I believe the issue is the large flow of people.  I think the place can make very good chicken, but with the huge lines of people, the process has become a massive assembly line.  Chicken, fries, on a plate, now you pay and off you go.  Next person!  There is not any attention to detail and the sauce and flavoring was not that great.  Good, but not great.  The chicken had very little of the sauce that they claim is so great. We went to a small place the next night.  It is a Portuguese family owned place called Portugalia near Mont Royal Park,  that was mostly food to go.  The guy made the chicken to order on a charcoal grill and asked if you wanted the sauce mild or spicy and took the time to make sure the chicken was properly sauced and grilled.  It was hands-down better than MPM!  We then took our food to the park for a feast. My advice is try MPM for the experience, but if you really want better chicken, go to a smaller place where there is more attention to detail.",/user_details?userid=KsNJl8BFY5FGIGKuYtX-rw,page_018.html,
18,170,Marcela D.,5,"Jul 10, 2020","My boyfriend and I went to Montreal over New Years, and this was one of the only places on his ""must try"" list that was open and ohhh GOODNESS am I glad it was. In fact, we opted to go to Ma Poule Mouillée in lieu of a more *traditional* poutine. We got the ""small poutine"" (which was anything but small) and Le Louis Cyr (which is a half chicken with French fries and a fresh green salad). Both dishes were out of this world. The signature spicy sauce was featured in both-- it's tangy, spicy, warm, and, in the poutine, the cheese curds perfectly complimented it. The place is small, but we got there at just the right time-- the line wasn't especially long, but the inside was PACKED. However, because of the nature of the place, diner turnover is pretty quick-- we were able to snag a window seat and watch a quieter part of this beautiful city.",/user_details?userid=-P0tSMT2EkEjPEjkZ5ZhGA,page_018.html,
18,170,K R.,5,"Mar 12, 2023",Come here every time I visit MTL. Line is almost always out the door! Chicken is cooked so well! Definitely get the poutine it's heavenly! Some of the best food in MTL hands down,/user_details?userid=Xv8Nc1Yia5AMlhUwq0KZRg,page_018.html,
18,170,Nicholas K.,5,"May 12, 2024","Great quality meet and good portion for the cost. Would recommend splitting a regular size, it's a ton of food. Best poutine I've had, very moist chicken.",/user_details?userid=i44l9VQEbbP18Nm3zTBa6Q,page_018.html,
18,170,Maria B.,5,"Oct 29, 2020","Dude.. this is it, this is the spot that changed my life. I seriously don't know how I lived my life before I ate here. I'm the first to admit that I get a little picky with my chicken but my fiancée is Portuguese and this means I've been introduced to a lot of great chicken places recently and I happily go along. While driving down Rachel we decided to stop in and I couldn't even look at the menu because my girl had already order half the menu. We had the poutine, the chorizo sandwich and the spicy chicken sandwich the sandwich came with a salad as well. From the second I took a bite of the poutine and got to taste the chicken the chorizo the cheese the gravy all in a perfect bite I was in love. The poutine is piled high and generously and the chicken and chorizo are so flavourful it still blows my mind. Moving on to the sandwich the bread is stuffed with either protein and taste really can't compare to anything you get the piripiri spice and the taste from the charcoal grill and it's this perfect little dance that happens in your mouth. You won't have room for dessert I promise but if your like me and wanna make sure you have a little something sweet for when you digest a little later on grab an almond tart and thank me later ;) This is Montreal and the Portuguese community is one of the best they are friendly and happy to feed anyone your doing yourself a disservice if you don't eat here at least once ( a week ).",/user_details?userid=r6PbQjtij6gcalYWBBrILg,page_018.html,
18,170,Joel J.,4,"Oct 7, 2020","Came here on my trip to Montreal 1 year ago. Having been my first trip here, I would constantly hear how I haddd to try poutine. Searching on yelp for the areas near me, this was a clear winner. Even as we were parking in the area, we could smell how amazing the food was. We got there around their opening time but even then there was a fairly large line. Once we got to the ordering area, the menu options all looked so good. The cashier recommended one of their larger group poutines since we had 3 guys in our group and we were lucky enough to snag a quick seat inside. The food looked amazing when it came out. It was like the epitome of comfort food all piled into one plate. The chicken, fries and gravy were delicious. The chicken was soft and tender, fries were crispy and gravy was very flavorful. Strongly recommend anyone visiting this area to try this spot out!",/user_details?userid=X_y7ie2wPylfH9McMcJULg,page_018.html,
18,170,YM C.,4,"Dec 23, 2023","We ordered a whole chicken (#1), large order of the loaded poutine (#8), and a side of the grilled calamari (special). All very good. The place is packed. There was a line out the door. But the line moves fairly fast. The dining area is cozy and clean. Make sure to get their hot sauce. It's not spicy but it helps cut the grease.",/user_details?userid=oq30yzkUJEW0TaF08rzrQw,page_018.html,
18,170,Joyce Q.,5,"Sep 26, 2022",The chicken is amazing!!!! So much flavor in it. And you get a big portion for the price. The natas are a bit too sweet for me though,/user_details?userid=I3rQGBVI-e04AUxkJMOdxg,page_018.html,
18,170,Dana S.,3,"Jul 20, 2022","Chicken was ok, a little dry but not fatty.   Not as much flavor as I had expected.   The salad was just ok, the dressing was a little heavy and the lettuce was in large chunks so a bit uncomfortable to eat and had to cut the lettuce smaller with the plastic knife which wasn't easy.  Poutine was ok but salty, the shining star was the passion fruit soda",/user_details?userid=C8dmADltXDJmnIpz1I6GrQ,page_018.html,
18,170,Bart M.,5,"Mar 31, 2023",Had to try poutine while in Montréal obviously. Did chose this one deliberately because of the BBQ chicken and sausage that they add. I was NOT disappointed. What an explosion of tastes. I had poutine one time in Germany and that didn't even come close to what this is! I ordered the large one while I was alone and that I would not recommend. That's way too much. Tasted amazing though! Lotta love from the Netherlands!,/user_details?userid=nXyrAdof4PMXdym5yVNldw,page_018.html,
19,180,Katya P.,4,"Dec 14, 2020","Came here just for the chicken, like many others we saw the restaurant featured on a Netflix show. We arrived right around opening time on a Saturday and there was no line up. We got a whole chicken, with mild sauce ($16). The flavors were good, chicken tender and well seasoned but the sauce is just an oily mess. This is very difficult to eat as every piece is just dripping in oil and can be challenging to take it home. For the price and potential line ups, I don't think it's worth it. Now I did not get to sample any other menu items but if you came just for chicken, there are many other portuguese style rotisserie or grilled chicken joints that offer similar options.",/user_details?userid=KcFMI-hsr2Em7whfI4OM5g,page_019.html,
19,180,Teresa C.,4,"May 30, 2018","Per my cousin N's recommendation, we stopped by here with the family and had dinner here. There was a long line for Ma Poule Mouillee. It probably took us around 30 minutes to get in. Food is cheap here and portions are big. It was approximately 70 CAD to feed the 8 people. I definitely recommend you stop by here if you are craving for some poutine. We ordered the following: - Portuguese Chicken - Chicken was delicious and the meat was tender. - Salad Matilde (Chicken Salad) Great to share between 2 people. - Combo Veronique (fries, salad, grilled chicken combo) Huge portion. Note that the fries that come in this combo is not the poutine ones. It's just plain fries. - Poutine with cheese, chicken, and chorizo - This is the highlight of Ma Poule Mouillee. The poutine is slightly spicy but nothing you shouldn't be able to handle. It has a nice kick in the mouth. It's a bit on the salty side so remember to have a beverage on hand. - Portuguese Tarts - Decided to try some Portuguese tarts per Yelp's recommendation and they were just OK. I was a little let down by this because I had such high hopes for this. This was too sweet for me. I mean like half a tart was more than enough for me. The center of the tart is very eggy and pudding like. The crust was layered but it was slightly chewy. I am not sure if the chewiness is attributed to the fact that the tart has been baked earlier in the day and sitting on the counter for a while. I actually like the Chinese Portuguese Tart from Taipan in NYC more. The Chinese version is more layered and flakier. It's has a nice crunch and it's also less sweet.",/user_details?userid=eA0VHBJgTvf0aUReQkTi3Q,page_019.html,
19,180,Brooke M.,5,"Jul 19, 2018","Holy cow! We were on our last day in Montreal and somehow hadn't heard that Portuguese chicken was a thing here. Thank goodness we caught it just in time! We planned to hit La Banquise (for poutine) while in the area, so we went with just chicken and half a sausage. While I watched others in line before us get their plates piled high with everything (meat, salad & fries/potatoes), I already knew we were missing out by not getting the full plate. The chicken was amazing- juicy with crispy skin, and the sauce was something special. We got ours on the side because we didn't know how ""spicy"" it was actually going to be. It was perfect! Can't wait to get back and actually go for a full meal, sides & all!",/user_details?userid=sRqJazR7G4RkFSqpFLx9Dw,page_019.html,
19,180,Louis P. H.,3,"Jan 31, 2023","Went to Ma Poule Mouillée tonight, after watching ""Somebody Feeds Phil"", Montreal. Well. No disrespect to Phil Rosenthal, but this was a most underwhelming food experience. We ordered a chicken breast, a chicken sandwich, and the poutine Phil was so raving about. The chicken was ok. Good, not great. We've eaten at other Portuguese chicken joints in Montreal in the past and have enjoyed much better chicken. The fries looked promising, but ended up disappointing as well. The meal came with a small salad swimming in vinaigrette. The sandwich was also good, just not up to Phil's exuberant approval. After a first promising bite, it turned out to be not much better than a similar sandwich from Saint-Hubert. The poutine was extremely salty and lacked any taste. The sauce was tepid, and -gasp!- the cheese did not squeak on the teeth. Ordinary. Very.",/user_details?userid=2WutL7XrTvwl8CusbZiVVw,page_019.html,
19,180,Jennifer D.,4,"Feb 23, 2020","If there's a chicken dinner worth waiting 30 min outside in snowy Montreal for... It's this chicken. The lines are long, ordering is a stressful, frantic process, and hunting for a seat can become hunger games-like. But... Man this chicken is damn good. I've never had Portuguese chicken before and it reminded me of latin-style rotisserie chicken - juicy, tender, flavorful - but with a unique spicy red sauce! We ordered a half chicken plate with fries and salad as well as a poutine with chicken and chorizo. We'd been advised by a local to get poutine here and it was a great way to try poutine! The chorizo was also tender and tasty. But to be honest, the chicken and the chicken alone is really the star here. On future visits I'll definitely be ordering chicken and only chicken. But with extra sauce of course!",/user_details?userid=xh84BlvTytrjuyOkSyevHg,page_019.html,
19,180,Big B.,4,"Mar 24, 2024",first of all the chicken was geat but the service was a little slow. the ambiance of the restaurant was very comforting and felt wecloming,/user_details?userid=O_1dbdZJ0VXBW3K3BoQy5w,page_019.html,
19,180,Hilary K.,5,"Dec 8, 2019",I know this has been said before and I just need to chime in once more .. this place is bursting with flavour .. If you know the area real well.. you know there's a police station right across and to be quite frank the police officers have it GOOD!!!!!! They're really fortunate to have Ma poule Moillée from walking distance ahaha Atmosphere: Welll before I even Entered the resto I could smell the delicious chicken from my car it was so intense! I swear I feel like they made the entire street smell with awesomeness so people get lured in on purpose ahaha .. this place was packed and it was my first time trying out .. I wonder how busy they are at lunch time  on a regular weekday Food: 5+++++++++ Portuguese chicken Was very tender and as per my expectations they were completely met .. it was insanely flavourful cooked on a charcoal grill ! I love Portuguese chicken and they just nailed it and hit the spot! My poutine 5+++++ waaaw it was amazing and so filling.. I didn't know the portions were so large I was amazed. The chorizo sausage could be a bit better It was a tad overcooked and chewy but thats ok... the flavours were so amazing definitely worth getting it for the price. I love how the cheese curds are hidden inside the poutine so they have a chance to melt and get gooey mmmmm The Chicken Sandwich: My oh my 5++++Starssssss Chicken was so moist but most of all the actual bun was coated with Flavour .. Correct me if I'm wrong but I totally hinted the bread being french Toasted prior and I taste the egg and softness Of the sandwich woow it was Perfect ! Chicken was the actual highlight and I strongly recommend you trying it out Service: A1 very fast and super perfect... it was a full house but the staff were well organized and managed to keep the orders rolling definitely experienced. Friendly staff and superb service Cost: Cheappppp and Insanely large portions don't ever change please :D 12$ for a huge poutine Half Chicken for 14$ came with fries and salad Chicken sandwich with rice 12$ Parking: super challenging as it's hit and miss downtown lol parking meters are all full and hard to get a hold of one but it didn't stop me from getting here Overall I definitely recommend this place for Portuguese chicken it's insanely delicious and flavourful and you won't be disappointed .. ohh and Wayyyyy wayyy wayyyy wayyyy better then Romados ;),/user_details?userid=wW72FaqNPv6pdBC6AUqvcA,page_019.html,
19,180,Atnier R.,5,"Oct 19, 2022","One of the best chickens we have ever had! Man, that's some delicious chicken, and the portions are huge! That sauce they are smothered with is tremendous, so yeah, you'll be dragging the fries along the bottom of the cardboard box to get them properly saucy and yummy by the end of your meal, as you struggle to find room in your stomach for everything. We also had the traditional pasteis de nata and they were great as well.  We had to get them to go and eat them way later, but they are a delicious custard treat at any time of the day. This is a popular place but the line moves fast as you just order off the menu on the wall.  The website helps with pictures if you don't understand French.",/user_details?userid=vNVuqLXc3JGW1hG5AUEMjA,page_019.html,
19,180,Corinne K.,5,"Jan 2, 2020","Omg y'all the hype is REAL. Ma Poule Mouillée legit has some of the best dang Portuguese chicken I have ever eaten and I am so glad that I dragged my boyfriend here for a second lunch our last day in Montreal. It was 100% worth the line and 10/10 would do it again in a heartbeat. We both ordered the P'tit Talbot, which is their signature chicken sandwich in the most delish sauce. Thankfully we only waited about 10 minutes to place our order at the counter (don't be discouraged if you see a line--we almost were because it looked endless, but it truly moved really, really quickly) and another 5 minutes to get our order, so within 15 minutes, we were able to get our hands on these orgasmic sandwiches. Honestly I can say that the P'tit Talbot is one of the best sandwiches I've had the pleasure of devouring. The chicken was so flavorful and juicy and plentiful and the bread perfectly soaked up the sauce, so each bite was chock full of deliciousness. The sauce was so good, in fact, that I actually did end up leaving with a bottle of it to take back home to the states. Merry Christmas to me! The only negative about this place is how dang far it is from me. Any chance you guys could open up a store in NYC, Ma Poule Mouillée?! Thxxxxx.",/user_details?userid=jTunzdJcFdPtnk6S8A5oyQ,page_019.html,
19,180,Robert B.,5,"Feb 19, 2024",Best rotisserie chicken on the planet!! The long line getting in is well worth the wait!,/user_details?userid=_ssTg4TlQ1kKYFIw3FonzQ,page_019.html,
20,190,Yichen K.,3,"Dec 29, 2022","We got the Portuguese poutine to share and thought it was just ok. Maybe poutines are just not really our thing but we felt like over all it was really heavy. The fries could've been a bit more crispy and the piri piri sauce was not spicy at all. The chicken needed to be more charred on the grill to add some texture. We also got a coconut pasteis de bats and a flan. The flan ""broke"" and was spongy while the coconut egg tart was a bit better. Nice enough of a spot but the food is honestly just ok ‍",/user_details?userid=PlW4NIA5rfe9nS2sv9PvZA,page_020.html,
20,190,Michael K.,5,"Dec 8, 2019","First time at this place Location is center downtown easy to get to and find. When you are close you will know because you can swell something great is near bye. Parking is hard not going to lie . Had to circle a few times and then gave up and double parked car . I went inside and wife stayed in car. We decided to do take out instead of dine in. When I went inside it was jammed packed. However the line was moving quick and food was coming out fast. Was worried about speed to quality but the food was bang on. I told the man it was my first time and wanted to try all the favorites. I got the following Chicken whole cut up into picies with medium spice. Chicken was tender to touch even the breast was juicy and moist. You can taste the charcoal but not overpowering the spice but enough to know it was there. I enjoyed the flavours Fries were cooked well and I asked them for a bit more well done because I like them burnt. Fries are cut from fresh potatoes and they tasted fresh and not oily and you could tell the oil was not old by taste and colour. Salad came with the meal. Simple salad with tomatoes and onion and mixed greens. Dressing was like a honey mustard base. Decent salad Rice was ok nothing to say about that except it was a bit dry . Not to worry and some of there sauce and bang. Brand new again. Chicken sandwich was on a white type of bun that you can tell was super fresh  and made that day. Fill it with there sauce an Chicken you have a winner Sausage. Was bang on the mark with flavours and juicy. Not overcooked and the flavours worked well. Most places you go the sausage is over cooked and hard like a rock. But not here super tender and moist Poutine is huge and well worth the money. How can you go wrong with poutine. Add there great tasting fries along with the sausage and chicken, cheese and there gravy( nice flavours for gravy alone) you have a winner If you are in the area give it a try and you will thank me",/user_details?userid=1zxXP-HfI3Ycsv7xuZanaQ,page_020.html,
20,190,Amber H.,4,"Oct 21, 2017","Wanted to check out banquise across the street but to my surprise every other Montrealer was feeling the same way. Instead of waiting in line my friend noticed this spot across the street where she had it at work. Extremely fast past environment, the menu is written on a chalk board at the front of the store. They have buckets on buckets on fries and chickens being cooked 24/7. I got a small poutine which had Portuguese chicken and chorizo, very good but needs more cheese as that's the only thing that was lacking from this wonderful flavourful meal.",/user_details?userid=U95wccXN_J8JwA5Ktlu8tw,page_020.html,
20,190,Judith R.,5,"Jul 22, 2023",The line is insane but it's worth it.  We loved everything we got. We got the poutine with the chorizo and the Portuguese chicken and fries.  Everything was a 10/10.  I will be dreaming about the hot sauce.,/user_details?userid=MzPx7Oswz7PH2OYz5BcAkQ,page_020.html,
20,190,Michael L.,5,"Sep 6, 2017","Came to this place on a recommendation that it's cheap, tasty, and huge portions. It was raining outside, but there was still a small line leading out the door. The other option was a fondue place across this street and this poutine place with 100 people in line, so we decided to stick with this option. And it was an excellent choice. This restaurant is pretty much self service. Enter, place an order, proceed down the counter to pickup your order. One section for walk-in, another section for phone orders. Just look at the signs hanging from the ceilings for instructions. Don't forget to grab a jug of water and some cups. You should also clean up when you're done. Getting a table might be a bit tricky. We were fortunate that a family was finishing up. You might consider just getting it to go if you know a place to sit down. Their specialty is Portuguese roasted chicken. You can see their kitchen with 50 chickens on the grill at the same time. You can get chicken on its own, or with fries and salad. They also offer chorizo as well as poutine that comes with their chicken. The chicken is really cheap. You can get half a chicken on its own for $11, or a whole chicken on its own for $14. Talk about upsizing, why would you not get the whole chicken? We had three legs, wings, thighs, and a back. Or something like that. Meat was very tender and juicy, and the marinating was amazing. They have a basic poutine for $8, or you can get their deluxe poutine for $13 for this massive plate of poutine filled with potatoes, chicken, cheese curds, chorizo, and their special gravy. Do not underestimate the size of the poutine, you can probably split it between 3 or 4 people easily. Comes with a lot of chunks of chicken as well. Definitely worth trying. I later found out that the poutine place across the street had over 1000 yelp reviews, but whatever, you will not be disappointed coming here. Well, maybe if you were looking for somewhere romantic.",/user_details?userid=CQ67NJigSe5-uBDX3b_CUw,page_020.html,
20,190,Mark G.,5,"Jul 19, 2018","Why isn't the slogan for Montreal, ""Come for the Poutine, Stay for the Portuguese Chicken!"" What in the hell did I just eat. Well let me tell ya. It was smoky. It just juicy. It was flavorful. It was not enough lol. The linguica sausage was mmmmmmmm too. But the real star. The real MVP. It was the spicy sauce. Not too spicy at all though. Just perfect. Please put it in a pint and give me a straw ok. I don't care who's watching honestly. I found myself dipping burnt crispy chicken skin in this sauce and smiling like a kid on Christmas morning. Pro Tip btw, get the sauce on the side because that's the best way to not have your chicken skin sog out and still dip your chicken in and control your sauce to chicken ratio. Wow I can't believe I just typed out that sentence. Anyways, I'm not one for dessert but I am one for trying indigenous foods done right when I have the chance. So save room for the Nata sweet egg custard pastry. What a way to top off the meal.",/user_details?userid=RbCH1Z_WClQmeA7--V1KcA,page_020.html,
20,190,Jo C.,4,"Aug 27, 2017","The best Portuguese Rotisserie Chicken!! Huge  portions and unbelievable deals here. As soon as you walk in the door, you smell the aroma of BBQ grilled chicken. You can see racks of chicken in the Rotisserie. This is a small eatery with counter type service. A small eating area with a few tables and counter seating. A half chicken dinner with 3 sides for only $11. The portions were so big... it's enough for sharing. A whole chicken a la carte is only $14. The chicken is so tasty and even the white meat is juicy & tender. This chicken is amazing...",/user_details?userid=4gEpwxt0E2gRV0F59CPWKw,page_020.html,
20,190,Diana X.,4,"Sep 8, 2019","I got the poutine with chicken and chorizo. The chicken was pretty standard. Although it was impressive to see the rotating skewers of meat behind the counter, I didn't get much of a flavor from the meat that ended up on my plate. The chorizo also had a funky taste that didn't mesh well with the whole dish, and I found myself picking them out to set aside. Combined with the gravy, the dish was also a little over-salted. I ordered the petite, which was still a huge portion and an excellent value if you're looking to split with someone. The cheese curds in the poutine were tasty, the fries pretty average - maybe I'm not a poutine person because nothing really blew me away. I visited after the lunch rush, sometime in the afternoon. Fortunately I didn't encounter a line.",/user_details?userid=wABHp4fGUC-0acRKhmQO2A,page_020.html,
20,190,Anna L.,5,"Sep 19, 2019","MY FAVOrite place to get POUTINES!!! so much good food for $10 I'm shook! The place was packed and understandably so! The fries melted with the gravy and juicy chicken meat. Gosh if I wasn't so full I would have devoured. It was a crowded space but we were able to sit and had water too. Their servers were nice and desserts are also available here. I would come back!! Was between this and the poutine store across. Decided to choose this and IS HAPPY WITH IT! It was a fantastic place. Savory, delicious in every bite. South American flavors added. They had bathrooms! @ayoxannna",/user_details?userid=Kr4NAUL6lUcwjYA4rxAOEQ,page_020.html,
20,190,Bevano L.,5,"Oct 15, 2019","Went here around 5pm thinking that we'll beat the line but we were wrong. We had to wait about half an hour. We were contemplating if we should get the chicken and chorizo in Salad or poutine version. We ended up getting the large  poutine and the size is as big as my head! Most of the dish is made up of the fries though. I like the dish overall but I wished they give more chicken. Get the spicy sauce to help balance the poutine sauce. Else, it may tastes monotonous after a while. Two of us were not able finish one large poutine. If you want to avoid too much carb and want more chicken, get the non poutine version!",/user_details?userid=Q3A8jwQTcVC4si22J_OqoQ,page_020.html,