review_id,sentence_id,text,status,Food,Staff / service,Price / value,Wait times,Atmosphere / facilities,Business operations,Recommendations / loyalty,Overall experience
1,1,Absolutely best poutine i've ever heard in my life and they definitely didn't hold out on portion sizes.,candidate matches,1,1,0,0,0,1,1,0
1,2,"I got the large poutine and they loaded it up to the brim, enough to eat for 2-3 meals myself.",candidate matches,1,1,0,0,0,1,1,0
1,3,"The gravy and cheese wasn't my favorite as they didn't have enough meat flavor in the gravy and the cheese wasn't melted but the chicken, fries, sausage was definitely the highlight to this poutine.",candidate matches,1,1,0,0,0,1,1,0
1,4,The chicken was tender and juicy and was definitely different to all the poutines i've ever heard before.,candidate matches,1,1,0,0,0,1,1,0
1,5,The staff tries their best to get through the line but it's worth the wait!,candidate matches,0,1,0,1,0,0,0,0
1,6,I had to wait for 15 minutes in the afternoon but I left very satisfied with the food.,candidate matches,1,1,1,0,1,1,0,0
2,1,"This was another poutine recommendation from Eater, and the tour guide from our food and walking tour corroborated that.",candidate matches,1,1,0,0,0,1,1,0
2,2,"When we showed up and saw the line around the corner, we figured that it must be good.",candidate matches,0,0,0,1,0,0,0,0
2,3,"We waited in line for about 30-40 minutes, but it was a nice evening.",candidate matches,0,0,0,1,1,0,0,0
2,4,"(I assume that waiting in that line in the dead of winter would not be fun.) You can order to takeaway, but they have seating indoors.",candidate matches,0,0,0,0,1,1,0,0
2,5,We opted to eat there because poutine is better fresh.,candidate matches,1,1,0,0,0,1,1,0
2,6,"I read that the petit was still quite large, so we opted to split the petit.",unclassified,0,0,0,0,0,0,0,0
2,7,We both agreed that was a smart decision.,unclassified,0,0,0,0,0,0,0,0
2,8,"The poutine was good, but the flavor of the cheese curds was muted by the shredded chicken and choriço.",candidate matches,1,1,0,0,0,1,1,0
2,9,"Their signature dish is their Portuguese chicken, and so I'm curious how that tastes when it's not covered in poutine gravy and cheese curds.",candidate matches,1,1,0,0,0,1,1,0
3,1,"I'm a huge fan of Somebody Feed Phil, and after watching Phil's Montreal episode, I knew I had to make a stop at Ma Poule Mouillée.",candidate matches,0,0,0,1,0,0,1,0
3,2,It ended up being one of the best meals of my trip.,candidate matches,1,0,1,0,1,1,0,0
3,3,"When I arrived, there was a short line, and as soon as I walked inside, the incredible aroma of rotisserie chicken filled the room.",candidate matches,1,1,0,0,0,0,1,0
3,4,That's when I knew I was in for something special.,unclassified,0,0,0,0,0,0,0,0
3,5,"I was told to order the wet hot chicken plate, so I did--and it absolutely did not disappoint.",candidate matches,1,0,0,0,0,0,0,0
3,6,I also couldn't resist trying the famous chicken poutine.,candidate matches,1,1,1,0,0,1,1,0
3,7,"The flavors were bold, rich, and incredibly satisfying.",candidate matches,1,0,0,0,0,0,0,0
3,8,"The portions were enormous, too; there was easily enough food for several meals.",candidate matches,1,1,1,0,1,0,0,0
3,9,"Before leaving, I picked up a small homemade tres leches tart for dessert.",candidate matches,1,0,0,0,0,0,0,0
3,10,It was the perfect ending to the meal.,candidate matches,1,0,1,0,1,0,0,0
3,11,"The cake was moist and delicious, and the caramelized burnt sugar on top added an amazing flavor and texture.",candidate matches,1,0,0,0,0,0,0,0
3,12,I honestly wish Ma Poule Mouillée had a location in Detroit because this would become my monthly dinner spot without question.,candidate matches,0,0,0,1,0,0,1,0
3,13,"This place is the definition of ""winner, winner, chicken dinner."" If you're visiting Montreal, don't miss it--you'll leave full, happy, and already thinking about your next visit.",candidate matches,0,0,0,0,0,0,1,1
4,1,This has been a favorite Montreal spot of mine for over a decade.,candidate matches,0,0,0,0,0,0,1,1
4,2,"The last time I was in Montreal, these guys had fire and I was afraid they wouldn't reopen.",candidate matches,0,0,0,0,0,0,0,1
4,3,I'm so glad they did and still just as good as always.,unclassified,0,0,0,0,0,0,0,0
4,4,"We ordered the chicken legs, the poutine, and pastel de nata.",candidate matches,1,1,0,0,0,1,1,0
4,5,The ordering can be a bit confusing as it's not clear what line is which.,unclassified,0,0,0,0,0,0,0,0
4,6,So the move is your line up and order by the cooks in front then move to the back to pay at the cashier.,candidate matches,0,0,0,0,0,1,0,0
4,7,The portions are large and even the small poutine can feed a family.,candidate matches,1,1,0,0,0,1,1,0
4,8,I lived the spicy chicken and pastel de nata.,candidate matches,1,0,0,0,0,0,1,0
4,9,The poutine was good but didn't need the sausage.,candidate matches,1,0,1,0,0,1,1,0
4,10,Overall very happy we revisited and that they're still amazing.,unclassified,0,0,0,0,0,0,0,0
5,1,I could not decide what to eat for lunch on this rainy Sunday and I don't have any local currency.,candidate matches,1,0,1,0,0,1,0,0
5,2,I'm on a credit only trip (just because I'm too lazy to deal with it) so that leaves Schwartz's out of the picture.,unclassified,0,0,0,0,0,0,0,0
5,3,I randomly came across this chicken palace and am so happy I did.,candidate matches,1,0,0,0,0,0,1,0
5,4,"If you enjoy rotisserie chicken, Portuguese chicken is your jam.",candidate matches,1,0,0,0,0,0,1,0
5,5,This dude up front is a grilling machine and it's all charcoal.,unclassified,0,0,0,0,0,0,0,0
5,6,I got the half chicken with French fries and salad.,candidate matches,1,0,1,0,0,1,0,0
5,7,It's a lot of food for under $12 US.,candidate matches,1,0,1,0,0,0,0,0
5,8,"I, of course, opted for spicy with extra hot sauce on the side.",unclassified,0,0,0,0,0,0,0,0
5,9,That stuff isn't very spicy but so very delicious.,unclassified,0,0,0,0,0,0,0,0
5,10,The chicken was moist and flavorful and the hot sauce was perfect with it.,candidate matches,1,1,0,0,0,0,1,0
5,11,The heaping pile of fries was a bit overkill.,candidate matches,1,0,1,0,0,0,0,0
5,12,There were a lot of Asians in there so you know it's a good deal.,unclassified,0,0,0,0,0,0,0,0
5,13,I'm Asian myself so I would know.,unclassified,0,0,0,0,0,0,0,0
6,1,"The chicken is tender, it's better with the spicy sauce.",candidate matches,1,0,0,0,0,0,1,0
6,2,The portion is huge and you can definitely share with two people.,candidate matches,1,0,0,0,0,0,0,0
6,3,"It's very popular but I found the overall flavor is okay, not a complete wow.",unclassified,0,0,0,0,0,0,0,0
6,4,But the dessert was great!,candidate matches,1,0,0,0,0,0,0,0
7,1,We visited this place because we just had to try poutine and heard it was fabulous here.,candidate matches,1,1,0,0,0,1,1,0
7,2,"That is true, and you'll be sure after 1st bite..",unclassified,0,0,0,0,0,0,0,0
7,3,"Great fries, with chorizo + bits of chicken, good amount of cheese curds and finally smothered w/gravy.",candidate matches,1,0,1,0,0,1,0,0
7,4,"I thought the gravy might be an afterthought/not interesting- but no, it was delicious.",candidate matches,1,0,1,0,0,0,0,0
7,5,You walk in the door and all you smell is chicken grilling+ chargrilled goodness.,unclassified,0,0,0,0,0,0,0,0
7,6,They offer a1/2chicken w/salad+ fries.,candidate matches,1,0,1,0,0,1,0,0
7,7,Since we were ordering the poutine we didn't want those extra sides; we just ordered whole chicken.,candidate matches,1,0,0,0,0,1,1,0
7,8,"They'll ask, spicy or not?",unclassified,0,0,0,0,0,0,0,0
7,9,We got 'spicy' -basically the orange sauce in pics.,candidate matches,0,0,0,0,0,1,0,0
7,10,"It's not at all 'spicy hot' -but tastes garlicky, rich and delicious.",candidate matches,1,0,0,0,0,0,0,0
7,11,Great choice.,candidate matches,0,0,0,0,0,0,1,0
7,12,"Chicken is Portuguese style; with a chargrilled taste, very juicy and well seasoned.",candidate matches,1,0,0,0,0,0,1,0
7,13,"Talked to several people who were near us eating about how great the food was, and found out that like us, several of them were out of towners who'd asked a local ""where to eat"" in town.",candidate matches,1,0,1,0,1,1,1,0
7,14,Every single person was raving about how delicious it all was.,unclassified,0,0,0,0,0,0,0,0
7,15,This place is the Bomb!,unclassified,0,0,0,0,0,0,0,0
7,16,Absolutely a 'Do Not miss' in Montreal.,candidate matches,0,0,0,0,0,0,1,1
7,17,The small poutine we ordered was huge!,candidate matches,1,1,0,0,0,1,1,0
7,18,And the large sized poutine others bought was size of a ham on the large plate.,candidate matches,1,0,0,0,0,1,1,0
7,19,"Even with 2 hungry people and my Hubbie is a big dude, we brought almost 1/2 of our food home to finish the next day.",candidate matches,1,0,0,0,0,1,0,0
7,20,Not bad for $34+ tax.,candidate matches,0,0,1,0,0,0,0,0
7,21,"PS One pic is from neighboring table's plate- the guy said ""Please do take a picture.",unclassified,0,0,0,0,0,0,0,0
7,22,What a find!,unclassified,0,0,0,0,0,0,0,0
7,23,"I can't believe this place"".",unclassified,0,0,0,0,0,0,0,0
8,1,A bounty of food comes with your half chicken and fries!,candidate matches,1,0,1,0,0,1,0,0
8,2,"The ""golden row"" of chicken twisting and turning while cooking definitely generates much anticipation.",candidate matches,1,0,0,0,0,0,0,0
8,3,"I'll say half of the 1/2 chicken I ordered was definitely moist and tender, while the other side was a bit dried out.",candidate matches,1,0,0,0,0,0,0,0
8,4,"The fat from the skin was nonexistent, so not much flavor other than the sauce that coated the exterior of the chicken.",candidate matches,1,1,0,0,0,0,0,0
8,5,"While there was an abundance of fries, which covered every inch of the paper box, sadly they were neither crunchy nor crisp.",candidate matches,1,0,0,0,0,0,0,0
8,6,This was right after opening my box after I paid for my order.,unclassified,0,0,0,0,0,0,0,0
8,7,I also got the chicken sandwich which was juicer even if it was less majestic than the 1/2 chicken.,candidate matches,1,1,1,0,0,1,0,0
8,8,"The flan dessert was somewhat forgettable, I left half of it behind.",candidate matches,1,0,0,0,0,0,0,0
8,9,There was a line up to order but it moved well.,candidate matches,0,0,0,0,1,0,0,0
8,10,There is seating inside however the tables and chairs were in need of a good wipe down.,candidate matches,0,0,0,0,1,1,0,0
9,1,The BEST POUTINE & BBQ chicken i ever had!,candidate matches,1,0,1,0,0,1,1,0
9,2,It was the best food we had from Montreal.,candidate matches,1,0,1,0,1,1,1,1
9,3,I've been to La Banquise for poutine multiple times and LB's good but this chicken and chorizo poutine is superior!,candidate matches,1,1,1,0,0,1,1,0
9,4,"Perfect potato fries, bbq chicken, cheese curds and gravy!",candidate matches,1,0,1,0,0,1,0,0
9,5,Dont forget to ask for their spicy sauce on top!,unclassified,0,0,0,0,0,0,0,0
9,6,"(Not spicy at all, just gives extra umami!) This place also gets long queue but much less than LB and it moves pretty fast!",unclassified,0,0,0,0,0,0,0,0
9,7,Their service is fast and efficient.,candidate matches,0,1,0,0,0,0,0,0
9,8,"While u are waiting, u can see how they cook their chicken on the Portuguese grill.",candidate matches,0,0,0,0,0,0,1,0
9,9,I want to try bbq chicken with their hot sauce next time when I visit Mtl again.,candidate matches,1,0,1,0,0,0,0,0
9,10,PS.,unclassified,0,0,0,0,0,0,0,0
9,11,Get large!!,unclassified,0,0,0,0,0,0,0,0
9,12,And pastel de nata is just ordinary.,unclassified,0,0,0,0,0,0,0,0
10,1,They have a tiny dining room.,candidate matches,0,0,0,0,1,0,0,0
10,2,Their reputation brings many people coming.,unclassified,0,0,0,0,0,0,0,0
10,3,Locals and tourists line up around the block.,unclassified,0,0,0,0,0,0,0,0
10,4,Their chicken is delicious.,candidate matches,1,1,0,0,0,0,1,0
10,5,Their poutine is huge.,candidate matches,1,1,0,0,0,1,1,0
10,6,We ordered it loaded but I would order it without the chorizo.,candidate matches,1,0,0,0,0,0,0,0
10,7,It's a little much.,unclassified,0,0,0,0,0,0,0,0
11,1,I found myself at Ma Poule Mouillée as part of a food tour I was on.,candidate matches,0,0,0,1,0,0,1,0
11,2,"We were not told in advance which places we were visiting, so it was a pleasant surprise to find out that this was on the route.",unclassified,0,0,0,0,0,0,0,0
11,3,"While I didn't know too much about this spot, I was aware of its popularity and that they served good poutine; needless to say, I was looking forward to checking it out.",candidate matches,1,0,1,0,0,1,1,0
11,4,Ma Poule Mouillée is a Portuguese restatuant that specializes in chicken and poutine.,candidate matches,0,0,0,1,0,0,1,0
11,5,"We were there late morning so it was not crowded, though I was told it's normal for a line for form around the block during peak times.",candidate matches,0,0,0,0,1,0,0,0
11,6,"Our tour guide also mentioned that this place, along with La Banquise which sits catty corner, are two of the most popular places for poutine in the city.",candidate matches,1,0,0,0,0,0,1,0
11,7,"We were here for poutine - specifically, we got the variety topped with chorizo and roasted chicken.",candidate matches,1,1,0,0,0,1,1,0
11,8,"It was delicious - the fries were crispy, and the combo for the chorizo and chicken with the gravy and cheese curds really made for an elevated poutine.",candidate matches,1,1,1,0,0,1,1,0
11,9,"We didn't have time for anything else, but what we had was enough to make an impression.",unclassified,0,0,0,0,0,0,0,0
11,10,"Overall, Ma Poule Mouillée was a total yes - this was one of the best poutines I've had in a while and I would definitely return the next time I'm in Montreal.",candidate matches,1,1,0,1,0,1,1,1
12,1,Want a Thanksgiving feast?,unclassified,0,0,0,0,0,0,0,0
12,2,I would say order the number 8.,unclassified,0,0,0,0,0,0,0,0
12,3,"We had Portuguese meat, rotisserie chicken all in gravy on top of fries.",candidate matches,1,0,1,0,0,1,1,0
12,4,I would say it reminded me of a heavy Thanksgiving meal.,candidate matches,1,0,1,0,1,0,0,0
12,5,It was good.,unclassified,0,0,0,0,0,0,0,0
12,6,Don't get me wrong.,unclassified,0,0,0,0,0,0,0,0
12,7,"The line was a bit long outside but once you get in, you order, wait for you food, pay, and then find a table to eat.",candidate matches,0,1,0,1,1,1,0,0
12,8,It's small inside but you can grab a seat if you're patient.,candidate matches,0,0,0,0,1,1,0,0
12,9,They also have a spicy sauce you can add to your meal that was pretty good.,candidate matches,1,1,1,0,0,1,0,0
12,10,It's definitely worth a try but I think there are so many different poutine places I would try around Montreal.,candidate matches,1,0,0,0,0,1,1,1
13,1,Their gravy is delicious.,candidate matches,1,0,0,0,0,0,0,0
13,2,"Chicken is falling off the bone, it's cooked so well.",candidate matches,1,0,0,0,0,0,0,0
13,3,"The portions are huge - my wife couldn't finish her ""small"" poutine, and I couldn't finish my portion of chicken legs with salad and fries.",candidate matches,1,1,0,0,0,1,1,0
13,4,"There is limited seating and no one seats you, so you have to watch for tables to free up and grab one while being in line for the food so having company helps!",candidate matches,0,0,0,0,1,1,0,0
14,1,I had so many recommendations to try this poutine in Montreal and it did not disappoint.,candidate matches,1,1,0,0,0,1,1,1
14,2,"The location is actually a Portuguese chicken restaurant but they do a poutine that has 2 full legs of chicken and sausage on top of your usual squeaky cheese curds, crispy fries and piping hot gravy.",candidate matches,1,1,0,0,0,1,1,0
14,3,The portion was massive.,candidate matches,1,0,1,0,0,0,0,0
14,4,We ordered the large poutine and it only cost $19.00.,candidate matches,1,0,0,0,0,1,1,0
14,5,"I think what makes this dish is the chicken, which is cooked to perfection with crispiest skin.",candidate matches,1,0,0,0,0,0,1,0
14,6,The service was quick and you could see the chicken being roasted on the spits.,candidate matches,1,1,0,1,0,0,0,0
14,7,The restaurant itself is set up as take out.,candidate matches,0,1,0,0,1,1,0,0
14,8,You order and then find a spot to sit.,candidate matches,0,0,0,0,1,1,1,0
14,9,Pretty spacious and lots of seating available.,candidate matches,0,0,0,0,1,1,0,0
14,10,We went on a Monday morning (10am) during the winter so there was no line up.,candidate matches,0,0,0,1,1,0,0,0
14,11,But I have heard that it can get very busy.,candidate matches,0,0,0,0,1,0,0,0
14,12,We also got the eggs tarts which were delicious.,candidate matches,1,0,0,0,0,0,0,0
14,13,Great recommendation.,candidate matches,0,0,0,0,0,0,1,0
15,1,This place was super busy and had a line but did move quickly.,candidate matches,0,1,0,1,1,0,0,0
15,2,It was super packed when we went and therefore had to take our food to go and eat at our hotel.,candidate matches,1,0,1,1,1,1,0,0
15,3,"The place is definitely smaller inside but nice, clean, cozy and friendly staff.",candidate matches,0,1,0,0,1,0,0,0
15,4,The food was amazing!!!,candidate matches,1,1,1,0,1,1,0,0
15,5,We probably could have ordered a small poutine since we also had fries with the half chicken but no regrets!,candidate matches,1,1,1,0,0,1,1,0
15,6,Best poutine we had for sure during our trip.,candidate matches,1,1,0,0,0,1,1,0
15,7,Highly recommend!,candidate matches,0,0,0,0,0,0,1,0
16,1,Some of the best roasted chicken I have ever had.,candidate matches,1,0,0,0,0,0,1,0
16,2,"I would come just for the chicken, no poutine needed.",candidate matches,1,0,0,0,0,1,1,0
17,1,The line was put the door for good reason.,candidate matches,0,1,0,1,0,0,0,0
17,2,I ordered the chicken sandwich and they pulled it right off the grill and put it on amazing Portuguese bread.,candidate matches,1,0,0,0,0,0,1,0
17,3,Get the food to go and have the best Portuguese chicken and/or poutine in Montreal.,candidate matches,1,1,0,0,0,1,1,1
17,4,Everyone was friendly and the whole place smells delicious!,candidate matches,0,1,0,0,1,0,0,0
18,1,Their grilled calamari and Portuguese chicken were AMAZING!,candidate matches,1,0,1,0,0,0,1,0
18,2,The chicken still tasted delicious even when it was cold.,candidate matches,1,1,0,0,0,0,1,0
18,3,They truly worked some magic with their sauce.,unclassified,0,0,0,0,0,0,0,0
18,4,"I didn't try their famous poutine, and now I really regret it.",candidate matches,1,1,0,0,0,1,1,0
18,5,I'll definitely be coming back when I get the chance!,unclassified,0,0,0,0,0,0,0,0
19,1,Hands down the best poutine fusion in Montreal.,candidate matches,1,0,0,0,0,1,1,0
19,2,The Portugese chicken compliments the poutine very well and definitely a dark horse in Montreal.,candidate matches,1,1,0,0,0,1,1,1
19,3,"They don't seem to get as much attention as some other poutine places, but don't sleep on this experience.",candidate matches,1,1,0,0,0,0,1,0
19,4,"For their price, it is a lot of food, one large serving of their 19$ grilled chicken with sausage and poutine is a great meal that will last you the entire day, it was more than enough for two.",candidate matches,1,0,1,0,0,1,1,0
19,5,They debone two legs of chicken on top of the poutine that they pulled fresh off their grill!,candidate matches,1,1,0,0,0,1,1,0
19,6,"Service was fast, there is plenty of room to eat at the restaurant and they have a separate counter for the pastries.",candidate matches,1,1,1,1,1,1,0,0
19,7,We had to get some of their Portuguese tarts (10$ for 6) and they were also amazing.,candidate matches,1,0,0,0,0,0,0,0
19,8,"Creamy, custardy, perfectly baked.",candidate matches,1,0,0,0,0,0,0,0
19,9,It reheated well in the air fryer when we brought some back as souvenirs to enjoy.,unclassified,0,0,0,0,0,0,0,0
19,10,"This is a place worth stopping by in Montreal, poutine in one hand and a batch of tarts for dessert on the other.",candidate matches,1,0,0,0,0,1,1,0
20,1,A Portuguese restaurant that is serving up the best poutine I've ever had.,candidate matches,1,1,0,0,0,1,1,0
20,2,"It is piled HIGH with chorizo, chicken, gravy and curd.",candidate matches,1,0,0,0,0,1,0,0
20,3,"The flavors are so warm, it is the perfect thing for a chilly day.",candidate matches,1,0,0,0,0,0,0,0
20,4,This poutine could easily serve 3 people so keep that in mind when ordering it.,candidate matches,1,0,0,0,0,1,1,0
20,5,Try your best to save room for dessert so you can try their pastel de nata,candidate matches,1,0,0,0,0,0,0,0
21,1,"I was probably the most excited to try this place during my trip, and it really didn't disappoint!",candidate matches,0,0,0,0,0,0,1,1
21,2,"We came on a Friday around lunch, and I was happy to see that there was no line.",candidate matches,0,1,0,1,1,0,0,0
21,3,It's pretty small inside with only a handful of tables and high chairs.,candidate matches,0,0,0,0,1,1,0,0
21,4,"We got the small poutine to share, and man, this bowl was hefty!",candidate matches,1,1,0,0,0,1,1,0
21,5,It was a perfect amount of food for two people.,candidate matches,1,1,1,0,1,1,0,0
21,6,The chicken was so moist and flavorful.,candidate matches,1,1,0,0,0,1,1,0
21,7,They definitely don't skimp on the gravy - every inch is drenched.,unclassified,0,0,0,0,0,0,0,0
21,8,The chorizo wasn't quite what I was expecting.,candidate matches,1,0,0,0,0,0,0,0
21,9,"It wasn't my favorite, but everything comes together so well that I didn't mind.",unclassified,0,0,0,0,0,0,0,0
21,10,"I wish I had room to try the pasteis de nata, but I guess I'll just have to come back.",unclassified,0,0,0,0,0,0,0,0
21,11,This is such a unique take on poutine!,candidate matches,1,1,0,0,0,1,1,0
21,12,It's a must-try for anyone visiting Montreal.,candidate matches,0,0,0,0,0,0,1,1
22,1,The Portuguese chicken poutine here is literally top tier.,candidate matches,1,0,0,0,0,1,1,0
22,2,"The mix of the chicken, chorizo, and sauce is elite, and the portions are huge.",candidate matches,1,0,0,0,0,0,0,0
22,3,"Honestly, the only reason it's not a 5-star is because the line is always insane and it gets super crowded inside, but the food low-key makes up for it.",candidate matches,0,0,0,0,0,0,0,1
22,4,Def a must-try in Montreal!,candidate matches,0,0,0,0,0,0,1,1
23,1,I was very surprised by this one.,unclassified,0,0,0,0,0,0,0,0
23,2,It is better than the guy across the street!,unclassified,0,0,0,0,0,0,0,0
23,3,The gravy has a more deep flavor and the service (petite) is enough for two people that aren't extremely hungry Yum!,unclassified,0,0,0,0,0,0,0,0
23,4,This is the place in Montreal for poutine,candidate matches,1,1,0,0,0,1,1,1
24,1,Holy s&$t this was amazing poutine!,candidate matches,1,1,0,0,0,1,1,0
24,2,Worth the hype and worth the wait.,unclassified,0,0,0,0,0,0,0,0
24,3,Line seemed long but didn't take too long.,candidate matches,0,1,0,1,1,0,0,0
24,4,It smelled so grilled and delicious in there.,candidate matches,1,0,1,0,1,0,0,0
24,5,This was also recommend by a few locals to try as well so I would highly suggest eating here when you're in Montreal!,candidate matches,0,0,0,0,0,0,1,1
25,1,"The Portuguese chicken was the one thing my partner absolutely wanted to try while we were in Montreal, so we ended up waiting for them to open while sitting on a bench on a cold March morning.",candidate matches,1,1,0,0,0,1,1,0
25,2,They noticed us peeking in and invited us to come in early which was so kind of them!,unclassified,0,0,0,0,0,0,0,0
25,3,"We got the first chicken of the morning and booked it to the train station to enjoy it, and it did not disappoint.",candidate matches,1,1,0,0,0,1,1,0
25,4,Incredibly flavorful and moist.,candidate matches,1,0,0,0,0,0,0,0
25,5,Next time we're in Montreal we will definitely be stopping by again to try some more of the menu!,candidate matches,0,0,0,0,0,0,1,1
26,1,Great chicken--so soft and moist.,candidate matches,1,1,0,0,0,0,1,0
26,2,Gravy for the poutine was a little too sweet for my liking.,candidate matches,1,0,0,0,0,1,1,0
26,3,I would love to eat more of that chicken tho,candidate matches,1,0,0,0,0,1,0,0
27,1,Don't let the lines deter you!,candidate matches,0,0,0,1,0,0,0,0
27,2,We arrived a little after noon on a Friday and made it to the front of the line within 20-25 minutes.,candidate matches,0,1,0,1,1,0,0,0
27,3,"We were handsomely rewarded with the most tender, juicy, flavorful chicken paired with crispy, house-made french fries and a salad (for health).",candidate matches,1,0,1,0,1,1,1,0
27,4,"Seating was a bit of an issue, but I would've gladly eaten this meal on the curb.",candidate matches,1,0,1,0,1,1,0,0
27,5,It was THAT good!,unclassified,0,0,0,0,0,0,0,0
28,1,This place is so tasty!,candidate matches,0,0,0,0,0,0,1,0
28,2,Service was streamlined and fast.,candidate matches,0,1,0,1,0,0,0,0
28,3,So much food for the price.,candidate matches,1,0,1,0,0,1,0,0
28,4,The spicy chicken wasn't too spicy but overall very juicy chicken.,candidate matches,1,0,0,0,0,0,1,0
28,5,They know what they are doing!,unclassified,0,0,0,0,0,0,0,0
29,1,It's all about the chicken nothing else.,candidate matches,1,1,0,0,0,0,1,0
29,2,I had the #11 salade florea a huge salad topped with plentiful and borderline obscene amounts of chorizo and chicken.,candidate matches,1,1,1,0,0,1,0,0
29,3,"The chicken was so juicy, tender and unbelievably flavorful that it outshined everything else.",candidate matches,1,1,1,0,0,0,1,0
29,4,"We also got a petite (trying to be healthy here) #8 poutine with chicken and chorizo and the #12 combo veronique with chicken, chorizo, fries, and salad.",candidate matches,1,1,0,0,0,1,1,0
30,1,"The line was down the street when we arrived, but don't be discouraged!",candidate matches,0,1,0,1,1,0,0,0
30,2,It moves quickly.,candidate matches,0,0,0,1,0,0,0,0
30,3,The poutine is wonderful and such large portions!,candidate matches,1,1,0,0,0,1,1,0
30,4,We split one and still couldn't finish it!,unclassified,0,0,0,0,0,0,0,0
31,1,"To avoid long lines, I got here at 10am.",candidate matches,0,0,0,1,0,0,0,0
31,2,"Also, make sure you push the door to enter, don't be like me and pull  :)  I knew what I wanted, so I got #8, small with couple drinks, egg tart and blonde donut thing.",unclassified,0,0,0,0,0,0,0,0
31,3,The poutine was decent.,candidate matches,1,1,1,0,0,1,1,0
31,4,"I liked the chicken, it was moist, seasoned well and I would been perfectly fine just ordering the chicken by itself.",candidate matches,1,1,0,0,0,0,1,0
31,5,"The whole plate as a whole, few things they could done better.",unclassified,0,0,0,0,0,0,0,0
31,6,I wish they added more gravy...,candidate matches,1,0,0,0,0,0,0,0
31,7,"if they layered it, it would have helped.",unclassified,0,0,0,0,0,0,0,0
31,8,"After the fries, add the gravy, then the cheese, chicken and sausage and another layer of the gravy.",candidate matches,1,1,0,0,0,1,0,0
31,9,"After you eat the top, once you get to the rest of the fries, there's no gravy leftover unfortunately.",candidate matches,1,0,0,0,0,1,0,0
31,10,"I don't know if you can ask for additional gravy on the side or if you need to pay for additional, but it would have helped to have more gravy.",unclassified,0,0,0,0,0,0,0,0
31,11,"The interior was small, but plenty of seating to enjoy your food.",candidate matches,1,0,1,0,1,1,0,0
31,12,"Egg tart was decent, but it would been a lot better if served warm.",candidate matches,1,0,0,0,0,0,0,0
32,1,Ma Poule Mouillee is a place where dreams come true.,candidate matches,0,0,0,1,0,0,1,0
32,2,"After reading Maria's review back in 2020, I knew I had to visit this spot if I ever found myself in Montreal.",candidate matches,0,0,0,0,0,0,1,1
32,3,"Well, I am so glad I did!",unclassified,0,0,0,0,0,0,0,0
32,4,We visited for lunch and there was a line around the block.,candidate matches,0,1,0,1,1,0,0,0
32,5,"Now with a ton of amazing spots in Montreal, you may be thinking is it worth waiting in line?",candidate matches,0,0,0,0,0,0,1,1
32,6,"Yes, yes it most certainly is.",unclassified,0,0,0,0,0,0,0,0
32,7,Once you make your way inside they have a great assembly line going.,unclassified,0,0,0,0,0,0,0,0
32,8,"You order, then make your way down to the register.",candidate matches,0,0,0,0,0,1,0,0
32,9,"By the time you make it to the register, your order is waiting for you.",candidate matches,0,1,0,1,0,1,0,0
32,10,"Here is the time to grab extra sauce, we did not and I was regretful.",candidate matches,0,0,0,0,0,1,0,0
32,11,"The Portuguese chicken was moist and delicious, their sauce is just so freaking good.",candidate matches,1,0,0,0,0,0,1,0
32,12,"We also ordered the petit poutine, and let me tell you nothing was petite about that thing.",candidate matches,1,1,0,0,0,1,1,0
32,13,My friend and I could barely make a dent in it.,unclassified,0,0,0,0,0,0,0,0
32,14,But it was also so flavorful and delicious.,candidate matches,1,0,1,0,0,0,0,0
32,15,We rounded things out with some orange Sumol (the best flavor) and a pastel de nata.,candidate matches,1,0,0,0,0,0,0,0
32,16,They have a variety of bar seating/tables around the restaurant.,candidate matches,0,0,0,0,1,1,0,0
32,17,Even with the long line we were able to find seats to eat without an issue.,candidate matches,0,1,0,1,0,0,0,0
32,18,"If I'm ever back in Montreal, I will never not go here.",candidate matches,0,0,0,0,0,0,1,1
32,19,The best!,unclassified,0,0,0,0,0,0,0,0
33,1,Wow!,unclassified,0,0,0,0,0,0,0,0
33,2,A line that goes out the door and locals and tourists enjoy the food.,candidate matches,0,1,0,1,0,0,0,0
33,3,Huge portions.,candidate matches,1,0,1,0,0,0,0,0
33,4,Who knew rotisserie chicken could be so flavorful?,candidate matches,1,1,0,0,0,0,1,0
33,5,"I had the chicken and chorizo poutine, and wow, I could not finish my small portion.",candidate matches,1,1,1,0,0,1,1,0
33,6,The gravy was delicious with bits and pieces of chicken and chorizo over crispy fries I love this place!,candidate matches,1,0,1,0,1,1,1,0
34,1,Absolutely one of the best Portuguese chicken places in the plateau borough.,candidate matches,1,0,0,0,0,0,1,0
34,2,"The chicken is super tender and juicy, and the piri piri sauce has to be some of the best I had.",candidate matches,1,0,0,0,0,0,1,0
34,3,Very nice kick of heat with amazing flavors from the various spices.,candidate matches,1,0,0,0,0,0,0,0
34,4,This place gets packed up very quickly if you are planing on eating inside the restaurant.,candidate matches,0,1,0,1,1,0,1,0
34,5,"However, parc La Fontaine is across the street, which offers lot of picnic table to sit down at.",unclassified,0,0,0,0,0,0,0,0
34,6,10/10.,unclassified,0,0,0,0,0,0,0,0
35,1,The best rotisserie chicken ever!,candidate matches,1,0,0,0,0,0,1,0
35,2,Wow.,unclassified,0,0,0,0,0,0,0,0
35,3,This place gets super busy (rightfully so) and usually the line is out the door.,candidate matches,0,0,0,1,1,0,0,0
35,4,Very minimal seating so plan accordingly.,candidate matches,0,0,0,0,1,1,0,0
35,5,The Portuguese chicken here is mouthwatering.,candidate matches,1,0,0,0,0,0,1,0
35,6,"So flavorful, so fresh and very reasonably priced.",candidate matches,1,0,1,0,0,0,0,0
35,7,Absolutely love this place.,unclassified,0,0,0,0,0,0,0,0
36,1,Wow!,unclassified,0,0,0,0,0,0,0,0
36,2,This place was popular!,candidate matches,0,0,0,0,1,0,0,0
36,3,I was visiting Montreal for the weekend and the first thing we did was go to Ma Poule Mouillée for some poutine!,candidate matches,1,1,0,1,0,1,1,1
36,4,We ordered the small poutine with chicken and chorizo.,candidate matches,1,1,0,0,0,1,1,0
36,5,I also ordered a half chicken platter and asked for rice instead of fries.,candidate matches,1,0,1,0,0,1,0,0
36,6,"For the drink, I saw that they had some Portuguese sodas!",unclassified,0,0,0,0,0,0,0,0
36,7,"I got a passion fruit soda, it was good!",unclassified,0,0,0,0,0,0,0,0
36,8,We hovered around waiting for somewhere to sit.,candidate matches,0,0,0,1,0,0,0,0
36,9,The poutine was delicious!,candidate matches,1,1,0,0,0,1,1,0
36,10,It was a hearty meal.,candidate matches,1,1,1,1,1,1,0,0
37,1,I had to try their poutine as it was highly rated from poutines lovers.,candidate matches,1,1,0,0,0,1,1,0
37,2,"They are just across the street from La banquise and near LaFontaine parc, so be aware there's always a line to enter, but ut worth it to have their good food..",candidate matches,0,0,0,0,0,0,1,0
37,3,Their chicken poutine is excellent and on my top5 poutine in Montréal.,candidate matches,1,1,1,0,0,1,1,0
37,4,Service is quick and efficient and once you're in you don't wait long.,candidate matches,0,1,0,0,0,0,0,0
37,5,Il fallait que j'essaie leur poutine car elle est très bien notée.,unclassified,0,0,0,0,0,0,0,0
37,6,Ils sont placés juste en face de la banquise et près du parc LaFontaine donc préparé vous à attendre un peu car il y a toujours une ligne.,unclassified,0,0,0,0,0,0,0,0
37,7,"Mais l'attente en vaux la peine car leur poutine est excellente, en fait c'est dans mon top5 des poutine à Montréal.",candidate matches,0,0,0,0,0,0,1,0
37,8,Le service est rapide et dès que vous êtes entré vous n'attendez pas longtemps.,unclassified,0,0,0,0,0,0,0,0
38,1,"I first heard about this place on ""Somebody Feed Phil"" on Netflix.",candidate matches,0,0,0,0,0,0,1,0
38,2,On my train ride up other passengers were discussing it.,unclassified,0,0,0,0,0,0,0,0
38,3,"Except for the line wrapped around the corner, this place lived up to the hype!",candidate matches,0,0,0,0,1,0,0,0
38,4,"I had the Louis Cyr (1/2 chicken, fries and salad) and it was soooo good.",candidate matches,1,0,1,0,0,1,0,0
38,5,"The poutine looked great but for a number of reasons, it didn't fit into my needs.",candidate matches,1,1,1,0,0,1,1,0
38,6,But everyone who ordered it was more than satisfied!,unclassified,0,0,0,0,0,0,0,0
38,7,The service is like a cafeteria line and I don't speak French but the staff is dedicated to working it out.,candidate matches,0,1,0,0,0,0,0,0
38,8,"The restaurant is kind of small but I had mine to go, so I didn't have to contend with finding a seat.",candidate matches,0,0,0,0,1,1,0,0
38,9,I definitely recommend that it gets added to your list of places to eat in Montreal.,candidate matches,1,0,0,0,0,0,1,1
39,1,Had to come and try the chicken poutine!,candidate matches,1,1,0,0,0,1,1,0
39,2,"Overall: 4/5 Food: Chicken poutine 4/5 - I thought it was pretty goods; I'm not a huge poutine person, but was recommended it from someone in Toronto.",candidate matches,1,1,1,0,0,1,1,0
39,3,"I wouldn't necessarily tell someone to go out of their way to try this, but it was good!",unclassified,0,0,0,0,0,0,0,0
39,4,"Mind you, I would have probably loved a chicken sandwich more, but tried this instead.",candidate matches,1,0,1,0,0,1,0,0
39,5,"Ambiance: 2/5 - it was so busy for takeout and the tables are in the same area, so wasn't the most comfortable seating arrangement.",candidate matches,0,1,0,0,0,1,0,0
39,6,"Service: 5/5 - they're very efficient, fast, and friendly.",candidate matches,0,1,0,0,0,0,0,0
39,7,Had a great system going on!,unclassified,0,0,0,0,0,0,0,0
40,1,"That is the beauty of travel, you come up with something that you will always remember.",unclassified,0,0,0,0,0,0,0,0
40,2,"This is not super fancy, or fine dining, in fact, this is your daily around-the-corner restaurant, but trust me, this is the best rotisserie chicken with potatoes I ever had.",candidate matches,1,0,1,0,1,0,0,0
40,3,and I mean it.,unclassified,0,0,0,0,0,0,0,0
40,4,Especially Potatoes - what is this?,unclassified,0,0,0,0,0,0,0,0
40,5,"super soft, not dry, juicy - how do they cook it?",candidate matches,1,1,0,0,0,0,0,0
40,6,I know a thing or two about cooking and I know my boiled potatoes can never be this soft.,unclassified,0,0,0,0,0,0,0,0
40,7,"and though this is super popular across social media, - it deserves all those hypes.",unclassified,0,0,0,0,0,0,0,0
40,8,"Luckily, I reached by 12 so I did not have to be in the 40 mins, 1 hr long line.",candidate matches,0,0,0,1,0,0,0,0
40,9,I did not try their poutine (to be honest- I did not like the idea of it) I ordered-     1/2 Chicken served with fries & Salad.,candidate matches,1,1,1,0,0,1,1,0
40,10,"and being how greedy I am with food; I was about to order 2nd item - but as usual ""an unknown hero (aka my wife)"" came to save me and said- ""let's finish this first then we will order again"".",candidate matches,0,0,0,0,0,1,0,0
40,11,"and glad, she saved me because that one order- we both were not able to finish that- it was too much for us.",unclassified,0,0,0,0,0,0,0,0
40,12,"not sure half chicken is how many pieces, but it was like 2 legs, and one breast with wings - with like 10-15 pieces of ""amazing soft juicy [and I know I never going to have them in the future, no matter what unless I visit Portugal or visit Montreal again] potatoes"", with salad at the side.",candidate matches,1,0,0,0,0,1,1,0
40,13,"man, if I visit Montreal again, trust me I will visit for this only.",candidate matches,0,0,0,0,0,0,1,1
40,14,"Quantity: too much, one item can be enough for 2 people unless you are Dwayne Johnson Ambience: In two words, very cool.",candidate matches,1,0,0,0,0,0,0,0
40,15,I like how the establishment has managed to have a decent amount of seating while keeping the disturbance of the line flow to a minimum...,candidate matches,0,0,0,0,1,0,0,0
40,16,first you order at the entrance and then you pay.,candidate matches,0,0,0,0,0,1,0,0
40,17,There are a couple of two 6-seater tables and 6 long stools facing roads.,unclassified,0,0,0,0,0,0,0,0
40,18,that it Price: it was our cheapest and best meal of the Montreal trip- that says enough about this.,candidate matches,1,0,1,0,0,1,1,1
40,19,Ma Poule Mouillée is a counter service restaurant - great food for a reasonable price.,candidate matches,0,0,0,1,0,0,1,0
40,20,"The place is popular, drawing a varied clientele.",unclassified,0,0,0,0,0,0,0,0
42,1,"I was never overly interested in poutine (sorry, I can hear the gasps!",candidate matches,1,1,0,0,0,1,1,0
42,2,"lol), but when in Canada, right?",unclassified,0,0,0,0,0,0,0,0
42,3,OMG- their chicken & poutine was top notch.,candidate matches,1,1,1,0,0,1,1,0
42,4,"There was a small line around 8:00pm on a weekday, but nothing that was bad.",candidate matches,0,1,0,1,1,0,0,0
42,5,"The chicken was absolutely, hands down, AMAZING.",candidate matches,1,1,1,0,0,0,1,0
42,6,The pastel de nata was the best follow up dessert.,candidate matches,1,0,0,0,0,0,0,0
42,7,"I'm not going to lie, I also ate the leftovers for breakfast, too :) Seating is not really great for young kids (mostly high tops with just a few tables), but we just ran it back to our hotel!",candidate matches,0,0,0,0,1,1,0,0
42,8,Would highly recommend!,candidate matches,0,0,0,0,0,0,1,0
43,1,Nice neighborhood gem!,unclassified,0,0,0,0,0,0,0,0
43,2,This place was recommended by a friend and it did not disappoint.,candidate matches,0,0,0,0,1,0,1,1
43,3,Definitely a local spot because I wasn't sure what to order and the staff expected that I should.,candidate matches,0,1,0,0,0,1,1,0
43,4,They were extremely helpful though.,unclassified,0,0,0,0,0,0,0,0
43,5,I ordered the spicy chicken poutine.,candidate matches,1,1,0,0,0,1,1,0
43,6,It was served hot!,candidate matches,1,0,0,0,1,0,0,0
43,7,It was delicious but way too much food for me to finish in one sitting.,candidate matches,1,0,1,0,1,1,0,0
43,8,"If you're in the area, do yourself a favor and check this spot out!",candidate matches,0,0,0,0,1,1,1,0
44,1,We both love poutine.,candidate matches,1,1,0,0,0,1,1,0
44,2,We decided to give this place a try.,unclassified,0,0,0,0,0,0,0,0
44,3,The poutine here were the best non classic poutine we've ever had.,candidate matches,1,1,0,0,0,1,1,0
44,4,"If you love poutine, this place is a must try.",candidate matches,1,1,0,0,0,1,1,0
44,5,It's amazing!,unclassified,0,0,0,0,0,0,0,0
44,6,Generous portion!,unclassified,0,0,0,0,0,0,0,0
44,7,The line can be quire long but it moves pretty quickly.,candidate matches,0,1,0,1,0,0,0,0
44,8,Highly recommended.,candidate matches,0,0,0,0,0,0,1,0
44,9,We'll definitely go back!,candidate matches,0,0,0,0,0,0,1,0
45,1,I'll give a low rating because of the experience.,unclassified,0,0,0,0,0,0,0,0
45,2,Super busy with a line out the door and hectic inside.,candidate matches,0,0,0,1,1,0,0,0
45,3,I don't understand the menu so I talk with the person taking orders (not the cashier) and ask for the most popular item or what she recommends.,candidate matches,0,0,0,0,0,1,0,0
45,4,We go over options and I'm choosing something with options large and spicy.,unclassified,0,0,0,0,0,0,0,0
45,5,Almost certain a to-go person took my order but the cashiers have no idea and just gave it away.,candidate matches,0,0,0,0,0,1,0,0
45,6,Time passes and everyone behind me is getting their food so I ask if I need to order again.,candidate matches,0,1,0,0,0,1,0,0
45,7,A cashier talks to the woman I put my order with and tells me they're making it now.,candidate matches,0,0,0,0,0,1,0,0
45,8,"An order pops up that no one claims, so I ask is that mine -- and I guess it is.",unclassified,0,0,0,0,0,0,0,0
45,9,"If someone in the back ordered the same thing and took it, I'd still be in line.",unclassified,0,0,0,0,0,0,0,0
45,10,"Food-wise, I'd give it a 2-3 star.",candidate matches,1,0,1,0,0,0,0,1
45,11,Very bland and not spicy.,candidate matches,1,0,0,0,0,0,0,0
45,12,Would stay away from #8 and not get large,unclassified,0,0,0,0,0,0,0,0
46,1,"Great poutine, can be easily shared between 2-3 people with ease.",candidate matches,1,0,0,0,0,1,1,0
46,2,"Do not expect to get any seating here, as it is busy and the line never stops -- takeout is recommended",candidate matches,0,0,0,0,1,1,0,0
47,1,By far THE BEST poutine I've ever had.,candidate matches,1,1,0,0,0,1,1,0
47,2,Everything was delish!,unclassified,0,0,0,0,0,0,0,0
47,3,I got the poutine with the chicken and chouriço and my sons got a half chicken and the other poutine with just chouriço.,candidate matches,1,0,0,0,0,1,1,0
47,4,Amazing!!,unclassified,0,0,0,0,0,0,0,0
47,5,A must try.,unclassified,0,0,0,0,0,0,0,0
47,6,The line goes quick and the staff is friendly.,candidate matches,0,1,0,1,0,0,0,0
47,7,The place is small so it's a little crowded so probably best if you take it home to eat unless u get lucky and find a table.,candidate matches,0,0,0,0,1,1,1,0
47,8,Can't wait to come back,unclassified,0,0,0,0,0,0,0,0
48,1,We got the half chicken to go and we were able to replace the fries with only salad.,candidate matches,1,0,1,0,0,1,0,0
48,2,Service was friendly and fast.,candidate matches,0,1,0,1,0,0,0,0
48,3,Orders were placed at the front and then picked up and paid for at the back.,candidate matches,0,0,0,0,0,1,0,0
48,4,"Back at our hotel, we dug into our meal and the chicken was very moist and well seasoned.",candidate matches,1,1,0,0,0,0,1,0
48,5,We got the spicy sauce but it wasn't uniformly applied on our chicken so there would be bursts of heat in some mouthfuls but not others.,candidate matches,1,0,0,0,0,0,0,0
48,6,It was possible that the spicy sauce was reduced by the salad dressing.,candidate matches,1,1,0,0,0,0,0,0
48,7,However that did not distract from our enjoyment of this chicken.,candidate matches,1,1,0,0,0,0,0,0
48,8,It was one of the best we've eaten in a long time.,candidate matches,1,0,1,0,0,0,0,0
48,9,Overall a definite repeat should we come back to Montreal.,candidate matches,0,0,0,0,0,0,1,1
49,1,Ordered the Floreana Salad and didn't love it because the chicken was too fatty...,candidate matches,1,1,1,0,0,1,0,0
49,2,the chorizo was good and the portion was huge though.,candidate matches,1,0,1,0,0,0,0,0
49,3,Also loved the sauce.,unclassified,0,0,0,0,0,0,0,0
49,4,But I prefer shish taouk type chicken.,candidate matches,1,0,0,0,0,0,0,0
50,1,Chicken was amazing.,candidate matches,1,1,1,0,0,1,1,0
50,2,Seasoned beautifully and the charcoal flavor is wonderful.,candidate matches,1,0,0,0,0,0,0,0
50,3,We arrived around 7:45pm on a Sunday evening and waited about 30 min.,candidate matches,0,0,0,1,0,0,0,0
50,4,The ordering/paying/pickup process is pretty hectic once you get inside.,candidate matches,0,0,0,0,0,1,0,0
50,5,They fill orders from the line as the food is ready so you're not always called up numerically by the number they give you when you place your order.,candidate matches,0,1,0,0,0,1,0,0
50,6,"I'd seen on prior reviews that they had rice instead of fries, but that was not the case (only fries listed on the menu and I asked about rice - not available).",candidate matches,1,0,0,0,0,0,0,0
50,7,We also asked for the spicy sauce but they forgot to include so I was disappointed to not have a chance to try it.,unclassified,0,0,0,0,0,0,0,0
50,8,We ate in the store but the checkout line was so hectic I didn't feel Iike trying to go back to ask for sauce (and have them attempt to charge me again).,candidate matches,0,0,0,0,0,1,0,0
50,9,I made only a small dent in the gigantic box of fries that came with my chicken.,candidate matches,1,0,1,0,0,0,0,0
50,10,The person in front of me bought 10 pastel de nata and sold out the shop so I was also disappointed to not have a chance to try.,candidate matches,1,0,0,0,0,0,0,0
50,11,I got the half chicken with fries and salad and my husband got the chicken on dinner salad (pretty large).,candidate matches,1,0,1,0,0,1,0,0
50,12,Both are fairly large portions for the price.,candidate matches,1,0,1,0,0,0,0,0
50,13,The crusty dinner rolls ($1) are also tasty!,unclassified,0,0,0,0,0,0,0,0
50,14,I'd probably go back - but would try to go earlier in the day.,unclassified,0,0,0,0,0,0,0,0
51,1,This place is great.,candidate matches,0,0,0,0,1,0,0,0
51,2,"The poutine with chicken and sausage seems to be the most popular dish and it's solid, but the chicken is great on it's own or in a sandwich.",candidate matches,1,0,0,0,0,1,1,0
51,3,The fries are very good on their own as well.,candidate matches,1,0,1,0,0,0,0,0
51,4,There is usually a line outside the door but it does move quickly.,candidate matches,0,1,0,1,0,0,0,0
51,5,Plenty of seating inside but it's self seating so you will just need to see what is open.,candidate matches,0,0,0,0,1,1,0,0
51,6,Baked goods like the pasteis de nata and other things are really good so don't miss out on those.,candidate matches,1,0,0,0,0,0,0,0
51,7,Great place to visit if you are in Montreal.,candidate matches,0,0,0,0,0,0,1,1
52,1,Great place!!,candidate matches,0,0,0,0,0,1,0,0
52,2,Very tasty food!,candidate matches,1,1,1,0,0,0,0,0
52,3,Good prices.,unclassified,0,0,0,0,0,0,0,0
52,4,"Bad part, it is always crowded.",candidate matches,0,1,0,0,1,0,0,0
52,5,Go early or you will find 45 minutes of waiting.,candidate matches,0,0,0,1,0,0,0,0
53,1,"On the quest to find the best poutine in Montréal, we had to visit the highly recommended Ma Poule Mouillée.",candidate matches,1,1,0,1,0,1,1,0
53,2,"They specialize in Peruvian rotisserie chicken, and the platters themselves look amazing.",candidate matches,1,0,0,0,0,0,1,0
53,3,"But, the poutine was out of this world and such a run take on the Canadian classic dish.",candidate matches,1,1,0,0,0,1,1,0
53,4,"The chicken was perfectly succulent and crispy, and we loved the tangy hot sauce that topped it all.",candidate matches,1,0,0,0,0,0,1,0
53,5,"It's more of a takeout place, and was pretty crowded.",candidate matches,0,1,0,1,1,1,0,0
53,6,"But, if you wait about 5 mins a table should open up.",unclassified,0,0,0,0,0,0,0,0
54,1,Also can't leave Montreal without trying poutine!,candidate matches,1,1,0,0,0,1,1,1
54,2,Heard this place is better than La Banquise so stopped by for lunch.,candidate matches,0,0,0,0,1,0,1,0
54,3,"When you enter, you first place your order with one of the servers.",candidate matches,0,1,0,0,0,0,0,0
54,4,Then you make your way to the cashier area and pay when your order is ready.,candidate matches,0,0,0,0,0,1,0,0
54,5,There are several tables but this place is popular so plan for takeout if you come during the lunch rush.,unclassified,0,0,0,0,0,0,0,0
54,6,"The menu is entirely in French but if you're here for the poutine, which most people are, it's #8 on the menu and you have the option of ordering either the small or large size.",candidate matches,1,1,0,0,0,0,1,0
54,7,"Unless you come with a party of more than 5, would recommend getting the small because even that is a huge portion.",unclassified,0,0,0,0,0,0,0,0
54,8,"We did see a group of teenagers order a small each, which had us worried because it's basically a heart attack on a plate.",unclassified,0,0,0,0,0,0,0,0
54,9,"Very heavy, greasy, and salty.",candidate matches,1,0,0,0,0,0,0,0
54,10,Something I would try once but probably not have again in the near future.,unclassified,0,0,0,0,0,0,0,0
54,11,Sort of like the case with Chicago deep dish pizza haha.,unclassified,0,0,0,0,0,0,0,0
54,12,I did enjoy the rotisserie chicken and cheese on top of the fries though but was not a fan of the chorizo because it was too hard and salty.,candidate matches,1,0,1,0,0,1,0,0
55,1,We love Portuguese chicken and we're excited to find one in Montreal.,candidate matches,1,0,0,0,0,0,1,0
55,2,It's cooked the classic way over fire and rotated.,candidate matches,1,0,0,0,0,0,0,0
55,3,We ordered a whole chicken what I thought was supposed to be small fries and a small salad but they were huge The chicken was tender.,candidate matches,1,1,1,0,0,1,0,0
55,4,And actually fed the two of us for a couple of days.,unclassified,0,0,0,0,0,0,0,0
55,5,"There was a huge line around the corner, but someone suggested we call in the order and it was ready in 15 minutes so we didn't have to wait in line.",candidate matches,0,1,0,1,1,0,0,0
55,6,Highly recommend.,candidate matches,0,0,0,0,0,0,1,0
56,1,Now I see why this place was recommended by everyone online of where to eat poutine in Montreal.,candidate matches,1,1,0,0,0,1,1,1
56,2,I got the small #8 ($14).,unclassified,0,0,0,0,0,0,0,0
56,3,It was an enormous portion for a small and the container had to weigh more than 2 pounds.,unclassified,0,0,0,0,0,0,0,0
56,4,The chicken had a pleasant grill taste to it in the cards along with the chorizo made for a perfect meal.,candidate matches,1,0,1,0,0,0,0,0
56,5,The rich gravy was amazing and the french fries held up to it and all the toppings.,candidate matches,1,0,1,0,0,1,0,0
58,1,"So many places online said this was the best poutine in Montreal, and it didn't disappoint!!",candidate matches,1,1,0,0,0,1,1,1
58,2,"I'm not the biggest poutine fan, but this was delicious.",candidate matches,1,1,0,0,0,1,1,0
58,3,It's like gravy and cheesy goodness with super tender chicken.,candidate matches,1,0,0,0,0,0,1,0
58,4,There's also sausage on it for meat lovers.,unclassified,0,0,0,0,0,0,0,0
58,5,Portion was huge for a petit size and it lasted me two meals.,candidate matches,1,0,1,0,0,0,0,0
58,6,Service is rather fast.,candidate matches,0,1,0,0,0,0,0,0
58,7,You order in this line at the counter and can watch them make it.,candidate matches,0,0,0,0,0,1,0,0
58,8,"It is hard to find seating inside, but you can get your order to go or sit in.",candidate matches,0,0,0,0,1,1,0,0
59,1,"The yummiest Portuguese grilled chicken in Montreal came with a load of fries and a fresh salad, especially the sauce.",candidate matches,1,1,1,0,0,1,1,0
59,2,"oh, Chorizo Sausage is so good too.",candidate matches,1,0,0,0,0,0,0,0
59,3,"got the #8 The place is small and very noisy, but they have some tables for dining in.",candidate matches,0,0,0,0,1,1,0,0
59,4,You need to wait in line for at least 20 minutes or more but Worth the wait.,candidate matches,0,0,0,1,0,0,0,0
59,5,Food: 5/5    Service: 4/5  Atmosphere: 4/5,unclassified,0,0,0,0,0,0,0,0
60,1,"Located in the Plateau Mont-Royal neighborhood of town, MA Poulle Mouillée is a very popular, no-frills spot that's as famous for it's insanely long lines and wait times as it is for their succulent Portuguese style chicken.",candidate matches,0,0,0,1,0,0,1,0
60,2,"And while trying to get that aforementioned chicken can easily require standing in a line anywhere from 45 minutes to 90 minutes, most loyalists would say that it's absolutely worth the trouble and I would agree.",candidate matches,0,1,0,0,0,0,0,0
60,3,"Jean-Jacques Rousseau once said ""Patience is bitter, but its fruit is sweet"" and boy was he right.",unclassified,0,0,0,0,0,0,0,0
60,4,The chicken coming out of this place is absolutely insane.,candidate matches,1,0,0,0,0,0,1,0
60,5,"It's full of flavor, it's moist and it is one of the bites of food I've had in a very long time.",candidate matches,1,0,0,0,0,0,0,0
60,6,"Depending on what you order, the contents of your box might change a bit but I recommend you get the ""Le Tremblay"" option for $16CAD which features some chicken breast, a ton of fries and a side salad of greens with shaved carrots in a delicious vinaigrette.",candidate matches,1,0,1,0,0,1,0,0
60,7,"Don't share, just chow down in shame.",unclassified,0,0,0,0,0,0,0,0
60,8,"It's greasy, it's tasty and full of flavor.",candidate matches,1,0,0,0,0,1,0,0
60,9,"If you're super hungry (you must be American - hi!) you can get other, larger options: ones with chorizo or even befana and while the first is scrumptious, the befana was nothing to write home about and ordering it isn't something I'd do again.",unclassified,0,0,0,0,0,0,0,0
60,10,Honestly the Tremblay is plenty of food.,candidate matches,1,0,1,0,0,0,0,0
60,11,"Service wasn't particularly friendly or fast - but man, it just doesn't matter.",candidate matches,0,1,0,0,0,0,0,0
60,12,Just get in line and you'll be rewarded with a Portuguese feast which shines some spotlight on a cultural piece of Montreal that few other places can showcase as well.,candidate matches,0,0,0,0,0,0,1,1
60,13,A+,unclassified,0,0,0,0,0,0,0,0
61,1,A must go-to spot whenever I'm visiting Montreal.,candidate matches,0,0,0,0,0,0,1,1
61,2,"This small no-frills dining joint specializes in fresh and tasty roasted Portuguese chicken, and it is always done excellently.",candidate matches,1,0,0,0,0,0,1,0
61,3,"The portions are always huge for the price (one is enough for two meals honestly), and the chicken is super moist, juicy, and tender.",candidate matches,1,0,1,0,0,0,0,0
61,4,"Their poutine is also amazing, one of my favourites in Montreal.",candidate matches,1,1,0,0,0,1,1,1
61,5,"Service is curt, but you're here for the food and it comes out fast.",candidate matches,0,1,0,1,0,0,0,0
61,6,There's limited tables/seating available on the inside and sometimes a line to get in during the busier season.,candidate matches,0,0,0,0,1,1,0,0
61,7,Definitely recommend adding this spot to your Montreal foodie itinerary.,candidate matches,0,0,0,0,0,0,1,1
62,1,"What a wonderful surprise, my wife I just walked in without knowing anything about this restaurant and enjoyed a wonderful meal....my grandson would love it here.",candidate matches,1,0,1,0,1,1,1,0
64,1,Exceeded my expectations!,unclassified,0,0,0,0,0,0,0,0
64,2,We were visiting from California and don't speak French (google translate is very helpful for the menu!).,candidate matches,0,1,0,0,0,0,0,0
64,3,The woman helping us was very kind and helpful with any questions I had.,unclassified,0,0,0,0,0,0,0,0
64,4,We ordered the half chicken with fries and salad and everything was so delicious!!!,candidate matches,1,1,1,0,0,1,0,0
64,5,The chicken was so good and tender.,candidate matches,1,1,1,0,1,1,1,0
64,6,I'm still thinking about this meal!,candidate matches,1,0,1,0,0,1,0,0
64,7,"I have a sensitive stomach (mainly sensitive to dairy) and I did end up with a slight stomach ache afterward so I'm thinking there may be some sort of dairy in the sauce or something, but honestly worth it!",unclassified,0,0,0,0,0,0,0,0
64,8,Definitely a MUST TRY,candidate matches,0,0,0,0,0,0,1,0
65,1,Large portions.,candidate matches,1,0,0,0,0,0,0,0
65,2,I was expecting more flavor in the chicken.,candidate matches,1,1,0,0,0,0,0,0
65,3,"Spicy was not spicy, mild at best.",candidate matches,1,0,0,0,0,0,0,0
65,4,Good to be a potato farmer in Canada.,unclassified,0,0,0,0,0,0,0,0
65,5,The side of fries was nauseating.,candidate matches,1,0,0,0,0,0,0,0
65,6,Some parts of the chicken were chewy from being dried out.,candidate matches,1,1,0,0,0,0,0,0
65,7,Order at counter.,candidate matches,0,0,0,0,0,1,0,0
65,8,Quick service.,candidate matches,0,1,0,0,0,0,0,0
65,9,Definitely had a fast food vibe in terms of ambience.,candidate matches,0,0,0,0,1,0,0,0
65,10,I won't be craving this anytime soon.,unclassified,0,0,0,0,0,0,0,0
66,1,Why is is so hard to order???,candidate matches,0,1,0,0,0,0,0,0
66,2,As an American trying to get some poutine here it was so difficult.,candidate matches,1,1,0,0,0,1,1,0
66,3,Their menu didn't even look like there was poutine on it so we didn't know how to order and when we asked they were so stuck up so we ended up not even getting the poutine and just chicken and fries.,candidate matches,1,1,1,0,0,1,1,0
66,4,But even so the portion was more like fries with a side of chicken.,candidate matches,1,0,1,0,0,1,0,0
66,5,They are absolutely not friendly to Americans at all because they were already giving us snarky looks when we were literally just trying our best to figure out how to order.,unclassified,0,0,0,0,0,0,0,0
66,6,"I understand that we may come off as ""annoying"" but like help us out here.",unclassified,0,0,0,0,0,0,0,0
66,7,Overall the food we got was OKAY.,candidate matches,1,0,1,0,1,1,0,0
66,8,Nothing special whatsoever.,unclassified,0,0,0,0,0,0,0,0
66,9,Felt like regular chicken and fries to me.,candidate matches,1,0,1,0,0,0,0,0
67,1,Insanely delicious!,unclassified,0,0,0,0,0,0,0,0
67,2,Some of the best food I had in Montreal.,candidate matches,1,0,1,0,0,1,1,1
67,3,Don't be deterred by the line -- it moves fast.,candidate matches,0,1,0,1,0,0,0,0
67,4,They give you a TON of food: we made the mistake of ordering a large poutine in addition to our meals but a small would have been so much more than enough.,candidate matches,1,1,1,0,0,1,1,0
67,5,The chicken is tender and so flavorful.,candidate matches,1,0,0,0,0,0,1,0
67,6,"The poutine is really special; covered with Portuguese chicken, chorizo, and gravy.",candidate matches,1,1,0,0,0,1,1,0
67,7,And the chicken sandwich was also delicious.,candidate matches,1,1,1,0,0,1,0,0
67,8,Come here if you're in Montreal!,candidate matches,0,0,0,0,0,0,1,1
67,9,Just order less food then you think,candidate matches,0,1,0,0,0,1,0,0
68,1,Yummy dishes.,candidate matches,0,0,0,0,1,0,0,0
68,2,I have been here 3 times and ordered different things.,candidate matches,0,0,0,0,0,0,1,0
68,3,Each hit the spot and was satisfying.,unclassified,0,0,0,0,0,0,0,0
68,4,Thanks to the chef for doing a good job.,unclassified,0,0,0,0,0,0,0,0
68,5,The staff took my special instructions and it showed in the result.,unclassified,0,0,0,0,0,0,0,0
69,1,This Portuguese chicken is amazing.,candidate matches,1,0,0,0,0,0,1,0
69,2,It's a must try if Montreal.,candidate matches,0,0,0,0,0,0,1,1
69,3,The line can be very long and seating inside is limited.,candidate matches,0,0,0,1,0,0,0,0
69,4,Worth the wait though as the chicken is very flavorful.,candidate matches,1,1,0,0,0,0,0,0
69,5,You can see them making it fresh as you step up to order.,candidate matches,0,1,0,0,0,0,0,0
69,6,Half chicken comes with fries and salad.,candidate matches,1,0,1,0,0,1,0,0
69,7,Good portion size,unclassified,0,0,0,0,0,0,0,0
70,1,"My friend and I were stuck in Montreal and were recommended by a Canadian friend to go try some ""well-known"" poutine.",candidate matches,1,1,0,0,0,1,1,1
70,2,"I've never been a fan of poutine in the States, but fully acknowledge I've probably never had high-quality poutine.",candidate matches,1,1,0,0,0,1,1,0
70,3,We read the reviews for this shop and fully expected the long wait.,candidate matches,0,0,0,1,0,0,0,0
70,4,"Service was fast and NOT rude (we read many reviews saying they were rude), and we made sure to grab some egg tarts on the way out the door.",candidate matches,1,1,0,0,0,1,0,0
70,5,We ordered the #8 poutine half size and did not regret it.,candidate matches,1,0,0,0,0,1,1,0
70,6,"Overall, the poutine was incredibly savory - would highly recommend getting a salad or soda to cut the salt.",candidate matches,1,1,0,0,0,1,1,0
70,7,Each item in the poutine was quality!,candidate matches,1,1,1,0,0,1,1,0
70,8,"Fries were crisp (not soggy under the gravy), gravy had a nice flavor, chicken was moist and the skin was a nice touch, and cheese curds were tasty with a nice chew and flavor.",candidate matches,1,0,0,0,0,1,0,0
70,9,"Very busy inside on a Sunday afternoon, most folks order and grab takeout.",candidate matches,0,0,0,0,1,0,0,0
70,10,Lots of families too.,unclassified,0,0,0,0,0,0,0,0
70,11,"Friend's Review: ""The chicken was the best thing.",candidate matches,1,1,1,0,0,0,1,0
70,12,"Just go and get the chicken.""",candidate matches,1,1,0,0,0,1,0,0
71,1,The line is long but it moves fast!,candidate matches,0,1,0,1,0,0,0,0
71,2,I had to let a couple people pass me because I was still taking in the menu and the ordering system.,candidate matches,0,0,0,0,0,1,0,0
71,3,"You basically get in line and order while youre moving along, then pay once you reach the register.",unclassified,0,0,0,0,0,0,0,0
71,4,"I got a small #8 (came with cheese, chorizo and the portuguese chicken) as well as one portguese tart.",candidate matches,1,0,0,0,0,1,0,0
71,5,The tart was cold but divine flaky goodness.,candidate matches,1,0,0,0,0,0,0,0
71,6,"The poutine, while a small size, is probably enough for 2-3 people to split.",candidate matches,1,0,0,0,0,1,1,0
71,7,My favorite part was the crispiness and the flavorful chicken.,candidate matches,1,1,1,0,1,1,0,0
71,8,"There are a couple of tables in the area across the street, as well as a park you can take your poutine to eat in if you dont opt to dine inside.",candidate matches,1,1,0,0,1,1,1,0
72,1,"With all the rave, I was really excited to try this for one of my dinner meals.",unclassified,0,0,0,0,0,0,0,0
72,2,"We went at 8pm and yes, there is a long line around the corner.",candidate matches,0,1,0,1,1,0,0,0
72,3,"And yes, it did moved fast.",candidate matches,0,1,0,1,0,0,0,0
72,4,We waited 30 mins.,candidate matches,0,0,0,1,0,0,0,0
72,5,The order system is very chaotic.,unclassified,0,0,0,0,0,0,0,0
72,6,"First a lady approached you and you tell them your order,  then a second lady comes to you while the line moves towards the register, you tell her your order again shouting on top of your lungs through this opening on the glass.",unclassified,0,0,0,0,0,0,0,0
72,7,"She packs your order, put it on top of a tray, and then to the register to pay.",candidate matches,0,0,0,0,0,1,0,0
72,8,"But by that time, you really lost track, which is your order, and you have to repeat your order over again.",unclassified,0,0,0,0,0,0,0,0
72,9,"It got really confusing, the yelling, the language barrier at least for a first timer.",unclassified,0,0,0,0,0,0,0,0
72,10,"The food, chicken was only ok.",candidate matches,1,1,1,1,1,1,1,0
72,11,It's not as moist as expected.,unclassified,0,0,0,0,0,0,0,0
72,12,"Actually, dry.",unclassified,0,0,0,0,0,0,0,0
72,13,The rave about poutine was too salty and overwhelming.,candidate matches,1,1,0,0,0,1,1,0
72,14,$3.50 for the Salad was a  fancy little salad.,candidate matches,1,0,1,0,0,1,0,0
72,15,It's got the nice vingarette dressing.,unclassified,0,0,0,0,0,0,0,0
72,16,I loved my salad.,candidate matches,1,1,1,0,0,1,0,0
72,17,Came the desert.,unclassified,0,0,0,0,0,0,0,0
72,18,The Portuguese egg tart was not what excepted.,candidate matches,1,0,0,0,0,0,0,0
72,19,The filling is not a cream but a custard cake like texture.,unclassified,0,0,0,0,0,0,0,0
72,20,"Nevertheless, it's not that sweet and love the texture of the crust.",unclassified,0,0,0,0,0,0,0,0
72,21,"Lastly, I also got a flan.",unclassified,0,0,0,0,0,0,0,0
72,22,"It was overly sweet, and the texture is not consistently smooth.",unclassified,0,0,0,0,0,0,0,0
72,23,I am glad I waited to try what the rave is about.,unclassified,0,0,0,0,0,0,0,0
72,24,"Otherwise, I wouldn't get to write this review.",unclassified,0,0,0,0,0,0,0,0
72,25,For the food and service was OK.,candidate matches,1,1,1,1,1,0,0,0
72,26,Probably won't go back for the second time.,unclassified,0,0,0,0,0,0,0,0
73,1,There's  lots of hype on social media posted about Ma Poule Mouillee and I was excited to try it.,candidate matches,0,0,0,1,0,0,1,0
73,2,I was a bit skeptical if it would actually live up to its name.,unclassified,0,0,0,0,0,0,0,0
73,3,Goodness I was pleasantly surprised to find that this was indeed a very moist fire roasted Portuguese chicken.,candidate matches,1,0,0,0,0,0,1,0
73,4,I am always reluctant to order chicken in an establishment as it's oftentimes dry and overcooked.,candidate matches,1,1,0,0,0,0,1,0
73,5,"In my opinion condiments and sauces should enhance what you are eating, not be a necessary addition to revive your dish.",unclassified,0,0,0,0,0,0,0,0
73,6,"If you arrive during peak dining hours, be prepared to wait on a line that extends outside of the eatery.",candidate matches,0,1,0,1,0,1,0,0
73,7,It does go quick though cause  the staff behind the counters are efficient like well oiled machinery.,candidate matches,0,1,0,0,0,0,0,0
73,8,"I ordered a half chicken with fries and salad, two orders of a chicken quarter which also came with the same sides as well as a large poutine with chicken, chorizo, cheese curds and gravy.",candidate matches,1,1,0,0,0,1,0,0
73,9,You are also asked if you'd like a mild or spicy sauce which they top onto your chicken.,candidate matches,1,0,0,0,0,0,1,0
73,10,"For my after dinner goodie, I got traditional flan, coconut flan as well as a cream cannoli for good measure.",candidate matches,1,0,0,0,0,0,0,0
73,11,They had a nice selection of Portuguese desserts and breads.,unclassified,0,0,0,0,0,0,0,0
73,12,"Additionally I saw two types of flan, and Portuguese egg tarts as well as typical French goodies yum!",candidate matches,1,0,0,0,0,0,0,0
73,13,Entrees are packed in to go boxes as well as your side salads.,candidate matches,1,0,0,0,1,1,0,0
73,14,That is a bonus as I do not like my cold mixed salad greens in vinaigrette touching my hot food.,unclassified,0,0,0,0,0,0,0,0
73,15,The portions here are generous and you more than likely will take your leftovers to go.,candidate matches,1,0,0,0,0,1,0,0
73,16,There is decent indoor seating for this cozy establishment.,candidate matches,0,0,0,0,1,1,0,0
73,17,"Although every seat was taken, by the time I placed my order I was able to secure a table.",unclassified,0,0,0,0,0,0,0,0
73,18,"Be aware that if you are a serious condiment lover, such as myself they do not give you more than one or two tiny cups per entree.",candidate matches,1,0,0,0,0,0,0,0
73,19,When I asked for another small portion of their house made sauce the lady at the counter charged me a dollar.,candidate matches,0,0,0,0,0,1,0,0
73,20,Not sure that is the case for everyone though cause there were plenty others asking for extra.,unclassified,0,0,0,0,0,0,0,0
73,21,I am guessing it depends on who is at the checkout counter?,candidate matches,0,0,0,0,0,1,0,0
73,22,All in all it was a nice experience and the chicken was very memorable especially the chicken chorizo poutine which they are known for.,candidate matches,1,1,1,0,1,1,1,0
73,23,I would eat there again for sure.,unclassified,0,0,0,0,0,0,0,0
74,1,BEST POUTINE IN MONTREAL.,candidate matches,1,1,0,0,0,1,1,1
74,2,Hands down this was bomb and there is a reason why there is such a long lineup that goes around the restaurant.,candidate matches,0,0,0,0,1,1,0,0
74,3,#8 Bon les portugals font de la poutine ($18) ~ SOOO GOOOD the chorizo was so flavourful and delicious with their roast chicken.,candidate matches,1,1,0,0,0,0,0,0
74,4,The cheese was perfectly melted and the gravy was so flavorful with the crispy fries.,candidate matches,1,0,0,0,0,0,0,0
74,5,The cheese pull was insane and sooo good.,unclassified,0,0,0,0,0,0,0,0
74,6,Probably the best poutine ive ever had and 10/10 would come back just for this.,candidate matches,1,0,0,0,0,1,1,0
74,7,It was good and delicious.,candidate matches,1,0,1,0,1,0,0,0
74,8,Perfect for sharing as well.,unclassified,0,0,0,0,0,0,0,0
74,9,They roast the chicken fresh and daily and it makes the poutine 10x better.,candidate matches,1,0,0,0,0,1,1,0
74,10,Overall a place I highly recommend because of how good it is.,candidate matches,0,0,0,0,1,0,1,0
75,1,I always visit here whenever I'm in Montreal!,candidate matches,0,0,0,0,0,0,1,1
75,2,Love their portugese chicken and their portugese tart!,candidate matches,1,0,0,0,0,0,1,0
75,3,Got their #8.,unclassified,0,0,0,0,0,0,0,0
75,4,"Bon, Les Portugais Font De La Poutine (Poutine with Chicken and Chorizo) and their #1 Le Tony Alves (whole chicken) Portions were massive, and their chicken is seriously top notch!",candidate matches,1,1,0,0,0,1,1,0
75,5,Love how well the flavours work with the poutine.,candidate matches,1,1,0,0,0,1,1,0
75,6,Definitely recommend getting a drink to go with your meal since it can get a little salty near the end.,unclassified,0,0,0,0,0,0,0,0
75,7,But superb chicken!,candidate matches,1,1,0,0,0,0,0,0
76,1,A warm and filling meal for the soul.,candidate matches,0,1,0,0,0,0,0,0
76,2,"No frills order and grab your food at the counter spot, expect a line around the corner.",candidate matches,0,1,0,1,0,1,0,0
76,3,It'll be about a 20-30min wait.,candidate matches,0,0,0,1,0,0,0,0
76,4,"Their poutine is topped with cheese curds chicken and chorizo - a large is more than enough for 3-4 people to share, it's filling and heavy.",candidate matches,1,1,0,0,0,1,1,0
76,5,The whole chicken is a bit salty and so are the fries/ chicken chorizo combo.,candidate matches,1,0,1,0,0,0,0,0
76,6,Nice to try once while you're in the area!,candidate matches,0,0,0,0,0,0,1,0
76,7,"Their egg tarts are yummy but are served cold, they taste much better warmed up in the oven - they're sold for $2 a piece or $10 for 6",candidate matches,1,0,0,0,0,0,0,0
77,1,"Huge portions, did not expect the large to be that big.",candidate matches,1,0,1,0,0,0,0,0
77,2,Grabbed the poutine and their egg tart to try.,candidate matches,1,0,0,0,0,1,1,0
77,3,"The poutine was really good, maybe the best one I've had so far but it did get a bit tiring towards the end.",candidate matches,1,0,1,0,0,1,1,0
77,4,I find that the sauce was a bit too much.,unclassified,0,0,0,0,0,0,0,0
77,5,"I liked the chicken, it was juicy and had lots of flavour but the gravy overpowered it.",candidate matches,1,1,1,0,0,1,1,0
77,6,"I enjoyed the egg tart, it was nice and creamy.",candidate matches,1,0,0,0,0,0,0,0
78,1,"I came to Montreal during restaurant week and out of all of the delicious meals I had during my stay, this one stood out above the rest.",candidate matches,1,1,1,0,1,1,1,1
78,2,"I had seen a picture online of the fish that I wanted, a #8, which is a rotisserie chicken and chorizo poutine, I opted for ""hot"" (more piquant) sauce as well.",candidate matches,1,0,0,0,0,1,0,0
78,3,I opted for the small size as I wanted to eat a lot more that day and I'm honestly glad I did.,unclassified,0,0,0,0,0,0,0,0
78,4,"I can eat a lot of food but the amount that they packed into that small, aluminum container nearly had me bursting at the gills; cheese curds are no joke!",unclassified,0,0,0,0,0,0,0,0
78,5,"This was one of those meals where you take a bite and are immediately in another world, where nothing else matters, and all you want to do is keep eating.",unclassified,0,0,0,0,0,0,0,0
78,6,"At first, I was devouring my meal but as it quickly started to disappear, I knew I had to savour it and make this moment last as long as I could.",unclassified,0,0,0,0,0,0,0,0
78,7,"The inside, though small, had comfortable seating, with plenty of views of the surrounding neighborhood.",candidate matches,0,0,0,0,1,1,0,0
78,8,"Though I thought this place would be touristy, I was eating with locals and construction workers.",candidate matches,1,1,1,0,1,0,1,1
78,9,"Sitting there eating, I felt like I knew a secret that other travelers did not.",candidate matches,0,0,0,0,1,0,0,0
78,10,"For dessert, I got two pasteis de natas to really still down that Portuguese flavor.",candidate matches,1,0,0,0,0,0,0,0
78,11,Do yourself a favor and come here.,unclassified,0,0,0,0,0,0,0,0
78,12,I am honestly kicking myself that I didn't make it here twice during my four day stay.,unclassified,0,0,0,0,0,0,0,0
79,1,"Wow, first time trying poutine and I'm glad I came here to try it.",candidate matches,1,1,0,0,0,1,1,0
79,2,Everything was in french but I managed to order poutine with everything on it.,candidate matches,1,1,0,0,0,1,1,0
79,3,It was a delicious surprise and it surpassed many disco fries I've had in the US.,candidate matches,1,0,1,0,0,0,0,0
79,4,The place is small and busy but the line moves quickly.,candidate matches,0,1,0,1,1,0,0,0
79,5,There is not alot of seating so maybe ask for it to go if you don't find any.,candidate matches,0,0,0,0,1,1,0,0
80,1,Not too much seating in this restaurant but the food is absolutely amazing!,candidate matches,1,0,1,0,1,1,0,0
80,2,I wished we had another day to go back and get more chicken!,candidate matches,1,0,0,0,0,1,1,0
80,3,"We stopped here because of the somebody feed Phil episode and true to what was said in the episode, the chicken is so juicy and flavorful, it's delicious.",candidate matches,1,0,0,0,0,0,1,0
80,4,We were able to order in English and the lady behind the counter gave us suggestions on what to get.,unclassified,0,0,0,0,0,0,0,0
80,5,Nothing was disappointing.,candidate matches,0,0,0,0,0,0,0,1
80,6,The Portuguese tarts were all very delicious as well.,candidate matches,1,0,0,0,0,0,0,0
80,7,Salads were fresh.,candidate matches,1,1,0,0,0,1,0,0
80,8,"This does seem to be more of either a take out or eat quickly then leave, not necessarily a nice sit down dinner place.",candidate matches,0,1,0,0,0,1,0,0
80,9,Definitely in the list to come back here when I visit.,unclassified,0,0,0,0,0,0,0,0
81,1,Best chicken ever!!!,candidate matches,1,1,0,0,0,0,1,0
81,2,OMG The French fries!!!,candidate matches,1,0,1,0,0,0,0,0
81,3,Were awesome!,unclassified,0,0,0,0,0,0,0,0
81,4,The service is Great!,candidate matches,0,1,0,0,0,0,0,0
81,5,The ambiance excellent!,unclassified,0,0,0,0,0,0,0,0
81,6,A lot of people but the guys inside the kitchen work very hard and fast   So everyone gets their favorites and enjoy!,candidate matches,0,0,0,0,1,0,0,0
82,1,I always recommend Ma Poule for their poutine!,candidate matches,1,1,0,1,0,1,1,0
82,2,Their poutine is loaded and there's a hefty amount of protein from the grilled chicken and chorizo.,candidate matches,1,1,0,0,0,1,1,0
82,3,"Their portions are huge, so a small could fill you up, but a large makes it easily shareable.",unclassified,0,0,0,0,0,0,0,0
82,4,Their Portuguese roast chicken is also very worth trying!,candidate matches,1,0,0,0,0,0,1,0
82,5,You can opt for a whole or half chicken.,candidate matches,1,0,0,0,0,1,0,0
82,6,The serving sizes here are pretty big.,candidate matches,1,0,0,0,0,0,0,0
82,7,"Most of it comes with a side of fries and salad, but you can also just opt for the chicken alone.",candidate matches,1,0,1,0,0,1,0,0
82,8,It's super tender and juicy!,candidate matches,1,0,0,0,0,0,0,0
82,9,"A very good post workout meal There might be a long line sometimes, but it moves rather quickly and the staffs working their hardest.",candidate matches,0,1,0,0,0,0,0,0
82,10,There's ample indoor seating.,candidate matches,0,0,0,0,1,1,0,0
82,11,You won't be allocated any seating.,candidate matches,0,0,0,0,1,1,0,0
82,12,"It's more of a cafeteria styled establishment, but I notice a lot of people eating outside as well.",candidate matches,0,0,0,0,1,1,0,0
83,1,"If you're looking for a delicious poutine to have and share with multiple friends, look no further.",candidate matches,1,1,0,0,0,1,1,0
83,2,We shared the petite poutine size between two people.,candidate matches,1,1,0,0,0,1,1,0
83,3,"If we were hungry and wanting that as a meal, it would still be very filling.",unclassified,0,0,0,0,0,0,0,0
83,4,The fries remained crisp and were clearly freshly fried.,candidate matches,1,0,0,0,0,0,0,0
83,5,The gravy and cheese curds hit the spot.,candidate matches,0,0,0,0,0,1,0,0
83,6,They also have many other great options with their freshly cooked chicken and a small bakery.,candidate matches,1,1,1,0,0,0,1,0
83,7,The service was quick and the tables in the corner allow for quick seating to enjoy your meal and watch the park scenery outdoors.,candidate matches,0,1,0,0,1,1,0,0
83,8,A great place to stop by for anyone who enjoys poutine.,candidate matches,1,1,0,0,0,1,1,0
85,1,Been to MPM a few more times since my original review so I decided an update was in order.,unclassified,0,0,0,0,0,0,0,0
85,2,It's a great spot to grab food and head over to Parc Lafontaine.,candidate matches,0,0,0,0,1,0,1,0
85,3,We dropped in on a Sunday afternoon (around 2:00pm) and it was busy.,candidate matches,0,0,0,0,0,1,0,0
85,4,We lucked out and snagged two tables at their patio outside.,unclassified,0,0,0,0,0,0,0,0
85,5,The menu is up on the walls; the menu du jour is a nice change up.,unclassified,0,0,0,0,0,0,0,0
85,6,"They had three options (calamari, mixed combo, beef brochette and salmon).",unclassified,0,0,0,0,0,0,0,0
85,7,Trip #1 - Combo mixte ($14.00) - such a good deal.,unclassified,0,0,0,0,0,0,0,0
85,8,"You get a salad, fries and meat; chicken (two thighs and a drumstick), pork chops and sausage.",candidate matches,1,1,0,0,0,1,0,0
85,9,I have no idea how you can finish this alone but it's perfect for sharing.,unclassified,0,0,0,0,0,0,0,0
85,10,"Pork chops were incredibly tender, sausage had a nice bit of heat and the chicken was moist.",candidate matches,1,0,0,0,0,0,0,0
85,11,Get it piquant (spicy!).,unclassified,0,0,0,0,0,0,0,0
85,12,- 4x Natas ($1.50) - still as good and creamy as last time.,candidate matches,1,0,0,0,0,0,0,0
85,13,Totally hit the spot.,unclassified,0,0,0,0,0,0,0,0
85,14,Trip #2 - Tony alves (#1) ($15.00) - whole chicken.,candidate matches,1,0,0,0,0,1,0,0
85,15,We got it spicy.,candidate matches,0,0,0,0,0,1,0,0
85,16,"A little greasy but overall, pretty good.",unclassified,0,0,0,0,0,0,0,0
85,17,- Grilled calamari ($15.00) - this took forever to come out and it was a really small portion.,unclassified,0,0,0,0,0,0,0,0
85,18,Quite oily but not bad.,candidate matches,0,0,0,0,0,1,0,0
85,19,Probably not worth the price point.,unclassified,0,0,0,0,0,0,0,0
85,20,Stick with the chicken.,candidate matches,1,1,0,0,0,0,0,0
85,21,- A salada matilde (#10) ($9.00 large) - we got a large salad without the chicken.,candidate matches,1,0,1,0,0,1,0,0
85,22,The best part was the homemade honey Dijon salad.,candidate matches,1,0,0,0,0,1,0,0
85,23,"- Bon, les Portugais font de la poutine ($14.00 large) - poutine with São Jorge cheese, chicken and grilled sausage.",candidate matches,1,0,0,0,0,0,0,0
85,24,This was the best out of three poutines we ate (the other two were from La Banquise).,candidate matches,1,1,0,0,0,1,1,0
85,25,"Good fries, good cheese and tender meats.",candidate matches,1,0,1,0,0,1,0,0
85,26,A small ($9.00) is more than enough.,unclassified,0,0,0,0,0,0,0,0
85,27,- 2x Le p'tit talbot (#5) ($6.00) - chicken sandwich for my cousin's road trip home.,unclassified,0,0,0,0,0,0,0,0
85,28,- J'adore mon choriço (#7) ($12.00) - an entire grilled sausage.,candidate matches,1,0,0,0,0,0,0,0
85,29,They put spicy sauce on this as well.,unclassified,0,0,0,0,0,0,0,0
85,30,Good flavour and well spiced.,candidate matches,1,0,1,0,0,0,0,0
85,31,- Pain grand-mère ($4.00 for 12) - my aunt bought a dozen Portuguese buns for home.,unclassified,0,0,0,0,0,0,0,0
85,32,"- Natas ($1.50), coconut tart ($1.50), peach tart ($2.30) and almond tart ($2.30) - had to get my nata fix in!",candidate matches,1,0,0,0,0,0,0,0
85,33,Still so good and creamy.,candidate matches,1,0,0,0,0,0,0,0
85,34,Other tarts hit the spot.,candidate matches,1,0,0,0,0,0,0,0
85,35,Always come back to MPM to satisfy my Portuguese cravings.,unclassified,0,0,0,0,0,0,0,0
86,1,I had a difficult time figuring out which Portuguese place to hit up with my limited time in Montreal.,candidate matches,0,0,0,0,0,0,1,1
86,2,"Should I go to good 'ol reliable, favourite Romados or try one of the new players in town?",unclassified,0,0,0,0,0,0,0,0
86,3,"After much debate, I decided to check out Ma Pouille Mouillée as I kept on reading so many great things about them.",candidate matches,0,0,0,1,0,0,1,0
86,4,"Located across the street from La Banquise, the inside is actually quite spacious.",candidate matches,0,0,0,0,0,0,1,0
86,5,Several tables to sit at but be like everyone else and take it to Parc Lafontaine for an impromptu picnic.,candidate matches,0,0,0,0,1,1,0,0
86,6,Hours are bomb.,unclassified,0,0,0,0,0,0,0,0
86,7,Everyday open early and late till 10:00pm!,unclassified,0,0,0,0,0,0,0,0
86,8,The menu is up on the wall and prices already includes all the taxes!,candidate matches,0,0,1,0,0,0,0,0
86,9,Stand in line and order.,unclassified,0,0,0,0,0,0,0,0
86,10,It's like an assembly line.,candidate matches,0,0,0,1,0,0,0,0
86,11,"As you make your way down, the till is at the end where you can grab drinks and desserts.",unclassified,0,0,0,0,0,0,0,0
86,12,- Le Louis Cyr (#2) ($11.00) - half a chicken with fries and salad.,candidate matches,1,0,1,0,0,1,0,0
86,13,Portion size is huge!,unclassified,0,0,0,0,0,0,0,0
86,14,A mountainous amount of fries and chicken.,candidate matches,1,0,1,0,0,1,0,0
86,15,I should mention that I attempted to eat all this by myself - don't try this at home folks.,unclassified,0,0,0,0,0,0,0,0
86,16,Slather on the spicy sauce.,unclassified,0,0,0,0,0,0,0,0
86,17,"Chicken was flavourful, tender and moist for the most part.",candidate matches,1,1,0,0,0,0,1,0
86,18,Couple pieces of white meat that were too dry.,candidate matches,1,0,0,0,0,0,0,0
86,19,The salad was great and the vinaigrette was addictively delicious - Natas ($1.50) - natas are in the back near the counter so don't forget to order one.,candidate matches,1,0,1,0,0,0,0,0
86,20,"Man, I miss good natas.",candidate matches,1,0,0,0,0,0,0,0
86,21,This one was superb.,unclassified,0,0,0,0,0,0,0,0
86,22,"Perfect amount of sweetness, flaky and slightly torched.",candidate matches,1,0,0,0,0,0,0,0
86,23,"Make sure you go to at least one of the many, many Portuguese places while you're in town.",unclassified,0,0,0,0,0,0,0,0
87,1,"Glad we ""chickened out"" and tried Ma Poule Mouillée.",candidate matches,1,0,0,1,0,0,1,0
87,2,"With a fun shop name, this is now among the most popular Portuguese chicken rotisseries in Montréal.",candidate matches,0,0,0,0,0,0,1,0
87,3,"Despite no lineup in the mid-afternoon, it was still quite packed with happy diners & folks ordering takeout.",candidate matches,0,0,0,1,1,1,0,0
87,4,A whiff of aroma came from the rotisserie as it turned open whole chickens in unison.,candidate matches,1,0,0,0,0,0,1,0
87,5,Staff at the counter happily processed food orders.,candidate matches,0,1,0,0,0,1,0,0
87,6,"For takeout, I had their famous poutine with Sãn Jorge cheese, chorizo & grilled chicken.",candidate matches,1,1,1,0,0,1,1,0
87,7,"At the pastry display, I couldn't help but try their Portuguese egg tarts (natas).",candidate matches,1,0,0,0,0,0,0,0
87,8,A collective assembly of the shop's best offerings!,unclassified,0,0,0,0,0,0,0,0
87,9,Egg tarts were loaded with sweet doughy custard and a crackly crust composed of flaky layers.,candidate matches,1,0,0,0,0,0,0,0
87,10,The packed poutine was oozing from the container with toppings.,candidate matches,1,1,0,0,0,1,1,0
87,11,"Its pulled chicken was moist with seasoned slow-cooked grill flavour, which was more noticeable than the chorizo slices.",candidate matches,1,0,0,0,0,0,0,0
87,12,"It blended well in melted cheeses, gravy & spicy sauce over the fries.",candidate matches,1,0,0,0,0,0,0,0
87,13,I noticed the saltiness of Quebec food along with its bold flavours.,candidate matches,1,0,0,0,0,0,0,0
87,14,"For $12, it's amazing that the ""small"" poutine was enough for two meals.",candidate matches,1,1,1,0,0,1,1,0
87,15,Bravo to the owner Tony for turning his passion for Portuguese chicken into one of the most popular cheap eat-outs in town.,candidate matches,1,0,0,0,0,0,1,0
88,1,"Ma Poule Mouillée, can you expand to the US?",candidate matches,0,0,0,1,0,0,1,0
88,2,We need restaurants like this.,candidate matches,0,0,0,0,1,1,1,0
88,3,We ordered poutine and it was one of the best poutines I ever had.,candidate matches,1,1,0,0,0,1,1,0
88,4,"The chicken was moist, the cheese curds were plenty, and the gravy soaked in the fries was so delicious.",candidate matches,1,1,1,0,0,1,0,0
88,5,Everything just works for this dish perfectly.,unclassified,0,0,0,0,0,0,0,0
89,1,"I came to Ma Poule Mouillée for dinner a while ago and got Number 8: Bon, Les Portugais Font De La Poutine, Petit.",candidate matches,0,1,0,1,0,0,1,0
89,2,The rotisserie chicken in the poutine was excellent.,candidate matches,1,1,1,0,0,1,1,0
89,3,"It had nice flavour, quality bits and pieces of chicken, good fries, gravy, and cheese, and everything was good together.",candidate matches,1,1,1,0,1,1,0,0
89,4,It was also an extremely high value meal and the food is enough for two people.,candidate matches,1,0,1,0,1,1,0,0
89,5,This is a must try stop in Montreal and I'd give it 9.3/10,candidate matches,0,0,0,0,0,0,1,0
90,1,"I came here for dinner recently and got Number 8: Bon, Les Portugais Font De La Poutine, Petit.",candidate matches,0,1,0,0,0,0,0,0
90,2,The rotisserie chicken in the poutine was excellent.,candidate matches,1,1,1,0,0,1,1,0
90,3,"It had nice flavour, quality bits and pieces of chicken, good fries, gravy, and cheese, and everything was good together.",candidate matches,1,1,1,0,1,1,0,0
90,4,It was also an extremely high value meal as it only cost $11 and I only finished ~half in one meal.,candidate matches,1,0,1,0,0,0,0,0
91,1,"Took forever but was soooo good definitely recommend the poutine and the bakery section, cappuccino was so yummy",candidate matches,1,1,1,0,0,1,1,0
92,1,No parking and there is a line up great food - worth the 45 minute drive .,candidate matches,0,0,0,0,1,1,0,0
92,2,The staff is really friendly .,candidate matches,0,1,0,0,0,0,0,0
92,3,The place is small and priced reasonably.,candidate matches,1,0,1,0,1,1,1,0
92,4,The chicken is amazing.,candidate matches,1,1,0,0,0,0,1,0
92,5,This one of the best places in Montreal for Portuguese chicken .,candidate matches,1,0,0,0,0,0,1,1
92,6,They have amazing fries.,candidate matches,1,0,1,0,0,0,0,0
92,7,There Peri peri sauce is to die for They only thing is it hard to get a table so prepared for take out.,unclassified,0,0,0,0,0,0,0,0
92,8,This is a real winner,candidate matches,0,0,0,0,0,0,1,0
94,1,I ordered the poutine and the chicken with fries.,candidate matches,1,1,1,0,0,1,1,0
94,2,"The poutine was well seasoned, lots of gravy and was a good price for the portion.",candidate matches,1,0,1,0,0,1,1,0
94,3,But the other meal -- it was dry and lacked flavour.,candidate matches,1,0,1,0,1,1,0,0
94,4,"I ended up going back to the restaurant to ask for some extra gravy and hot sauce, which made it better but it was more of a Poule Sechée than Poule Mouillée.",candidate matches,1,1,0,1,0,1,1,0
94,5,"Overall, I probably won't come back because I've had better but it's definitely not a bad spot, just not for me.",unclassified,0,0,0,0,0,0,0,0
95,1,"When I am in Montreal, I eat...and eat...and eat....I try as many restaurants as I can, sometimes, just a small sample of each...just so I can savor the particular flavors....",candidate matches,0,1,0,0,0,0,1,0
95,2,I had heard about this chicken place and I needed to try it.,candidate matches,1,1,0,0,0,0,1,0
95,3,"It's a casual place with a funky menu, so you can pick a meal by the ""name"".",candidate matches,0,0,0,0,1,0,1,0
95,4,"Opened to the public since July 29, 2013, Ma Poule Mouillée is a great casual restaurant on Le Plateau Mont-Royal.",candidate matches,0,0,0,1,0,0,1,0
95,5,"The history goes like this.....from a young age, Chief Tony Alves was working with his uncle who had a restaurant.",unclassified,0,0,0,0,0,0,0,0
95,6,From that moment he permeated every movement his uncle baker made and learned every he could.,unclassified,0,0,0,0,0,0,0,0
95,7,"With a dream and a clear idea in mind, Tony Alves did not hesitate a second to open his own restaurant.",unclassified,0,0,0,0,0,0,0,0
95,8,"From then on, chef Alves learned to conceive a very special spicy sauce.",unclassified,0,0,0,0,0,0,0,0
95,9,"For, as the chef says, it is the sauce that makes the difference, because everyone is able to grill a chicken.",candidate matches,1,0,0,0,0,0,0,0
95,10,I really enjoyed this delicious Portuguese chicken roasted on charcoal.,candidate matches,1,0,0,0,0,0,1,0
97,1,"Super duper long lines at both lunch and dinner, try to get there early!",unclassified,0,0,0,0,0,0,0,0
97,2,"Line moves fairly quickly, it's just a bummer to wait in the heat or rain, bring a bottle of water or umbrella Very simple and casual interior.",candidate matches,0,1,0,1,0,0,0,0
97,3,One large table to seat 6 and the rest are bar seating around the perimeter.,unclassified,0,0,0,0,0,0,0,0
97,4,"Try to decide on your meal while in line, the staff taking your order don't speak much English so you'll need to give them a number.",candidate matches,0,1,0,0,0,1,0,0
97,5,You can customize your order with a bunch of sides.,unclassified,0,0,0,0,0,0,0,0
97,6,I highly recommend the potatoes over the fries.,candidate matches,1,0,1,0,0,0,0,0
97,7,They are LEGIT.,unclassified,0,0,0,0,0,0,0,0
97,8,"The roast chicken was solid, like a fancy pollo loco.",candidate matches,1,0,0,0,0,0,0,0
97,9,The hot sauce is a $1 but is worth it for that extra kick.,unclassified,0,0,0,0,0,0,0,0
97,10,"It's not very hot, just adds some nice flavor.",candidate matches,1,0,0,0,0,0,0,0
98,1,Honestly the best poutine i had in Montreal.,candidate matches,1,1,0,0,0,1,1,1
98,2,Chicken js so flavorful and the addition of portuguese sauce is on point.,candidate matches,1,0,0,0,0,0,1,0
98,3,Natas were great too.,unclassified,0,0,0,0,0,0,0,0
98,4,I miss this already.,unclassified,0,0,0,0,0,0,0,0
98,5,Must visit in montreal,candidate matches,0,0,0,0,0,0,1,1
99,1,Best chicken salad I ever had!,candidate matches,1,0,1,0,0,1,0,0
99,2,The chicken is excellent.,candidate matches,1,1,1,0,0,0,1,0
99,3,Our tour guide recommended it.,candidate matches,0,0,0,0,0,0,1,0
99,4,Great choice!,unclassified,0,0,0,0,0,0,0,0
100,1,Absolutely fantastic.,unclassified,0,0,0,0,0,0,0,0
100,2,"I had the half chicken with rice and potatoes, and the flavours were just amazing.",candidate matches,1,1,1,0,0,1,0,0
100,3,"The chicken came off the bone so nicely, and the rice and potatoes were extremely delicious.",candidate matches,1,1,1,0,1,0,0,0
100,4,"The place itself is nice on the inside too, and the server was quite helpful in explaining their most popular dishes.",candidate matches,1,1,1,0,1,0,1,0
100,5,It was awesome seeing the chicken being made as well right as you walk in.,candidate matches,1,1,1,0,0,0,1,0
100,6,Highly recommend!,candidate matches,0,0,0,0,0,0,1,0
101,1,"We walked by this place on our way to the park and saw a line outside, so naturally I looked it up to find out it was a Portuguese roast chicken place.",candidate matches,1,0,0,0,0,0,1,0
101,2,I've never had it before and decided to give their takeout a try when we got the chance.,unclassified,0,0,0,0,0,0,0,0
101,3,"My friend and I came by to pick up some dinner on Saturday around 7:30, and it wasn't too crowded.",candidate matches,0,0,0,0,1,1,0,0
101,4,"They have some tables for seating, but it's nothing fancy as this is a fast casual type of place.",candidate matches,0,0,0,0,1,1,0,0
101,5,"Looking around, I noticed that all food, whether it's dine-in or to go, is served in takeout containers.",candidate matches,0,1,0,0,0,1,0,0
101,6,"They serve their chicken in a variety of ways - by itself, with side of fries and salad, in poutine, etc.",candidate matches,1,1,1,0,0,1,1,0
101,7,We ordered half a chicken ($8.27) as well as a small poutine ($9.57).,candidate matches,1,0,0,0,0,1,0,0
101,8,"Typically their poutine uses both chicken and chorizo, but we asked for chicken only to accommodate my friend's diet.",candidate matches,1,1,0,0,0,1,1,0
101,9,I definitely liked the roast chicken more than the poutine.,candidate matches,1,0,0,0,0,1,1,0
101,10,"The skin was very flavorful, just not as crispy as I like since the chicken was served with some juice in the container.",candidate matches,1,0,0,0,0,0,0,0
101,11,I was also expecting a more fragrant roasted flavor.,candidate matches,1,0,0,0,0,0,0,0
101,12,The poutine was just okay...,candidate matches,1,1,0,0,0,1,1,0
101,13,"keep in mind, though, that I am not a poutine kinda person, and we didn't eat it until maybe 30 minutes after getting it, so the fries were a bit soggy by the time we ate.",candidate matches,1,1,0,0,0,1,1,0
101,14,My favorite part of this dish was the gravy.,unclassified,0,0,0,0,0,0,0,0
101,15,"I enjoyed the chicken and am glad we tried it, but it wasn't different enough from other roast chicken for me to come back.",candidate matches,1,1,0,0,0,0,0,0
102,1,"We ordered the poutine, chorizo and rotisserie chickens and they are so good and serving sizes are generous too!",candidate matches,1,1,0,0,0,1,1,0
102,2,The chicken was moist and crispy!,candidate matches,1,1,0,0,0,0,1,0
103,1,Such amazing poutine with chicken and chorizo.,candidate matches,1,1,0,0,0,1,1,0
103,2,Chicken is a must!,candidate matches,1,1,1,0,0,1,1,0
103,3,Two large poutines is enough for 6 people as whole dinner.,candidate matches,1,1,0,0,0,1,1,0
103,4,"Get it to go, sit at park and chow down.",unclassified,0,0,0,0,0,0,0,0
103,5,Nata is great as well.,candidate matches,1,0,0,0,0,0,0,0
104,1,I learned about this restaurant from a show on Netflix and I walked 3 miles to get here from my hotel.,candidate matches,0,0,0,0,1,0,1,0
104,2,"This place was my first experience with poutine, and unfortunately I don't think that any other place will be able to live up to the taste of Ma Poule Mouillée.",candidate matches,1,1,0,1,0,1,1,0
104,3,"I got the large number 8 spicy, the chicken and the sausage were amazing.",candidate matches,1,0,0,0,0,1,0,0
104,4,"Be prepared to wait as the line was around the corner, the service was quick but the space inside is limited.",candidate matches,0,1,0,1,0,0,0,0
104,5,All worth the wait.,unclassified,0,0,0,0,0,0,0,0
106,1,It's always funny to experience what Montrealers think of as spicy.,candidate matches,0,1,0,0,0,0,1,1
106,2,"Either they forgot I wanted my sandwich to be spicy or, true to form, it was just very wimpy err subtle.",candidate matches,1,1,0,0,0,0,0,0
106,3,I mean subtle.,unclassified,0,0,0,0,0,0,0,0
106,4,The chicken here is good.,candidate matches,1,1,0,0,0,0,1,0
106,5,15 minutes in line good?,candidate matches,0,0,0,1,0,0,0,0
106,6,Sure.,unclassified,0,0,0,0,0,0,0,0
106,7,30+?,unclassified,0,0,0,0,0,0,0,0
106,8,Nope.,unclassified,0,0,0,0,0,0,0,0
106,9,"But the reason to come is actually the pastel de nata, which as good as what you can get in Portugal.",unclassified,0,0,0,0,0,0,0,0
106,10,I'd come back here in a heartbeat for one of those.,unclassified,0,0,0,0,0,0,0,0
107,1,Delicious food.,candidate matches,0,1,0,0,0,0,0,0
107,2,"Incredibly busy, but I would honestly drive back from Connecticut USA just solely to eat here.",unclassified,0,0,0,0,0,0,0,0
107,3,My husband's family is from Portugal and they gave it all thumbs up as well.,unclassified,0,0,0,0,0,0,0,0
107,4,I will be dreaming of this food for years!,unclassified,0,0,0,0,0,0,0,0
108,1,"Got the whole chicken #1, poutine #8, strawberry tart.",candidate matches,1,0,0,0,0,1,1,0
108,2,"Chicken is juicy, not dry, but no smoky flavor.",candidate matches,1,0,0,0,0,0,0,0
108,3,Poutine & tart are both good.,candidate matches,1,0,0,0,0,1,1,0
108,4,"Cramped restaurant, 1 bathroom, English menu is towards middle, small, taped to plexiglass.",unclassified,0,0,0,0,0,0,0,0
110,1,Chicken is simply fabulous!,candidate matches,1,1,1,0,0,0,1,0
110,2,Be prepared for a long line - take it to go as seating area is a bit limited.,candidate matches,0,0,0,0,1,1,0,0
110,3,Delicious roasted Portuguese style chicken.,candidate matches,1,0,0,0,0,0,1,0
110,4,Keep it simple and appreciate the quality of roasted chicken!,candidate matches,1,0,0,0,0,0,0,0
110,5,Parking is tight but you can find spots in the sides streets,candidate matches,0,0,0,0,1,1,0,0
111,1,The best Portuguese chicken on the planet Plateau -- hands down.,candidate matches,1,0,0,0,0,0,1,0
111,2,Generous portions.,unclassified,0,0,0,0,0,0,0,0
111,3,Worth lineup when there is one.,unclassified,0,0,0,0,0,0,0,0
112,1,"Holy moly, $15 large poutine you get a MASSIVE mound of juicy Portuguese chicken, just the right amount of REAL gravy over perfect poutine fries and melty cheese curds.",candidate matches,1,1,0,0,0,1,1,0
112,2,Pleasantly surprised with this find!,unclassified,0,0,0,0,0,0,0,0
112,3,"I also noticed the chicken in the poutine was done/seasoned 2-ways, there was thin slices of (dry rub?) seasoned chicken & then there were pulled apart pieces from a whole Portuguese roasted chicken.",candidate matches,1,0,0,0,0,1,1,0
112,4,We also tried their almond pasteis de Natas which had a more eggy clumpy texture.,unclassified,0,0,0,0,0,0,0,0
112,5,It was ok.,unclassified,0,0,0,0,0,0,0,0
113,1,"Long wait, sweet result!",unclassified,0,0,0,0,0,0,0,0
113,2,"There is no many table, so just recomand to go better, English menu is on the wall, inside :)",unclassified,0,0,0,0,0,0,0,0
115,1,So good.,unclassified,0,0,0,0,0,0,0,0
115,2,Best Portuguese chicken.,candidate matches,1,0,0,0,0,0,1,0
115,3,Clean and nice interior.,candidate matches,0,0,0,0,1,0,0,0
115,4,Service somewhat slow but worth the wait.,candidate matches,0,1,0,1,0,0,0,0
116,1,Hands down the best poutine I've ever had.,candidate matches,1,1,0,0,0,1,1,0
116,2,"The enhancements they add here (chicken, sausage) strictly enhance an already great dish.",candidate matches,1,0,0,0,0,0,0,0
116,3,"The smokiness and savoriness of these added elements add further depth, and extra protein to boot.",unclassified,0,0,0,0,0,0,0,0
116,4,"The portion size for the large is quite generous, so definitely shareable.",unclassified,0,0,0,0,0,0,0,0
116,5,"This place is bustling, but the staff is efficient with taking orders so don't be intimated if there's a line.",candidate matches,0,1,0,1,1,0,0,0
116,6,Finding a spot to sit is tricky- if coming with other people I recommend dividing and conquering by having someone snag seats while the others order food.,candidate matches,0,0,0,0,1,1,1,0
116,7,A must-try if you're in Montreal!,candidate matches,0,0,0,0,0,0,1,1
117,1,Chicken breast Poutine Salad Sauce Rice Dessert Everything is good and healthy and delicious,candidate matches,1,0,0,0,0,1,1,0
118,1,Great portion for affordable price!,candidate matches,1,0,1,0,0,0,0,0
118,2,10/10 The place is kinda small but the food is delicious.,candidate matches,0,0,0,0,0,0,1,0
118,3,Would def come back when I come visit Montreal,candidate matches,0,0,0,0,0,0,1,1
119,1,The line to this place was out the door and there's a reason for that.,candidate matches,0,1,0,1,0,0,0,0
119,2,My fiancé got of course a chicken sandwich which he absolutely raved about.,candidate matches,1,0,1,0,0,1,0,0
119,3,They are known for their chicken and poutine so getting one of the two or both is a must.,candidate matches,1,1,0,0,0,1,1,0
119,4,For myself I got the calamari and the veggie salad which also delivered.,candidate matches,1,0,0,0,0,1,0,0
119,5,The nonstop line and crowds of people tells you everything you need to know!,unclassified,0,0,0,0,0,0,0,0
120,1,This was a very satisfying lunch.,candidate matches,0,0,0,0,1,0,0,0
120,2,"We ordered the Chicken sandwiches, Half chicken, Poutine, and Portuguese tart.",candidate matches,1,1,0,0,0,1,1,0
120,3,"The roasted chicken had a deliciously fragrant and flavorful skin, and the meat was juicy and full of flavor.",candidate matches,1,0,0,0,0,0,0,0
120,4,The kitchen's on-site roasting technique really added to the flavor of the chicken.,candidate matches,1,0,0,0,0,0,0,0
120,5,The chicken sandwiches were also very juicy and flavorful.,candidate matches,1,1,1,0,0,1,1,0
120,6,"The Portuguese tart was more solid compared to the soft, warm, custardy ones found in Asia, but both are unique and worth trying.",unclassified,0,0,0,0,0,0,0,0
120,7,The poutine was a classic sausages version and met the expected standard.,candidate matches,1,1,0,0,0,1,1,0
120,8,"The portion sizes were very generous, and we couldn't finish it all.",candidate matches,1,0,1,0,0,0,0,0
120,9,"So, if you have to choose, definitely start with their chicken, which is really flavorful and juicy despite being dry.",candidate matches,1,0,0,0,0,1,1,0
120,10,"Overall, it was a great lunch, and we highly recommend trying the chicken and Portuguese tart.",candidate matches,1,0,1,0,0,1,1,0
121,1,No stop in Montreal is complete without a taste of poutine.,candidate matches,1,1,0,0,0,1,1,1
121,2,Stopped by here on my last night and so happy I did.,unclassified,0,0,0,0,0,0,0,0
121,3,Not many people know about this place cause they are so fast to scurry over to the poutine place across the street due to popularity grown through Tiktok.,candidate matches,1,0,0,0,0,0,1,0
121,4,Ma Poule Mouillée serviced superfast with friendly customer experience.,candidate matches,0,0,0,1,0,0,1,0
121,5,I ordered their big plate of poutine to share between me and one other person.,candidate matches,1,1,0,0,0,1,1,0
121,6,Definitely worth to check out!,candidate matches,0,0,0,0,0,0,1,0
122,1,Best rotisserie chicken I've ever had hands down.,candidate matches,1,0,0,0,0,0,1,0
122,2,Fall off the bone.,unclassified,0,0,0,0,0,0,0,0
122,3,Insanely flavorful spicy sauce oozing through it.,unclassified,0,0,0,0,0,0,0,0
122,4,Like it had been marinated for decades in this sauce.,unclassified,0,0,0,0,0,0,0,0
122,5,Oh and these fries holly cow.,candidate matches,1,0,0,0,0,0,0,0
122,6,Crispy but flavorful.,candidate matches,1,0,0,0,0,0,0,0
122,7,Dipped in the sauce with a bite of the chicken.,candidate matches,1,0,0,0,0,0,0,0
122,8,We went to Michelin level places on our trip in Montreal and this was the best bite.,candidate matches,0,0,0,0,0,0,1,1
122,9,"They do poutine too, but I have to recommend the half chicken and fries you don't need any other flavors than that.",candidate matches,1,1,0,0,0,1,1,0
123,1,Got the small #8 which would have been plenty for two moderately hungry people.,unclassified,0,0,0,0,0,0,0,0
123,2,"Everything was absolutely delicious, the fries held up and remained crispy despite all the toppings, flavors were incredible.",candidate matches,1,0,1,0,1,0,0,0
123,3,Though there was a line it went fairly quickly and was quite efficient!,candidate matches,0,1,0,1,0,0,0,0
123,4,Excellent place.,unclassified,0,0,0,0,0,0,0,0
124,1,This is a must-visit for peri peri chicken in Montreal and the Portuguese egg custard tarts which were a surprise and delight.,candidate matches,1,0,0,0,0,0,1,0
124,2,Be sure to know what you want as you get in line to keep things moving along - the line can be long but it moves decently quickly.,candidate matches,0,0,0,1,0,0,0,0
124,3,My go to is the half chicken with fries and salad and the poutine which comes with a nice savory gravy.,candidate matches,1,0,1,0,0,1,1,0
124,4,Portions are very very generous so an entree can likely last 2 meals.,candidate matches,1,1,1,0,0,0,0,0
124,5,Be sure to grab a few egg tarts after - just trust me on that.,candidate matches,1,0,0,0,0,0,0,0
125,1,I did not know that I love Portuguese roast chicken -- until I tried it.,candidate matches,1,0,0,0,0,0,1,0
125,2,"Not in Portugal, but in Montreal.",candidate matches,0,0,0,0,0,0,1,0
125,3,Ma Poule Moullée makes one thing -- roast chicken -- and the've perfected the process.,candidate matches,1,0,0,1,0,0,1,0
125,4,Great food.,candidate matches,1,0,1,0,0,0,0,0
125,5,The pier pier sauce is lovely and spicy -- so spicy that it's un-Canadian.,candidate matches,0,0,0,0,0,0,1,0
125,6,Inexpensive.,unclassified,0,0,0,0,0,0,0,0
125,7,Super fast service.,candidate matches,0,1,0,0,0,0,0,0
125,8,Huge portions.,candidate matches,1,0,1,0,0,0,0,0
125,9,"The eating space inside is pretty ""rough and ready"" as Paul Hollywood says.",unclassified,0,0,0,0,0,0,0,0
125,10,It looks like most people are picking up to take the food with them.,candidate matches,0,1,0,0,0,1,0,0
125,11,Did I mention the portions are huge?,candidate matches,1,0,1,0,0,0,0,0
125,12,The leg quarter comes with a huge salad.,candidate matches,1,0,0,0,0,1,0,0
125,13,"huge amount of fries, a thigh and two drumsticks.",candidate matches,1,0,0,0,0,1,0,0
125,14,"Unless you're a teenager, it's enough for two.",candidate matches,1,0,0,0,0,0,0,0
126,1,Whoever associated Canadians and maple syrup was wack because Canadians don't really eat that ever.,unclassified,0,0,0,0,0,0,0,0
126,2,Poutine?,candidate matches,1,1,0,0,0,1,1,0
126,3,Definitely.,unclassified,0,0,0,0,0,0,0,0
126,4,La Banquise is just across the street and we can have a war about which is better but you can't go wrong with either :) Torn because I love them both --- Ma Poule Mouillée is definitely known for their chicken.,candidate matches,0,0,0,1,0,0,1,0
126,5,"Combine that on the poutine with chorizo, gravy and cheese curds, and you've got a hella good combo here!",candidate matches,1,1,0,0,0,1,1,0
126,6,I liked La Banquise cheese curds and gravy a lot better though.,candidate matches,1,1,0,0,0,0,0,0
126,7,"Like I said, can't go wrong :) Portuguese egg tarts were amazing though, couldn't stop myself for getting just one!",candidate matches,1,0,0,0,0,0,0,0
127,1,When in Montreal Poutine is a must!,candidate matches,1,0,0,0,0,1,1,1
127,2,One that truly stood out in my research for great poutine was Ma Poule Mouilee!!,candidate matches,1,1,0,1,0,0,1,0
127,3,"The restaurant is popular with constant lineup, but they are very quick.",candidate matches,0,1,0,0,0,0,0,0
127,4,I got in within 15 mins wait.,candidate matches,0,0,0,1,0,0,0,0
127,5,What is unique about this place is they don't make any poutine but one that is topped with freshly grilled Portuguese chicken shreds and chorizo too!,candidate matches,1,1,0,0,0,1,1,0
127,6,It was absolutely poutine heaven!,candidate matches,1,1,0,0,0,1,1,0
127,7,The grilled chicken was so tender and juicy and there was so much gravy and cheese curd every single bite of fries had just enough of it!,candidate matches,1,1,1,0,0,1,0,0
127,8,Portion was HUGE!,candidate matches,1,0,1,0,0,0,0,0
127,9,With the regular size for $18 the two of us barely managed to finish it!,candidate matches,1,0,1,0,0,0,0,0
127,10,They do have a petite option too that is not so petite at all and would be great for sharing too for those who like to eat lighter.,unclassified,0,0,0,0,0,0,0,0
127,11,Not only do they have poutine and chicken but several Portuguese desserts too!,candidate matches,1,1,0,0,0,1,1,0
127,12,I was very tempted but had to hold back because I was just too full.,unclassified,0,0,0,0,0,0,0,0
127,13,This will definitely be a place I would revisit when I come to Montreal again.,candidate matches,0,0,0,0,1,0,1,1
128,1,"The line was very long even at 5:30pm on a weekday, which surprised me.",candidate matches,0,1,0,1,1,0,0,0
128,2,Cannot imagine coming here on a weekend night during prime dinner hours.,unclassified,0,0,0,0,0,0,0,0
128,3,"The poutine was great, if just slightly too salty.",candidate matches,1,1,1,0,0,1,1,0
128,4,The chicken was great but it's covered in way too many fries.,candidate matches,1,1,1,0,0,1,0,0
128,5,"The chicken was barely visible under the pile of fries as you can see in the attached image, but it was some of the best rotisserie-style chicken I've had.",candidate matches,1,0,1,0,0,0,1,0
128,6,I ate the extra fries with the poutines as a starch to help season the fries and offset some of the extra sauce/saltiness in the poutine.,candidate matches,1,1,1,0,0,1,1,0
128,7,"I do want to mention that the poutine wasn't overly salty, but I can definitely taste the salt.",candidate matches,1,1,0,0,0,1,1,0
129,1,Best poutine ever in the whole city !,candidate matches,1,1,0,0,0,1,1,0
129,2,"The chicken is excellent, probably the best as well.",candidate matches,1,1,1,0,0,1,1,0
129,3,They should buy the building next door to expansion the place because it's always super crowded (that's because it's so good).,candidate matches,0,0,0,0,1,0,0,0
129,4,I highly recommend it,candidate matches,0,0,0,0,0,0,1,0
130,1,Food was great.,candidate matches,1,0,1,0,1,1,0,0
130,2,Can definitely understand why this is a Montreal fave.,candidate matches,0,0,0,0,0,0,1,1
130,3,The line can be a good wait but it's definitely worth it.,candidate matches,0,0,0,1,0,0,0,0
130,4,Menu is on the wall and once you order they are pretty to get your food and pay.,candidate matches,0,1,0,0,0,1,0,0
130,5,This is very casual dining with limited seating inside.,candidate matches,0,0,0,0,1,1,0,0
130,6,Overall a good lunch choice.,candidate matches,1,0,1,0,0,0,0,0
130,7,#8 Poutine Large is a good size for 3 people.,candidate matches,1,0,0,0,0,0,1,0
131,1,My first poutine ever!,candidate matches,1,1,0,0,0,1,1,0
131,2,It was so yummy.,candidate matches,1,0,0,0,0,0,0,0
131,3,I loved that it wasn't too hot and everything was balanced (not too much gravy) Quick to order.,candidate matches,1,0,0,0,0,0,0,0
131,4,So much food.,candidate matches,1,0,1,0,0,0,0,0
132,1,"If I could have any single meal in Montréal again, it would be this chicken.",candidate matches,1,0,1,0,0,1,1,1
132,2,The sauce was spectacular and you can taste the char from the coals the chicken is roasted over.,candidate matches,1,0,0,0,0,0,0,0
132,3,The fries are perfect sopping up the sauce and the tang and acidity of the salad cut the fat perfectly.,candidate matches,1,0,1,0,0,0,0,0
132,4,"Sure the line is long, but it moves quickly.",candidate matches,0,1,0,1,0,0,0,0
132,5,Absolutely perfect.,unclassified,0,0,0,0,0,0,0,0
133,1,"Sadly, the poutine was cold and limp.",candidate matches,1,1,0,0,0,1,1,0
133,2,Asked for spicy and got regular.,unclassified,0,0,0,0,0,0,0,0
133,3,"Advice: stick to the chicken, fries, and salad.",candidate matches,1,0,1,0,0,1,0,0
133,4,My wife had it and is was stellar.,unclassified,0,0,0,0,0,0,0,0
134,1,Fabulous food!,unclassified,0,0,0,0,0,0,0,0
134,2,The place is tiny so it's more a take out place than a sit down restaurant.,candidate matches,0,0,0,0,1,1,1,0
134,3,Get the egg tarts since they are AMAZING and super affordable!,candidate matches,1,0,0,0,0,0,0,0
135,1,This place is tuned like a fine oiled machine.,unclassified,0,0,0,0,0,0,0,0
135,2,U get in and order within mins and get your food quick.,candidate matches,0,1,0,0,0,1,0,0
135,3,We got the #2 and #8 and ended up being too much food for the 4 of us.,unclassified,0,0,0,0,0,0,0,0
135,4,Would recommend the food for sure.,candidate matches,1,1,1,0,0,1,1,0
135,5,Service was excellent and quick.,candidate matches,0,1,0,0,0,0,0,0
136,1,I arrived in Montreal for the first time in 5 years and this is the first place I went.,candidate matches,0,0,0,0,0,0,1,1
136,2,Brilliant choice because it started my trip off VERY right.,unclassified,0,0,0,0,0,0,0,0
136,3,La Banquise is across the street from this establishment and many will say that's the best poutine in Montreal but they would be wrong.,candidate matches,1,1,0,0,0,0,1,1
136,4,VERY wrong.,unclassified,0,0,0,0,0,0,0,0
136,5,"The best poutine is at Ma Poule Mouillee and for $12, you get a whole lot of it so bring your friends and your appetites!",candidate matches,1,1,0,0,0,1,1,0
136,6,"Chicken, sausage, curds, fries, gravy, sauces, delicious!",candidate matches,1,0,1,0,0,1,0,0
136,7,Everything else is great.,unclassified,0,0,0,0,0,0,0,0
136,8,"Their chicken is delicious and for me, superior to one of their main competitors, Romados.",candidate matches,1,0,0,0,0,0,1,0
136,9,It's just so flavourful and juicy and everything you'd want from Portuguese chicken.,candidate matches,1,0,0,0,0,0,1,0
136,10,The salad and potatoes are also solid.,candidate matches,1,0,0,0,0,1,0,0
136,11,"I really don't think you could go wrong with anything here, especially when you consider that they are quite inexpensive.",unclassified,0,0,0,0,0,0,0,0
136,12,They have a knack for flavours and they deliver excellence every time.,unclassified,0,0,0,0,0,0,0,0
137,1,Excellent food!,candidate matches,1,0,1,0,0,0,0,0
137,2,had to stop here on my Montreal train!!,candidate matches,0,0,0,0,0,0,1,1
137,3,"We got a small poutine to share, with a side salad, and fries.",candidate matches,1,1,0,0,0,1,1,0
137,4,We also ordered half-chicken with fries to go (midnight snack).,candidate matches,1,1,1,0,0,1,0,0
137,5,The food was amazing and fresh (line out the door).,candidate matches,1,1,1,1,1,1,0,0
137,6,"For $15, you get a massive amount of juicy Portuguese chicken, just the right amount of gravy over the perfect poutine fries and melty cheese curds.",candidate matches,1,0,0,0,0,1,1,0
137,7,"There is a spicy version of both the poutine and the chicken, but I did not find the spicy chicken to be spicy.",candidate matches,1,0,0,0,0,1,1,0
137,8,The to-go order was def.,candidate matches,0,0,0,0,0,0,1,0
137,9,a good midnight snack meal.,candidate matches,1,0,0,0,0,0,0,0
137,10,"The lines move very quickly, and you def.",candidate matches,0,1,0,1,0,0,0,0
137,11,get your money's worth of food here.,unclassified,0,0,0,0,0,0,0,0
138,1,I've been coming here for years!,unclassified,0,0,0,0,0,0,0,0
138,2,This place never disappoints!,candidate matches,0,0,0,0,0,0,0,1
138,3,I mean ever!!!,unclassified,0,0,0,0,0,0,0,0
138,4,"Regardless as to what I take, it's always delicious!",candidate matches,1,0,0,0,0,0,1,0
138,5,This time was no exception!,unclassified,0,0,0,0,0,0,0,0
138,6,"The staff is quick with your order, efficient, lots of seating at the restaurant.",candidate matches,0,1,0,0,1,0,0,0
138,7,It smells so good going in (yes my mouth is watery at the moment).,unclassified,0,0,0,0,0,0,0,0
138,8,"Bring your family, bring your date, you'll be taken care of!",unclassified,0,0,0,0,0,0,0,0
139,1,Ma Poule Mouillée was recommended by many people as one of the best poutine places in Montreal.,candidate matches,1,1,0,1,0,0,1,0
139,2,However the wordplay in the name was not true.,unclassified,0,0,0,0,0,0,0,0
139,3,"Maybe there wasn't enough foreplay but it was not ""mouillée"" (wet/juicy).",unclassified,0,0,0,0,0,0,0,0
139,4,"To begin, the line was extremely disorganized.",candidate matches,0,1,0,1,0,0,0,0
139,5,Staff inside were inattentive and were too busy talking with one another than actually helping out customers.,candidate matches,0,1,0,0,0,0,0,0
139,6,A simple pickup order that we called in in advance took over 25 minutes to pick up!,candidate matches,0,0,0,1,0,1,0,0
139,7,"The poutine itself was fairly generous as its stuffed with fries, cheese, chicken, sausage topped with gravy.",candidate matches,1,1,1,0,0,1,1,0
139,8,"However, everything was fairly cold, luke-warm at best.",candidate matches,0,0,0,1,0,0,0,0
139,9,A good poutine should be piping hot leaving you with a slight burn on the roof of your mouth.,candidate matches,1,0,0,0,0,1,1,0
139,10,The chicken was lacking in flavour and dryer than your crush from grade 6.,candidate matches,1,0,0,0,0,0,0,0
139,11,I'd even say the rotisserie chicken at Costco packs more of a punch.,candidate matches,1,0,0,0,0,1,0,0
139,12,And don't get me started on how much cartilage and bone I had in the poutine as well.,candidate matches,1,0,0,0,0,0,1,0
139,13,Choking from a poutine is probably one of the last things you'd expect but guess you can never be too careful.,candidate matches,1,1,0,0,0,0,1,0
139,14,I had really high expectations for this place and unfortunately it was a let down.,unclassified,0,0,0,0,0,0,0,0
139,15,I'm hoping this was an isolated incident as others seem to have had a great experience.,unclassified,0,0,0,0,0,0,0,0
139,16,"But if you're doing a food crawl for the best poutine in MTL, this wasn't it.",candidate matches,1,0,1,0,0,1,1,0
139,17,2.4/5,candidate matches,0,0,0,0,0,0,0,1
140,1,"Whole family enjoyed - chicken was amazing, sausage was great!",candidate matches,1,1,1,0,1,1,0,0
140,2,"Very little seats inside, but food quality is on point!",candidate matches,0,0,0,0,1,1,0,0
141,1,Amazing food and service!,candidate matches,1,0,1,0,0,0,0,0
141,2,Visiting Montreal and this is the place everyone says we must have.,candidate matches,0,0,0,0,1,0,1,1
141,3,Lives up to the hype,unclassified,0,0,0,0,0,0,0,0
142,1,The famous portuguese chicken poutine!,candidate matches,1,1,0,0,0,1,1,0
142,2,The portion is literally massive with a very generous amount of meat - the chicken was super tender & juicy!,candidate matches,1,1,1,0,0,0,1,0
142,3,The cheese curds & gravy also had great flavour  def worth trying!,candidate matches,1,0,0,0,0,1,0,0
142,4,Ps.,unclassified,0,0,0,0,0,0,0,0
142,5,"all prices include tax & even if the line looks long, it moves pretty fast!",candidate matches,0,0,1,1,0,0,0,0
143,1,Great food at a good value.,candidate matches,1,0,1,0,0,1,0,0
143,2,My friends and I shared two poutines and a salad.,candidate matches,1,1,0,0,0,1,1,0
143,3,"Everything tasted great, filling, and left us feeling satisfied.",candidate matches,1,0,1,0,1,0,0,0
143,4,The chicken was the highlight in the poutine and salad.,candidate matches,1,1,0,0,0,1,1,0
143,5,"Don't expect anything to be healthy, but that's not what you're coming for anyway, right?",unclassified,0,0,0,0,0,0,0,0
144,1,Line out the door and around the block but worth it!,candidate matches,0,0,0,1,0,0,0,0
144,2,Place is organized chaos but menu items are pretty fixed.,unclassified,0,0,0,0,0,0,0,0
144,3,They no longer have rice so fries are the only side.,candidate matches,1,0,0,0,0,0,0,0
144,4,We had half chicken and chicken salad.,candidate matches,1,1,1,0,0,1,0,0
144,5,Both were excellent although the chicken on the salad had more skin than meat.,candidate matches,1,1,1,0,0,1,0,0
145,1,I think I made a mistake trying to be healthy(ish) here by ordering the grilled chicken and chorizo salad (Salade Mathilde).,candidate matches,1,1,1,0,0,1,0,0
145,2,It was HUGE!,unclassified,0,0,0,0,0,0,0,0
145,3,"And I think there was way too much meat for it to truly qualify as a ""salad."" It's probably meant to be shared between 2 people or one very hungry athlete!",candidate matches,1,1,1,0,0,1,0,0
145,4,"There was a good amount of lettuce and freshly-cut onions, carrots, and peppers, as well as a generous amount of sliced chorizo and grilled chicken (looked like both light and dark meat).",candidate matches,1,0,1,0,0,1,0,0
145,5,It was definitely good value for less than $15 with tax.,candidate matches,1,0,1,0,0,0,0,0
145,6,"There were a few things that didn't make this the ideal dish to get here, however...",candidate matches,1,0,1,0,1,0,0,0
145,7,"While the chicken was nicely marinated, I felt there was a bit of a flavor clash between the chicken, chorizo, and salad dressing.",candidate matches,1,0,0,0,0,1,0,0
145,8,Potatoes would probably have paired better with these meats.,candidate matches,1,0,0,0,0,0,0,0
145,9,"Also, the chicken tasted a bit cold and dry.",candidate matches,1,1,0,0,0,0,1,0
145,10,"I saw them cut it fresh, but I think they had grabbed it from a pile of ready-made chicken that was already off the grill.",candidate matches,1,0,0,0,0,0,0,0
145,11,"Overall, great value, quick service, and friendly staff, but I'd maybe recommend prioritizing the warm dishes rather than the entrée salad.",candidate matches,1,1,1,0,1,1,0,0
146,1,"We loved the plateau neighborhood, where this Portuguese chicken shop is located.",candidate matches,0,0,0,0,0,0,1,0
146,2,The line moves quickly; and be sure to look at the chalkboard menu while you are waiting so you are ready to order.,candidate matches,0,0,0,1,0,0,0,0
146,3,We ordered a lg chicken poutine and a side salad.,candidate matches,1,1,1,0,0,1,1,0
146,4,The flavors in this poutine are very rich- explaining why we shared an order.,candidate matches,1,1,0,0,0,1,1,0
146,5,We also were able to secure barstool seating (this place is small).,unclassified,0,0,0,0,0,0,0,0
146,6,It might be harder to get seating for a party bigger than 2.,candidate matches,1,0,0,0,0,1,0,0
146,7,"I did not try any of the desserts that they had on display, but that's what next time is for!",candidate matches,1,0,0,0,0,0,0,0
147,1,The chicken was soft and tender.,candidate matches,1,1,0,0,0,0,1,0
147,2,We got one plate and it was way more food than we can eat for Two people.,candidate matches,1,0,1,0,0,0,0,0
147,3,I would probably get a quarter chicken next time along with the poutine dish,candidate matches,1,0,0,0,0,1,1,0
149,1,Woooooow I love this place!!,unclassified,0,0,0,0,0,0,0,0
149,2,"When we approached the restaurant, the line was out the door; however, Ma Poule does a good job of keeping the line moving and the wait was not long at all.",candidate matches,0,1,0,1,0,0,0,0
149,3,My mouth dropped when I saw the portion sizes.,unclassified,0,0,0,0,0,0,0,0
149,4,THEY'RE HUGE!!,unclassified,0,0,0,0,0,0,0,0
149,5,"And not only are the portions humongous, but the flavor of the chicken is nicely roasted and also juicy.",candidate matches,1,0,0,0,0,0,0,0
149,6,We heavily considered bringing some of the sauce home cause it was that good.,candidate matches,1,0,1,0,0,1,0,0
149,7,Definitely get some pastel de nata to eat after your massive meal.,unclassified,0,0,0,0,0,0,0,0
149,8,"It's a sweet, custardy treat that hits the spot.",unclassified,0,0,0,0,0,0,0,0
150,1,Beware of the massive lineups!,unclassified,0,0,0,0,0,0,0,0
150,2,A large poutine is MASSIVE enough for 2-3 people!,candidate matches,1,1,0,0,0,1,1,0
150,3,Don't think about tackling this behemoth solo!,unclassified,0,0,0,0,0,0,0,0
150,4,"MASSIVE portions, juicy delicious chicken bits paired with sliced sausages, drenched gravy and cheese curds.",candidate matches,1,0,0,0,0,1,0,0
150,5,No more poutine anytime soon!,candidate matches,1,1,0,0,0,1,1,0
150,6,Unfortunately they lost my order and I had to wait 15-20 min to get my poutine but I'll give them a pass given how swarmed they were.,candidate matches,1,0,0,0,0,1,1,0
151,1,Best poutine in Montreal!,candidate matches,1,1,0,0,0,1,1,1
151,2,We got the chorizo and chicken but I would just get chicken if I were to come again as the chorizo was nothing special.,candidate matches,1,1,0,0,0,1,0,0
151,3,The gravy is incredible and they don't skimp on the chicken which is justifiably worth the wait in line.,candidate matches,1,1,0,0,0,1,1,0
151,4,Saw someone get the spicy version ahead of me and would also love to try that.,unclassified,0,0,0,0,0,0,0,0
151,5,Stop reading go try this!,unclassified,0,0,0,0,0,0,0,0
152,1,"I completely forgot that Ma Poule was on the Netflix show, Somebody Feed Phil until I was in line and heard someone mentioned it.",candidate matches,0,0,0,1,0,0,1,0
152,2,"I initially came because I had read reviews about Portuguese egg tarts - aside from reviewing boba places around the world, I'm also down to try Portuguese egg tarts everywhere I go (if it's sold).",candidate matches,1,0,0,0,0,0,0,0
152,3,"Anyways, to get back on topic - Ma Poule is fast paced!",candidate matches,0,0,0,1,0,0,1,0
152,4,I ordered number 14 and asked to not have fries.,candidate matches,1,0,0,0,0,1,0,0
152,5,Which was a mistake on my part.,unclassified,0,0,0,0,0,0,0,0
152,6,The staff seems to speak more French than English.,candidate matches,0,1,0,0,0,0,0,0
152,7,"She thought I meant to add the Poutine, which they're known for.",candidate matches,1,1,0,0,0,1,1,0
152,8,I then tried to explain in my limited french that what I meant was no poutine and also no fries with the chicken.,candidate matches,1,1,0,0,0,1,1,0
152,9,That lead to even more confusion as she couldn't believe I would just not accept the free fries that came with the chicken.,candidate matches,1,0,0,0,0,0,0,0
152,10,TLDR - I just accepted my fate of the large amount of fries that came with the chicken.,candidate matches,1,0,1,0,0,1,0,0
152,11,"The chicken is phenomenal, there's no denying it.",candidate matches,1,1,0,0,0,0,1,0
152,12,I recommend that you should have someone on standby who LOVES fries because half the box was just fries.,candidate matches,1,0,0,0,0,0,0,0
152,13,My friend and I were shocked by the quantity.,unclassified,0,0,0,0,0,0,0,0
152,14,"Sadly, the Portuguese egg tart did not live up to people's review.",candidate matches,1,0,0,0,0,0,0,0
152,15,"Too sugary and too chewy, like they didn't beat the cream enough or something.",unclassified,0,0,0,0,0,0,0,0
152,16,I was really disappointed.,candidate matches,0,0,0,0,0,0,0,1
152,17,Skip the egg tart but not the chicken!,candidate matches,1,1,0,0,0,0,0,0
153,1,"Over-salted poutine that was just one note, and sadly that note was salt, and that's coming from someone who likes salty food!",candidate matches,1,1,0,0,0,1,1,0
154,1,I still dream about the food I ate here.,unclassified,0,0,0,0,0,0,0,0
154,2,I ordered the poutine and the chicken and sausage salad.,candidate matches,1,1,1,0,0,1,1,0
154,3,Both were amazing.,unclassified,0,0,0,0,0,0,0,0
154,4,Everything was made to perfection and the portions were huge.,candidate matches,1,0,1,0,0,0,0,0
154,5,I split everything with a friend and we had enough leftovers for dinner.,candidate matches,1,0,0,0,0,1,0,0
154,6,I totally recommend the poutine and the chicken salad.,candidate matches,1,1,1,0,0,1,1,0
154,7,The sausage was good but they gave us too many and we ended up not finishing.,candidate matches,1,0,1,0,0,1,0,0
154,8,Also don't forget to order a couple of the Portuguese tarts for dessert.,candidate matches,1,0,0,0,0,0,0,0
154,9,You'll want at least 2 so don't just order 1!,unclassified,0,0,0,0,0,0,0,0
155,1,"Affordable, delicious and generous food.",candidate matches,1,1,1,0,0,0,1,0
155,2,Self-service style.,unclassified,0,0,0,0,0,0,0,0
155,3,Waited in line for about 15 minute.,candidate matches,0,1,0,1,1,0,0,0
155,4,"Place your order, pick it up and pay at the cashier at the back of the store, then grab any open seats.",candidate matches,0,0,0,0,0,1,0,0
155,5,"Got their #8 large, which is poutine with chorizo and chicken.",candidate matches,1,1,0,0,0,1,1,0
155,6,This can be a meal for 4.,candidate matches,1,0,0,0,0,1,0,0
155,7,"This item is 80% fries, so if you are looking for more protein, I suggest going for their other items.",candidate matches,1,0,0,0,0,0,0,0
155,8,"Next time, I might get their #1 whole chicken or #11 chicken, chorizo salad.",candidate matches,1,0,1,0,0,1,0,0
156,1,"We saw so many good reviews for this place and walked by pretty often, so we knew we had to try it.",unclassified,0,0,0,0,0,0,0,0
156,2,"As there was no English menu, we struggled a bit to figure out what to order but it all worked out with us eating well in the end.",unclassified,0,0,0,0,0,0,0,0
156,3,"Once you enter, you go up to the counter to order and you watch them chop up your meat before you pay at the cash register.",candidate matches,0,1,0,0,0,1,0,0
156,4,The chorizo didn't taste like regular chorizo -- it had somewhat of a tomato-based flavor and was more dense (less chewy) than I expected.,candidate matches,1,0,0,0,0,0,0,0
156,5,"Still yummy though, just different.",unclassified,0,0,0,0,0,0,0,0
156,6,The chicken (as everyone else in the reviews have said) is amazing -- super moist and tender and delicious.,candidate matches,1,0,0,0,0,0,1,0
156,7,"The sauce is incredibly greasy, but hey, that's definitely what makes it so good!",unclassified,0,0,0,0,0,0,0,0
156,8,Just make sure to grab a bunch of napkins to eat it with (ask the cashier for plenty)!,candidate matches,0,0,0,0,0,1,0,0
157,1,Came here when I was in Montreal for two nights and was blown away.,candidate matches,0,0,0,0,0,0,1,1
157,2,When we arrived there was a line around the corner and decided to wait - thankfully.,candidate matches,0,1,0,1,1,0,0,0
157,3,Everyone in my group ordered either the poutine or chicken and I split both with a friend.,candidate matches,1,1,0,0,0,1,1,0
157,4,We got the spicy which wasn't hot but added some really great flavour.,candidate matches,1,0,0,0,0,1,0,0
157,5,The poutine was the favorite.,candidate matches,1,1,0,0,0,1,1,0
157,6,It has that perfect combination of salt and fat that is super addictive and delicious.,unclassified,0,0,0,0,0,0,0,0
157,7,It was also covered in chicken and chorizo.,candidate matches,1,1,0,0,0,1,1,0
157,8,The chicken was also incredible.,candidate matches,1,1,1,0,0,0,1,0
157,9,It was super moist and the drenched in a great sauce that reminded me of a less spicy and more seasoned buffalo sauce.,candidate matches,1,0,0,0,0,0,0,0
157,10,The portions were also huge.,candidate matches,1,0,1,0,0,0,0,0
157,11,The large poutine and whole chicken provided more than 3 meals worth of food for me and my friend - and we eat a lot.,candidate matches,1,1,1,0,0,1,1,0
157,12,Haven't tried the other chicken spots(a friend from Montreal claims Cote St Luc has the best chicken straight up) but this spot was one of the highlights of the trip.,candidate matches,1,0,0,0,0,0,1,0
157,13,Easily some of the best chicken I've ever eaten.,candidate matches,1,1,1,0,0,0,1,0
158,1,"Based on the reviews, we decided to come here first over la banquise .",unclassified,0,0,0,0,0,0,0,0
158,2,"We ordered the number 8 bon les portugais font de la pountine (portugese poutine) that has cheese curd, chicken, gravy, and chorizo.",candidate matches,0,1,0,0,0,0,1,0
158,3,The petite for ($11 CAN) was more than enough.,candidate matches,1,0,1,0,0,0,0,0
158,4,This was a take-out item.,candidate matches,0,0,0,0,0,1,0,0
158,5,The consensus was the chicken was the highlight.,candidate matches,1,1,0,0,0,0,0,0
158,6,It was soft and tender.,candidate matches,1,0,0,0,0,0,0,0
158,7,We preferred the fries here over la basquite's more as those were over fried and thin.,candidate matches,1,0,1,0,0,0,0,0
158,8,I found the culmination of the gravy and chorizo to be too salty.,candidate matches,1,0,0,0,0,0,0,0
158,9,"The real dish is just to get the fried portugese chicken, nothing else.",candidate matches,1,0,0,0,0,0,1,0
158,10,"Next time, I'll be sure to just get that instead.",unclassified,0,0,0,0,0,0,0,0
159,1,My mother and I were stalling from checking into our AirBnB so we stumbled upon this place.,unclassified,0,0,0,0,0,0,0,0
159,2,"Poutine is the food symbol of Montreal and so, my mother and I must of course sample it, and this place was very promising.",candidate matches,1,1,0,0,0,1,1,1
159,3,I expected a long line and there was.,candidate matches,0,1,0,1,0,0,0,0
159,4,"We were thankfully not forced to stand outside, but the line was to the door, though that may be because of the set up of the restaurant that had people standing in line with the door.",candidate matches,0,1,0,1,0,0,0,0
159,5,The line moves fairly quickly though as the people working here have a great assembly process that you get to watch live.,candidate matches,0,1,0,1,0,0,0,0
159,6,"There is inside seating, though with the busyness of the place, I wouldn't rule out ordering to go.",candidate matches,0,0,0,0,1,1,0,0
159,7,"I opted to order the ""Bon, les Portugais Font de la Poutine,"" which I called the ""Number 8"" because I was afraid of butchering my French pronunciation in my first day back in a Francophone area.",candidate matches,0,1,0,0,0,0,0,0
159,8,I ordered the large which was a large plate that was plenty to fill the stomachs of both me and my mother.,unclassified,0,0,0,0,0,0,0,0
159,9,The cheese bits were tasty; the gravy was rich and soaked the fries well so that I didn't have any plain fries (plain fries are a a bit of a nightmare for me by the way); the chicken and sausage offered a meaty dimension to the poutine.,candidate matches,1,1,0,0,0,1,1,0
159,10,It was a decent poutine!,candidate matches,1,1,1,0,0,1,1,0
159,11,The last bite was amazing because I amassed enough cheese with the meat and potato  that created an excellent flavor and texture combination.,candidate matches,1,0,1,0,0,0,0,0
159,12,You can opt for a pitcher of water for the table if you don't buy the water bottles (which you shouldn't because water should always be free).,unclassified,0,0,0,0,0,0,0,0
159,13,"The menu looks fabulous and if I had more time up here, I would come back to try the other options.",unclassified,0,0,0,0,0,0,0,0
160,1,Chicken for all the hype was meh.,candidate matches,1,1,0,0,0,0,0,0
160,2,Flavor was there just not very strong/ had the whole chicken and some of the white meat pieces just got left flavorless.,candidate matches,1,1,0,0,0,0,0,0
160,3,.,unclassified,0,0,0,0,0,0,0,0
160,4,Loaded Poutine would also be mid for me.,candidate matches,1,0,0,0,0,1,1,0
160,5,The egg tarts are definitely a must have.,candidate matches,1,0,0,0,0,0,0,0
160,6,Somebody Feed Phil choices so far don't compel as much as Anthony Bourdain.,candidate matches,0,0,0,0,0,0,1,0
160,7,Duh.,unclassified,0,0,0,0,0,0,0,0
161,1,"I discovered this place thanks to ""Somebody Feed Phil."" We came in during lunch and it was quite busy, but the line moved steadily forward.",candidate matches,0,1,0,1,0,0,1,0
161,2,We ordered the half chicken which came with fries and salad.,candidate matches,1,1,1,0,0,1,0,0
161,3,I enjoyed the moist chicken.,candidate matches,1,1,1,0,0,0,1,0
161,4,I only wished it was spicy.,candidate matches,1,0,0,0,0,0,0,0
163,1,"Best chicken, fries, salad meal in Montreal.",candidate matches,1,1,1,0,0,1,1,1
163,2,The crown used to go to Romados which is still amazingly good but MPM is a notch better.,unclassified,0,0,0,0,0,0,0,0
163,3,Tony Alves the owner used to work at Romados for 20 years.,unclassified,0,0,0,0,0,0,0,0
163,4,His defection would be similar to if Tom Brady and Bill Belichek left the Patriots for elsewhere (damm I sure do not like Brady).,unclassified,0,0,0,0,0,0,0,0
163,5,******local tip #1 ******Come early if you don't have patience for long lines.,candidate matches,0,0,0,1,0,0,0,0
163,6,I mean real real early.,unclassified,0,0,0,0,0,0,0,0
163,7,We came at 4:30pm on a Saturday  and it was already 5-10 people out the door.,candidate matches,0,0,0,1,0,0,0,0
163,8,When we left at 5:30 pm it was around 20-25 deep in line.,candidate matches,0,0,0,1,1,0,0,0
163,9,I've seen it 40-50 deep at 6pm.,unclassified,0,0,0,0,0,0,0,0
163,10,"The chicken is moist, fall off the bone and charcoal grilled delish.",candidate matches,1,0,0,0,0,0,1,0
163,11,Over 200 reviews have stated that so no need to continue.,unclassified,0,0,0,0,0,0,0,0
163,12,The fries are equally good.,candidate matches,1,0,1,0,0,0,0,0
163,13,The salad does get lost under a mountain of chicken and fries but it's good to have something healthy on this gargantuan fat man's plate.,candidate matches,1,0,1,0,0,1,0,0
163,14,Dining is simple.,candidate matches,0,1,0,0,1,1,0,0
163,15,Don't come expecting much.,candidate matches,0,0,0,0,0,0,0,1
163,16,The volume of food they sell through here is insane.,candidate matches,1,0,1,0,0,0,0,0
163,17,I had courteous service and the restaurant felt like a sweltering inferno on an October day.,candidate matches,0,0,0,0,1,0,0,0
163,18,*****local tip#2***** your hair and clothes will absorb the smell as will the leftovers in your car.,unclassified,0,0,0,0,0,0,0,0
163,19,Don't wear those Sunday church clothes.,unclassified,0,0,0,0,0,0,0,0
163,20,*****local tip#3**** if you like spicy ask for extra orange hot sauce.,unclassified,0,0,0,0,0,0,0,0
163,21,They paint it on with a brush and it's what makes this place a notch over Romados.,unclassified,0,0,0,0,0,0,0,0
163,22,Enjoy to the max.,unclassified,0,0,0,0,0,0,0,0
163,23,Live to eat don't eat to live!,unclassified,0,0,0,0,0,0,0,0
164,1,Holy moly this place is so value.,unclassified,0,0,0,0,0,0,0,0
164,2,You can get a whole chicken for $19!,candidate matches,1,0,0,0,0,1,0,0
164,3,We didn't opt for that since weren't that hungry.,candidate matches,0,0,0,0,0,1,0,0
164,4,"Instead, we got the legs combo for around $13ish?",unclassified,0,0,0,0,0,0,0,0
164,5,It comes with 3 legs and a TON of fries.,candidate matches,1,0,0,0,0,0,0,0
164,6,Make sure you ask for the spicy version; their spicy sauce is great!,candidate matches,1,0,0,0,0,0,0,0
164,7,"The fries and salad that come with the combo are not that great, but they do the job to fill you up.",candidate matches,1,0,1,0,0,1,0,0
165,1,Ok this is my first poutine experience.,candidate matches,1,1,0,0,0,1,1,0
165,2,But man I don't think I can have anything other then Portuguese Poutine.,candidate matches,1,0,0,0,0,1,1,0
165,3,It's one of the best things I've put in my mouth.,unclassified,0,0,0,0,0,0,0,0
165,4,Just go here and get this.,unclassified,0,0,0,0,0,0,0,0
165,5,The place is nothing amazing to speak of.,unclassified,0,0,0,0,0,0,0,0
165,6,Ambiance of a garage with a long justified line.,candidate matches,0,0,0,1,0,0,0,0
165,7,Service was fine.,candidate matches,0,1,0,0,0,0,0,0
165,8,But the food is ridiculously good.,candidate matches,1,1,1,0,0,0,0,0
165,9,Get it to go,unclassified,0,0,0,0,0,0,0,0
166,1,The best Portuguese chicken in Montreal.,candidate matches,1,0,0,0,0,1,1,0
166,2,So moist and tasty and yummy !!the place to go if you love Portuguese chicken or chicken in general!!,candidate matches,1,0,0,0,0,0,1,0
167,1,We traveled all over Montreal and made it a bit of an eating tour and this was by-far my favorite meal.,candidate matches,1,0,1,0,1,1,1,1
167,2,The wet chicken is the best chicken I've ever had.,candidate matches,1,1,0,0,0,0,1,0
167,3,I would recommend this to anyone in town.,candidate matches,0,0,0,0,1,0,1,0
168,1,"So, I had to try after all the hype and positive reviews.",unclassified,0,0,0,0,0,0,0,0
168,2,There is no dine in so everything is take out and I ate in my car.,candidate matches,0,0,0,0,0,1,0,0
168,3,I was super hungry.,candidate matches,1,0,1,0,0,0,0,0
168,4,I ordered a half chicken that was served with salad and fries and hot sauce.,candidate matches,1,1,1,0,0,1,0,0
168,5,The chicken was really well done.,candidate matches,1,1,1,0,0,0,1,0
168,6,To the point where even the dark meat was flaky.,candidate matches,1,0,0,0,0,0,0,0
168,7,"Maybe I was unlucky, but this bird was cooked way too long.",candidate matches,1,1,0,0,0,0,0,0
168,8,The fries were really good and the hot sauce was great.,candidate matches,1,0,1,0,1,1,0,0
168,9,I needed more sauce to make the chicken go down.,candidate matches,1,1,0,0,0,1,0,0
168,10,I also ordered the poutine with sausage and chicken.,candidate matches,1,1,0,0,0,1,1,0
168,11,"As far as poutines go it was good, but not spectacular.",candidate matches,1,1,1,0,0,1,1,0
168,12,I base my poutines on the gravy and this one was lacking depth.,candidate matches,1,0,0,0,0,1,1,0
168,13,"The meat helped inside, but I really like a richer gravy that should have been hotter to melt the cheese.",candidate matches,1,0,0,0,0,0,0,0
168,14,"All in all it was good, but I would not rush back.",unclassified,0,0,0,0,0,0,0,0
168,15,Still worth a try because you may have better luck.,candidate matches,0,0,0,0,0,0,1,0
169,1,An absolute must visit in Montreal.,candidate matches,0,0,0,0,0,0,1,1
169,2,I ordered the small poutine which you can get mild or spicy.,candidate matches,1,1,0,0,0,1,1,0
169,3,I got the non-spicy version.,unclassified,0,0,0,0,0,0,0,0
169,4,They put grill Portuguese chicken and chorizo sausage on top of the poutine.,candidate matches,1,1,0,0,0,1,1,0
169,5,This combo is just heaven.,unclassified,0,0,0,0,0,0,0,0
169,6,"The cheese curds, the flavor, the sauce is just to die for.",unclassified,0,0,0,0,0,0,0,0
169,7,You will come back for more.,unclassified,0,0,0,0,0,0,0,0
169,8,It seems that the food portions in Montreal is so much bigger.,candidate matches,0,0,0,0,0,0,1,1
169,9,They give you a lot.,unclassified,0,0,0,0,0,0,0,0
169,10,"Lucky, I didn't order a large.",unclassified,0,0,0,0,0,0,0,0
169,11,I would have trouble finishing it.,unclassified,0,0,0,0,0,0,0,0
169,12,I must try their other offerings.,unclassified,0,0,0,0,0,0,0,0
170,1,Amazing place!,unclassified,0,0,0,0,0,0,0,0
170,2,The food is delicious and not expensive!,candidate matches,1,1,1,0,0,0,1,0
170,3,Will definitely go there again when in Montreal.,candidate matches,0,0,0,0,0,0,1,1
171,1,The pasta del nata is deliciously sweet.,candidate matches,1,0,0,0,0,0,0,0
171,2,The poutine was good.,candidate matches,1,1,1,0,0,1,1,0
171,3,Chicken was tender.,candidate matches,1,1,0,0,0,0,1,0
171,4,I think I would opt for the fries and salad option,candidate matches,1,0,1,0,0,1,0,0
172,1,Saw this place on a food/travel show on Netflix and it looked good so I wanted to try it out.,candidate matches,1,0,1,0,0,0,1,0
172,2,"There was a bit of a line, but once I got in you could see the chickens roasting and my mouth started watering.",candidate matches,1,1,0,1,0,0,0,0
172,3,We came to Montreal right after Christmas for a little change of scenery and had a list of places to eat and this was near the top.,candidate matches,0,0,0,0,0,1,1,1
172,4,"The Good: Man, the place was busy and the atmosphere was cool.",unclassified,0,0,0,0,0,0,0,0
172,5,The food was very tasty and the prices were appropriate.,candidate matches,1,1,1,0,1,1,0,0
172,6,Also the baked gods were great!,candidate matches,1,0,0,0,0,0,0,0
172,7,It was amazing watching these guys work while I was in line waiting to place my order.,candidate matches,0,0,0,1,0,0,0,0
172,8,The Bad: I wished I had more time to try out other menu items.,unclassified,0,0,0,0,0,0,0,0
172,9,I hat the poutine and it was good.,candidate matches,1,1,0,0,0,1,1,0
172,10,After a while though all I could taste was gravy.,candidate matches,1,0,0,0,0,0,0,0
172,11,I would like to have had more time to try other stuff.,unclassified,0,0,0,0,0,0,0,0
172,12,Overall: I'd recommend coming here with a family our group of people who wouldn't mind sharing a bunch of different things.,unclassified,0,0,0,0,0,0,0,0
172,13,I can see why there is so much hype.,unclassified,0,0,0,0,0,0,0,0
172,14,It was damn  good.,unclassified,0,0,0,0,0,0,0,0
173,1,"This is spectacular chicken and when we went right when it opened, the half spicy whole chicken was good for two people.",candidate matches,1,1,1,0,0,1,1,0
173,2,The whole thing cost 8.5$ canadian dollars which is as cheap as it gets.,unclassified,0,0,0,0,0,0,0,0
173,3,"I was totally impressed by the service and how quick my order came out with the grilled to perfect chicken along with a spicy buffalo type sauce which was okay (I'm not a big fan of buffalo) but if you go to montreal, this is a must stop.",candidate matches,1,1,1,0,0,1,1,1
173,4,"If you like poutine, a famous shop is kiddy corner to this place but this place is way better.",candidate matches,1,1,0,0,0,1,1,0
173,5,WILL BE GOING BACK HERE EVERYTIME I COME BACK TO MONTREAL for a great bang for your buck and lasting quality chicken.,candidate matches,1,0,0,0,0,1,1,1
174,1,We were told by so many people this was THE spot and were so excited to try it (as a Portuguese girl myself) the chicken was dry and they barely gave us any sauce with it so it was very bland.,candidate matches,1,0,0,0,0,0,1,0
174,2,"Poutine was EXTREMELY mediocre, fries were completely soggy, the chesse curds melted into the sauce so you couldn't even bite into them.",candidate matches,1,1,1,0,0,1,1,0
174,3,Also we had to eat outside next to a trash can with flies.,unclassified,0,0,0,0,0,0,0,0
174,4,Thankfully we had MUCH better poutine places in Montreal outside of this...,candidate matches,1,1,0,0,0,1,1,1
175,1,Take out service is one of the best since everything has closed down!,unclassified,0,0,0,0,0,0,0,0
175,2,They provide a product in which is the cream de la creame of chicken.,candidate matches,0,0,0,0,0,0,1,0
175,3,Dont forget to get the sauce for yourself to do at home!,unclassified,0,0,0,0,0,0,0,0
175,4,Abrigado!,unclassified,0,0,0,0,0,0,0,0
176,1,Si vous cherchez à manger à emporter du poulet il s'agit d'un des meilleurs endroits de Montréal.,unclassified,0,0,0,0,0,0,0,0
176,2,"Le poulet est tendre et est cuit à point, il est possible de manger sur place mais c'est assez sommaire donc je fais cette revue en tant que nourriture à emporter.",unclassified,0,0,0,0,0,0,0,0
176,3,"Il y a souvent la queue pour rentrer, même à 4h de l'après midi.",unclassified,0,0,0,0,0,0,0,0
176,4,"La sélection est assez variée, il est possible de repartir avec des sandwichs, salade et désert.",unclassified,0,0,0,0,0,0,0,0
176,5,Le flan au caramel est délicieux.,unclassified,0,0,0,0,0,0,0,0
176,6,L'endroit est assez simple mais la qualité est très bonne.,unclassified,0,0,0,0,0,0,0,0
176,7,Pas forcément haute classe ce n'est pas le but recherché mais juste pour du poulet à emporter c'est excellent.,unclassified,0,0,0,0,0,0,0,0
177,1,It was very good.,candidate matches,1,0,1,0,0,0,0,0
177,2,"We got the half chicken, fries and salad that is so popular, and also the poutine, and it didn't disappoint.",candidate matches,1,1,1,0,0,1,1,0
177,3,"The line was long, but it moved quickly.",candidate matches,0,1,0,1,1,0,0,0
177,4,We got it to go and ate in the park nearby.,candidate matches,1,0,1,0,1,1,0,0
177,5,"We center our trips around food, and this is what I'll tell you.",unclassified,0,0,0,0,0,0,0,0
177,6,"It is a very good place, but not mind-blowing legendary like the hype wants you to beleive.",unclassified,0,0,0,0,0,0,0,0
177,7,I believe the issue is the large flow of people.,unclassified,0,0,0,0,0,0,0,0
177,8,"I think the place can make very good chicken, but with the huge lines of people, the process has become a massive assembly line.",candidate matches,1,1,0,0,0,0,1,0
177,9,"Chicken, fries, on a plate, now you pay and off you go.",candidate matches,1,0,1,0,0,1,0,0
177,10,Next person!,unclassified,0,0,0,0,0,0,0,0
177,11,There is not any attention to detail and the sauce and flavoring was not that great.,unclassified,0,0,0,0,0,0,0,0
177,12,"Good, but not great.",unclassified,0,0,0,0,0,0,0,0
177,13,The chicken had very little of the sauce that they claim is so great.,candidate matches,1,1,0,0,0,0,1,0
177,14,We went to a small place the next night.,candidate matches,0,0,0,0,0,1,0,0
177,15,"It is a Portuguese family owned place called Portugalia near Mont Royal Park,  that was mostly food to go.",candidate matches,0,0,0,0,0,0,1,0
177,16,The guy made the chicken to order on a charcoal grill and asked if you wanted the sauce mild or spicy and took the time to make sure the chicken was properly sauced and grilled.,candidate matches,1,0,0,0,0,0,0,0
177,17,It was hands-down better than MPM!,unclassified,0,0,0,0,0,0,0,0
177,18,We then took our food to the park for a feast.,candidate matches,1,1,0,0,1,1,0,0
177,19,"My advice is try MPM for the experience, but if you really want better chicken, go to a smaller place where there is more attention to detail.",unclassified,0,0,0,0,0,0,0,0
178,1,"My boyfriend and I went to Montreal over New Years, and this was one of the only places on his ""must try"" list that was open and ohhh GOODNESS am I glad it was.",candidate matches,0,0,0,0,0,0,1,1
178,2,"In fact, we opted to go to Ma Poule Mouillée in lieu of a more *traditional* poutine.",candidate matches,1,1,0,1,0,1,1,0
178,3,"We got the ""small poutine"" (which was anything but small) and Le Louis Cyr (which is a half chicken with French fries and a fresh green salad).",candidate matches,1,1,1,0,0,1,0,0
178,4,Both dishes were out of this world.,candidate matches,1,0,0,0,0,0,0,0
178,5,"The signature spicy sauce was featured in both-- it's tangy, spicy, warm, and, in the poutine, the cheese curds perfectly complimented it.",candidate matches,1,0,0,0,0,0,1,0
178,6,"The place is small, but we got there at just the right time-- the line wasn't especially long, but the inside was PACKED.",candidate matches,0,0,0,1,1,0,0,0
178,7,"However, because of the nature of the place, diner turnover is pretty quick-- we were able to snag a window seat and watch a quieter part of this beautiful city.",candidate matches,0,0,0,0,1,1,0,0
179,1,Come here every time I visit MTL.,candidate matches,0,0,1,0,0,0,0,0
179,2,Line is almost always out the door!,candidate matches,0,1,0,1,0,0,0,0
179,3,Chicken is cooked so well!,candidate matches,1,1,0,0,0,0,1,0
179,4,Definitely get the poutine it's heavenly!,candidate matches,1,0,0,0,0,1,1,0
179,5,Some of the best food in MTL hands down,candidate matches,0,0,1,0,0,0,0,0
180,1,Great quality meet and good portion for the cost.,candidate matches,1,0,1,0,0,0,0,0
180,2,"Would recommend splitting a regular size, it's a ton of food.",candidate matches,1,0,0,0,0,0,0,0
180,3,"Best poutine I've had, very moist chicken.",candidate matches,1,1,1,0,0,1,1,0
181,1,Dude..,unclassified,0,0,0,0,0,0,0,0
181,2,"this is it, this is the spot that changed my life.",unclassified,0,0,0,0,0,0,0,0
181,3,I seriously don't know how I lived my life before I ate here.,unclassified,0,0,0,0,0,0,0,0
181,4,I'm the first to admit that I get a little picky with my chicken but my fiancée is Portuguese and this means I've been introduced to a lot of great chicken places recently and I happily go along.,candidate matches,1,0,0,0,0,0,1,0
181,5,While driving down Rachel we decided to stop in and I couldn't even look at the menu because my girl had already order half the menu.,candidate matches,0,0,0,0,0,1,0,0
181,6,"We had the poutine, the chorizo sandwich and the spicy chicken sandwich the sandwich came with a salad as well.",candidate matches,1,1,1,0,0,1,0,0
181,7,From the second I took a bite of the poutine and got to taste the chicken the chorizo the cheese the gravy all in a perfect bite I was in love.,candidate matches,1,0,0,0,0,1,0,0
181,8,The poutine is piled high and generously and the chicken and chorizo are so flavourful it still blows my mind.,candidate matches,1,1,0,0,0,1,1,0
181,9,Moving on to the sandwich the bread is stuffed with either protein and taste really can't compare to anything you get the piripiri spice and the taste from the charcoal grill and it's this perfect little dance that happens in your mouth.,unclassified,0,0,0,0,0,0,0,0
181,10,You won't have room for dessert I promise but if your like me and wanna make sure you have a little something sweet for when you digest a little later on grab an almond tart and thank me later ;) This is Montreal and the Portuguese community is one of the best they are friendly and happy to feed anyone your doing yourself a disservice if you don't eat here at least once ( a week ).,candidate matches,0,0,0,0,0,0,1,0
182,1,Came here on my trip to Montreal 1 year ago.,candidate matches,0,0,0,0,0,0,1,1
182,2,"Having been my first trip here, I would constantly hear how I haddd to try poutine.",candidate matches,1,1,0,0,0,1,1,0
182,3,"Searching on yelp for the areas near me, this was a clear winner.",unclassified,0,0,0,0,0,0,0,0
182,4,"Even as we were parking in the area, we could smell how amazing the food was.",candidate matches,0,0,0,0,1,0,0,0
182,5,We got there around their opening time but even then there was a fairly large line.,candidate matches,0,1,0,1,1,0,0,0
182,6,"Once we got to the ordering area, the menu options all looked so good.",unclassified,0,0,0,0,0,0,0,0
182,7,The cashier recommended one of their larger group poutines since we had 3 guys in our group and we were lucky enough to snag a quick seat inside.,candidate matches,1,1,0,0,0,1,1,0
182,8,The food looked amazing when it came out.,candidate matches,1,1,1,0,1,1,0,0
182,9,It was like the epitome of comfort food all piled into one plate.,candidate matches,1,0,1,0,1,0,0,0
182,10,"The chicken, fries and gravy were delicious.",candidate matches,1,1,1,0,0,1,0,0
182,11,"The chicken was soft and tender, fries were crispy and gravy was very flavorful.",candidate matches,1,1,1,0,0,1,0,0
182,12,Strongly recommend anyone visiting this area to try this spot out!,candidate matches,0,0,0,0,1,1,1,0
184,1,The chicken is amazing!!!!,candidate matches,1,1,0,0,0,0,1,0
184,2,So much flavor in it.,unclassified,0,0,0,0,0,0,0,0
184,3,And you get a big portion for the price.,candidate matches,1,0,1,0,0,0,0,0
184,4,The natas are a bit too sweet for me though,candidate matches,1,0,0,0,0,0,0,0
185,1,"Chicken was ok, a little dry but not fatty.",candidate matches,1,1,0,0,0,1,1,0
185,2,Not as much flavor as I had expected.,candidate matches,1,0,0,0,0,0,0,0
185,3,"The salad was just ok, the dressing was a little heavy and the lettuce was in large chunks so a bit uncomfortable to eat and had to cut the lettuce smaller with the plastic knife which wasn't easy.",candidate matches,1,1,1,0,0,1,0,0
185,4,"Poutine was ok but salty, the shining star was the passion fruit soda",candidate matches,1,0,0,0,0,0,1,0
186,1,Had to try poutine while in Montréal obviously.,candidate matches,1,1,0,0,0,1,1,1
186,2,Did chose this one deliberately because of the BBQ chicken and sausage that they add.,candidate matches,1,0,0,0,0,0,0,0
186,3,I was NOT disappointed.,candidate matches,0,0,0,0,0,0,0,1
186,4,What an explosion of tastes.,unclassified,0,0,0,0,0,0,0,0
186,5,I had poutine one time in Germany and that didn't even come close to what this is!,candidate matches,1,1,0,0,0,1,1,0
186,6,I ordered the large one while I was alone and that I would not recommend.,unclassified,0,0,0,0,0,0,0,0
186,7,That's way too much.,unclassified,0,0,0,0,0,0,0,0
186,8,Tasted amazing though!,unclassified,0,0,0,0,0,0,0,0
186,9,Lotta love from the Netherlands!,unclassified,0,0,0,0,0,0,0,0
187,1,"Came here just for the chicken, like many others we saw the restaurant featured on a Netflix show.",candidate matches,1,1,0,0,0,1,1,0
187,2,We arrived right around opening time on a Saturday and there was no line up.,candidate matches,0,0,0,1,1,0,0,0
187,3,"We got a whole chicken, with mild sauce ($16).",candidate matches,1,1,0,0,0,1,1,0
187,4,"The flavors were good, chicken tender and well seasoned but the sauce is just an oily mess.",candidate matches,1,0,0,0,0,0,0,0
187,5,This is very difficult to eat as every piece is just dripping in oil and can be challenging to take it home.,candidate matches,0,1,0,0,0,0,0,0
187,6,"For the price and potential line ups, I don't think it's worth it.",unclassified,0,0,0,0,0,0,0,0
187,7,"Now I did not get to sample any other menu items but if you came just for chicken, there are many other portuguese style rotisserie or grilled chicken joints that offer similar options.",candidate matches,0,0,0,0,0,0,1,0
188,1,"Per my cousin N's recommendation, we stopped by here with the family and had dinner here.",unclassified,0,0,0,0,0,0,0,0
188,2,There was a long line for Ma Poule Mouillee.,candidate matches,0,0,0,1,0,0,1,0
188,3,It probably took us around 30 minutes to get in.,candidate matches,0,0,0,1,0,1,0,0
188,4,Food is cheap here and portions are big.,candidate matches,1,0,1,0,0,0,0,0
188,5,It was approximately 70 CAD to feed the 8 people.,candidate matches,1,0,1,0,0,0,0,0
188,6,I definitely recommend you stop by here if you are craving for some poutine.,candidate matches,1,0,0,0,0,1,1,0
188,7,We ordered the following: - Portuguese Chicken - Chicken was delicious and the meat was tender.,candidate matches,1,0,0,0,0,1,1,0
188,8,- Salad Matilde (Chicken Salad) Great to share between 2 people.,candidate matches,1,0,0,0,0,1,0,0
188,9,"- Combo Veronique (fries, salad, grilled chicken combo) Huge portion.",candidate matches,1,0,1,0,0,1,0,0
188,10,Note that the fries that come in this combo is not the poutine ones.,candidate matches,1,1,0,0,0,1,1,0
188,11,It's just plain fries.,candidate matches,1,0,0,0,0,0,0,0
188,12,"- Poutine with cheese, chicken, and chorizo - This is the highlight of Ma Poule Mouillee.",candidate matches,1,1,0,1,0,1,1,0
188,13,The poutine is slightly spicy but nothing you shouldn't be able to handle.,candidate matches,1,0,0,0,0,1,1,0
188,14,It has a nice kick in the mouth.,unclassified,0,0,0,0,0,0,0,0
188,15,It's a bit on the salty side so remember to have a beverage on hand.,unclassified,0,0,0,0,0,0,0,0
188,16,- Portuguese Tarts - Decided to try some Portuguese tarts per Yelp's recommendation and they were just OK.,unclassified,0,0,0,0,0,0,0,0
188,17,I was a little let down by this because I had such high hopes for this.,unclassified,0,0,0,0,0,0,0,0
188,18,This was too sweet for me.,unclassified,0,0,0,0,0,0,0,0
188,19,I mean like half a tart was more than enough for me.,candidate matches,1,0,0,0,0,0,0,0
188,20,The center of the tart is very eggy and pudding like.,candidate matches,1,0,0,0,0,0,0,0
188,21,The crust was layered but it was slightly chewy.,unclassified,0,0,0,0,0,0,0,0
188,22,I am not sure if the chewiness is attributed to the fact that the tart has been baked earlier in the day and sitting on the counter for a while.,unclassified,0,0,0,0,0,0,0,0
188,23,I actually like the Chinese Portuguese Tart from Taipan in NYC more.,unclassified,0,0,0,0,0,0,0,0
188,24,The Chinese version is more layered and flakier.,unclassified,0,0,0,0,0,0,0,0
188,25,It's has a nice crunch and it's also less sweet.,unclassified,0,0,0,0,0,0,0,0
189,1,Holy cow!,unclassified,0,0,0,0,0,0,0,0
189,2,We were on our last day in Montreal and somehow hadn't heard that Portuguese chicken was a thing here.,candidate matches,1,1,0,0,0,1,1,0
189,3,Thank goodness we caught it just in time!,unclassified,0,0,0,0,0,0,0,0
189,4,"We planned to hit La Banquise (for poutine) while in the area, so we went with just chicken and half a sausage.",candidate matches,1,1,0,0,0,1,1,0
189,5,"While I watched others in line before us get their plates piled high with everything (meat, salad & fries/potatoes), I already knew we were missing out by not getting the full plate.",candidate matches,1,0,1,0,0,1,0,0
189,6,"The chicken was amazing- juicy with crispy skin, and the sauce was something special.",candidate matches,1,1,1,0,0,0,1,0
189,7,"We got ours on the side because we didn't know how ""spicy"" it was actually going to be.",unclassified,0,0,0,0,0,0,0,0
189,8,It was perfect!,unclassified,0,0,0,0,0,0,0,0
189,9,"Can't wait to get back and actually go for a full meal, sides & all!",candidate matches,1,0,0,0,0,1,0,0
190,1,"Went to Ma Poule Mouillée tonight, after watching ""Somebody Feeds Phil"", Montreal.",candidate matches,0,0,0,1,0,0,1,0
190,2,Well.,unclassified,0,0,0,0,0,0,0,0
190,3,"No disrespect to Phil Rosenthal, but this was a most underwhelming food experience.",candidate matches,0,0,0,0,1,0,0,0
190,4,"We ordered a chicken breast, a chicken sandwich, and the poutine Phil was so raving about.",candidate matches,1,1,1,0,0,1,1,0
190,5,The chicken was ok.,candidate matches,1,1,0,0,0,0,0,0
190,6,"Good, not great.",unclassified,0,0,0,0,0,0,0,0
190,7,We've eaten at other Portuguese chicken joints in Montreal in the past and have enjoyed much better chicken.,candidate matches,1,0,0,0,0,1,1,0
190,8,"The fries looked promising, but ended up disappointing as well.",candidate matches,1,0,1,0,0,0,0,0
190,9,The meal came with a small salad swimming in vinaigrette.,candidate matches,1,1,0,0,0,1,0,0
190,10,"The sandwich was also good, just not up to Phil's exuberant approval.",candidate matches,1,0,0,0,0,0,0,0
190,11,"After a first promising bite, it turned out to be not much better than a similar sandwich from Saint-Hubert.",candidate matches,1,0,1,0,0,0,0,0
190,12,The poutine was extremely salty and lacked any taste.,candidate matches,1,1,0,0,0,1,1,0
190,13,"The sauce was tepid, and -gasp!- the cheese did not squeak on the teeth.",candidate matches,1,0,0,0,0,0,0,0
190,14,Ordinary.,unclassified,0,0,0,0,0,0,0,0
190,15,Very.,unclassified,0,0,0,0,0,0,0,0
191,1,If there's a chicken dinner worth waiting 30 min outside in snowy Montreal for...,candidate matches,1,0,0,0,0,1,1,0
191,2,It's this chicken.,candidate matches,1,0,0,0,0,0,0,0
191,3,"The lines are long, ordering is a stressful, frantic process, and hunting for a seat can become hunger games-like.",candidate matches,0,1,0,1,0,0,0,0
191,4,But...,unclassified,0,0,0,0,0,0,0,0
191,5,Man this chicken is damn good.,candidate matches,1,1,0,0,0,0,1,0
191,6,"I've never had Portuguese chicken before and it reminded me of latin-style rotisserie chicken - juicy, tender, flavorful - but with a unique spicy red sauce!",candidate matches,1,0,0,0,0,0,1,0
191,7,We ordered a half chicken plate with fries and salad as well as a poutine with chicken and chorizo.,candidate matches,1,1,1,0,0,1,0,0
191,8,We'd been advised by a local to get poutine here and it was a great way to try poutine!,candidate matches,1,1,0,0,0,1,1,0
191,9,The chorizo was also tender and tasty.,candidate matches,1,0,0,0,0,0,0,0
191,10,"But to be honest, the chicken and the chicken alone is really the star here.",candidate matches,1,1,0,0,0,0,0,0
191,11,On future visits I'll definitely be ordering chicken and only chicken.,candidate matches,1,1,0,0,0,1,1,0
191,12,But with extra sauce of course!,unclassified,0,0,0,0,0,0,0,0
193,1,I know this has been said before and I just need to chime in once more ..,unclassified,0,0,0,0,0,0,0,0
193,2,this place is bursting with flavour ..,unclassified,0,0,0,0,0,0,0,0
193,3,If you know the area real well..,unclassified,0,0,0,0,0,0,0,0
193,4,you know there's a police station right across and to be quite frank the police officers have it GOOD!!!!!!,unclassified,0,0,0,0,0,0,0,0
193,5,They're really fortunate to have Ma poule Moillée from walking distance ahaha Atmosphere: Welll before I even Entered the resto I could smell the delicious chicken from my car it was so intense!,candidate matches,0,0,0,0,0,0,1,0
193,6,I swear I feel like they made the entire street smell with awesomeness so people get lured in on purpose ahaha ..,unclassified,0,0,0,0,0,0,0,0
193,7,this place was packed and it was my first time trying out ..,candidate matches,0,0,0,1,1,0,0,1
193,8,I wonder how busy they are at lunch time  on a regular weekday Food: 5+++++++++ Portuguese chicken Was very tender and as per my expectations they were completely met ..,candidate matches,1,1,0,0,0,0,1,0
193,9,it was insanely flavourful cooked on a charcoal grill !,candidate matches,1,0,1,0,0,0,0,0
193,10,I love Portuguese chicken and they just nailed it and hit the spot!,candidate matches,1,0,0,0,0,0,1,0
193,11,My poutine 5+++++ waaaw it was amazing and so filling..,candidate matches,1,0,0,0,0,1,1,0
193,12,I didn't know the portions were so large I was amazed.,candidate matches,1,0,1,0,0,0,0,0
193,13,The chorizo sausage could be a bit better It was a tad overcooked and chewy but thats ok...,candidate matches,1,0,1,0,0,0,0,0
193,14,the flavours were so amazing definitely worth getting it for the price.,candidate matches,1,0,1,0,0,0,0,0
193,15,I love how the cheese curds are hidden inside the poutine so they have a chance to melt and get gooey mmmmm The Chicken Sandwich: My oh my 5++++Starssssss Chicken was so moist but most of all the actual bun was coated with Flavour ..,candidate matches,1,1,0,0,0,1,1,0
193,16,Correct me if I'm wrong but I totally hinted the bread being french Toasted prior and I taste the egg and softness Of the sandwich woow it was Perfect !,candidate matches,1,0,0,0,0,0,0,0
193,17,Chicken was the actual highlight and I strongly recommend you trying it out Service: A1 very fast and super perfect...,candidate matches,1,1,0,0,0,0,1,0
193,18,it was a full house but the staff were well organized and managed to keep the orders rolling definitely experienced.,unclassified,0,0,0,0,0,0,0,0
193,19,Friendly staff and superb service Cost: Cheappppp and Insanely large portions don't ever change please :D 12$ for a huge poutine Half Chicken for 14$ came with fries and salad Chicken sandwich with rice 12$ Parking: super challenging as it's hit and miss downtown lol parking meters are all full and hard to get a hold of one but it didn't stop me from getting here Overall I definitely recommend this place for Portuguese chicken it's insanely delicious and flavourful and you won't be disappointed ..,candidate matches,1,0,1,0,0,1,1,0
193,20,ohh and Wayyyyy wayyy wayyyy wayyyy better then Romados ;),unclassified,0,0,0,0,0,0,0,0
194,1,One of the best chickens we have ever had!,candidate matches,1,1,0,0,0,0,1,0
194,2,"Man, that's some delicious chicken, and the portions are huge!",candidate matches,1,0,0,0,0,0,1,0
194,3,"That sauce they are smothered with is tremendous, so yeah, you'll be dragging the fries along the bottom of the cardboard box to get them properly saucy and yummy by the end of your meal, as you struggle to find room in your stomach for everything.",candidate matches,1,0,0,0,0,0,0,0
194,4,We also had the traditional pasteis de nata and they were great as well.,unclassified,0,0,0,0,0,0,0,0
194,5,"We had to get them to go and eat them way later, but they are a delicious custard treat at any time of the day.",candidate matches,1,1,0,0,0,0,0,0
194,6,This is a popular place but the line moves fast as you just order off the menu on the wall.,candidate matches,0,1,0,1,0,0,0,0
194,7,The website helps with pictures if you don't understand French.,candidate matches,0,1,0,0,0,0,0,0
195,1,Omg y'all the hype is REAL.,unclassified,0,0,0,0,0,0,0,0
195,2,Ma Poule Mouillée legit has some of the best dang Portuguese chicken I have ever eaten and I am so glad that I dragged my boyfriend here for a second lunch our last day in Montreal.,candidate matches,1,1,0,1,0,1,1,0
195,3,It was 100% worth the line and 10/10 would do it again in a heartbeat.,unclassified,0,0,0,0,0,0,0,0
195,4,"We both ordered the P'tit Talbot, which is their signature chicken sandwich in the most delish sauce.",candidate matches,1,0,0,0,0,0,0,0
195,5,"Thankfully we only waited about 10 minutes to place our order at the counter (don't be discouraged if you see a line--we almost were because it looked endless, but it truly moved really, really quickly) and another 5 minutes to get our order, so within 15 minutes, we were able to get our hands on these orgasmic sandwiches.",candidate matches,0,1,0,1,0,1,0,0
195,6,Honestly I can say that the P'tit Talbot is one of the best sandwiches I've had the pleasure of devouring.,unclassified,0,0,0,0,0,0,0,0
195,7,"The chicken was so flavorful and juicy and plentiful and the bread perfectly soaked up the sauce, so each bite was chock full of deliciousness.",candidate matches,1,1,1,0,0,0,1,0
195,8,"The sauce was so good, in fact, that I actually did end up leaving with a bottle of it to take back home to the states.",unclassified,0,0,0,0,0,0,0,0
195,9,Merry Christmas to me!,unclassified,0,0,0,0,0,0,0,0
195,10,The only negative about this place is how dang far it is from me.,unclassified,0,0,0,0,0,0,0,0
195,11,"Any chance you guys could open up a store in NYC, Ma Poule Mouillée?!",candidate matches,0,0,0,1,0,0,1,0
195,12,Thxxxxx.,unclassified,0,0,0,0,0,0,0,0
196,1,Best rotisserie chicken on the planet!!,candidate matches,1,0,0,0,0,0,1,0
196,2,The long line getting in is well worth the wait!,candidate matches,0,0,0,1,0,0,0,0
197,1,We got the Portuguese poutine to share and thought it was just ok.,candidate matches,1,1,0,0,0,1,1,0
197,2,Maybe poutines are just not really our thing but we felt like over all it was really heavy.,candidate matches,1,1,0,0,0,1,1,0
197,3,The fries could've been a bit more crispy and the piri piri sauce was not spicy at all.,candidate matches,1,0,0,0,0,0,0,0
197,4,The chicken needed to be more charred on the grill to add some texture.,candidate matches,1,0,0,0,0,0,0,0
197,5,We also got a coconut pasteis de bats and a flan.,candidate matches,1,0,0,0,0,0,0,0
197,6,"The flan ""broke"" and was spongy while the coconut egg tart was a bit better.",unclassified,0,0,0,0,0,0,0,0
197,7,Nice enough of a spot but the food is honestly just ok ‍,candidate matches,1,0,1,0,1,0,1,0
199,1,Wanted to check out banquise across the street but to my surprise every other Montrealer was feeling the same way.,candidate matches,0,0,0,0,0,0,1,1
199,2,Instead of waiting in line my friend noticed this spot across the street where she had it at work.,unclassified,0,0,0,0,0,0,0,0
199,3,"Extremely fast past environment, the menu is written on a chalk board at the front of the store.",unclassified,0,0,0,0,0,0,0,0
199,4,They have buckets on buckets on fries and chickens being cooked 24/7.,candidate matches,1,0,0,0,0,0,0,0
199,5,"I got a small poutine which had Portuguese chicken and chorizo, very good but needs more cheese as that's the only thing that was lacking from this wonderful flavourful meal.",candidate matches,1,1,0,0,0,1,1,0
200,1,The line is insane but it's worth it.,candidate matches,0,0,0,1,0,0,0,0
200,2,We loved everything we got.,unclassified,0,0,0,0,0,0,0,0
200,3,We got the poutine with the chorizo and the Portuguese chicken and fries.,candidate matches,1,1,0,0,0,1,1,0
200,4,Everything was a 10/10.,unclassified,0,0,0,0,0,0,0,0
200,5,I will be dreaming about the hot sauce.,unclassified,0,0,0,0,0,0,0,0
201,1,"Came to this place on a recommendation that it's cheap, tasty, and huge portions.",candidate matches,1,0,1,0,0,0,1,0
201,2,"It was raining outside, but there was still a small line leading out the door.",candidate matches,0,1,0,1,0,0,0,0
201,3,"The other option was a fondue place across this street and this poutine place with 100 people in line, so we decided to stick with this option.",candidate matches,1,0,0,0,0,1,1,0
201,4,And it was an excellent choice.,unclassified,0,0,0,0,0,0,0,0
201,5,This restaurant is pretty much self service.,candidate matches,0,0,0,0,1,0,0,0
201,6,"Enter, place an order, proceed down the counter to pickup your order.",candidate matches,0,1,0,0,0,1,0,0
201,7,"One section for walk-in, another section for phone orders.",unclassified,0,0,0,0,0,0,0,0
201,8,Just look at the signs hanging from the ceilings for instructions.,unclassified,0,0,0,0,0,0,0,0
201,9,Don't forget to grab a jug of water and some cups.,unclassified,0,0,0,0,0,0,0,0
201,10,You should also clean up when you're done.,unclassified,0,0,0,0,0,0,0,0
201,11,Getting a table might be a bit tricky.,unclassified,0,0,0,0,0,0,0,0
201,12,We were fortunate that a family was finishing up.,unclassified,0,0,0,0,0,0,0,0
201,13,You might consider just getting it to go if you know a place to sit down.,unclassified,0,0,0,0,0,0,0,0
201,14,Their specialty is Portuguese roasted chicken.,candidate matches,1,0,0,0,0,0,1,0
201,15,You can see their kitchen with 50 chickens on the grill at the same time.,candidate matches,0,0,0,0,0,0,1,0
201,16,"You can get chicken on its own, or with fries and salad.",candidate matches,1,0,1,0,0,1,0,0
201,17,They also offer chorizo as well as poutine that comes with their chicken.,candidate matches,1,1,0,0,0,1,1,0
201,18,The chicken is really cheap.,candidate matches,1,1,1,0,0,0,1,0
201,19,"You can get half a chicken on its own for $11, or a whole chicken on its own for $14.",candidate matches,1,0,0,0,0,0,0,0
201,20,"Talk about upsizing, why would you not get the whole chicken?",unclassified,0,0,0,0,0,0,0,0
201,21,"We had three legs, wings, thighs, and a back.",unclassified,0,0,0,0,0,0,0,0
201,22,Or something like that.,unclassified,0,0,0,0,0,0,0,0
201,23,"Meat was very tender and juicy, and the marinating was amazing.",candidate matches,1,0,1,0,1,0,1,0
201,24,"They have a basic poutine for $8, or you can get their deluxe poutine for $13 for this massive plate of poutine filled with potatoes, chicken, cheese curds, chorizo, and their special gravy.",candidate matches,1,1,0,0,0,1,1,0
201,25,"Do not underestimate the size of the poutine, you can probably split it between 3 or 4 people easily.",candidate matches,1,0,0,0,0,1,1,0
201,26,Comes with a lot of chunks of chicken as well.,candidate matches,1,1,0,0,0,1,0,0
201,27,Definitely worth trying.,candidate matches,0,0,0,0,0,0,1,0
201,28,"I later found out that the poutine place across the street had over 1000 yelp reviews, but whatever, you will not be disappointed coming here.",candidate matches,1,0,0,0,0,0,1,0
201,29,"Well, maybe if you were looking for somewhere romantic.",unclassified,0,0,0,0,0,0,0,0
202,1,"Why isn't the slogan for Montreal, ""Come for the Poutine, Stay for the Portuguese Chicken!"" What in the hell did I just eat.",candidate matches,1,1,0,0,0,1,1,0
202,2,Well let me tell ya.,unclassified,0,0,0,0,0,0,0,0
202,3,It was smoky.,candidate matches,1,0,0,0,0,0,0,0
202,4,It just juicy.,candidate matches,1,0,0,0,0,0,0,0
202,5,It was flavorful.,candidate matches,1,0,1,0,1,0,0,0
202,6,It was not enough lol.,unclassified,0,0,0,0,0,0,0,0
202,7,The linguica sausage was mmmmmmmm too.,candidate matches,1,0,0,0,0,0,0,0
202,8,But the real star.,unclassified,0,0,0,0,0,0,0,0
202,9,The real MVP.,unclassified,0,0,0,0,0,0,0,0
202,10,It was the spicy sauce.,candidate matches,1,0,0,0,0,0,0,0
202,11,Not too spicy at all though.,unclassified,0,0,0,0,0,0,0,0
202,12,Just perfect.,unclassified,0,0,0,0,0,0,0,0
202,13,Please put it in a pint and give me a straw ok.,unclassified,0,0,0,0,0,0,0,0
202,14,I don't care who's watching honestly.,unclassified,0,0,0,0,0,0,0,0
202,15,I found myself dipping burnt crispy chicken skin in this sauce and smiling like a kid on Christmas morning.,candidate matches,1,0,0,0,0,0,0,0
202,16,"Pro Tip btw, get the sauce on the side because that's the best way to not have your chicken skin sog out and still dip your chicken in and control your sauce to chicken ratio.",unclassified,0,0,0,0,0,0,0,0
202,17,Wow I can't believe I just typed out that sentence.,unclassified,0,0,0,0,0,0,0,0
202,18,"Anyways, I'm not one for dessert but I am one for trying indigenous foods done right when I have the chance.",unclassified,0,0,0,0,0,0,0,0
202,19,So save room for the Nata sweet egg custard pastry.,candidate matches,1,0,0,0,0,0,0,0
202,20,What a way to top off the meal.,unclassified,0,0,0,0,0,0,0,0
203,1,The best Portuguese Rotisserie Chicken!!,candidate matches,1,0,0,0,0,0,1,0
203,2,Huge  portions and unbelievable deals here.,candidate matches,1,0,1,0,0,0,0,0
203,3,"As soon as you walk in the door, you smell the aroma of BBQ grilled chicken.",unclassified,0,0,0,0,0,0,0,0
203,4,You can see racks of chicken in the Rotisserie.,candidate matches,1,0,0,0,0,0,1,0
203,5,This is a small eatery with counter type service.,candidate matches,0,0,0,0,0,1,0,0
203,6,A small eating area with a few tables and counter seating.,candidate matches,0,0,0,0,1,0,0,0
203,7,A half chicken dinner with 3 sides for only $11.,candidate matches,1,0,0,0,0,1,0,0
203,8,The portions were so big...,candidate matches,1,0,1,0,0,0,0,0
203,9,it's enough for sharing.,candidate matches,1,0,0,0,0,0,0,0
203,10,A whole chicken a la carte is only $14.,candidate matches,1,0,0,0,0,1,1,0
203,11,The chicken is so tasty and even the white meat is juicy & tender.,candidate matches,1,0,0,0,0,0,1,0
203,12,This chicken is amazing...,candidate matches,1,1,0,0,0,0,1,0
204,1,I got the poutine with chicken and chorizo.,candidate matches,1,1,0,0,0,1,1,0
204,2,The chicken was pretty standard.,candidate matches,1,1,0,0,0,0,1,0
204,3,"Although it was impressive to see the rotating skewers of meat behind the counter, I didn't get much of a flavor from the meat that ended up on my plate.",candidate matches,1,0,0,0,0,0,0,0
204,4,"The chorizo also had a funky taste that didn't mesh well with the whole dish, and I found myself picking them out to set aside.",candidate matches,1,0,0,0,0,0,0,0
204,5,"Combined with the gravy, the dish was also a little over-salted.",candidate matches,1,0,0,0,0,0,0,0
204,6,"I ordered the petite, which was still a huge portion and an excellent value if you're looking to split with someone.",candidate matches,1,0,1,0,0,0,0,0
204,7,"The cheese curds in the poutine were tasty, the fries pretty average - maybe I'm not a poutine person because nothing really blew me away.",candidate matches,1,1,0,0,0,1,1,0
204,8,"I visited after the lunch rush, sometime in the afternoon.",unclassified,0,0,0,0,0,0,0,0
204,9,Fortunately I didn't encounter a line.,candidate matches,0,1,0,1,0,0,0,0
205,1,MY FAVOrite place to get POUTINES!!!,candidate matches,1,1,0,0,0,1,1,0
205,2,so much good food for $10 I'm shook!,candidate matches,1,0,1,0,0,0,0,0
205,3,The place was packed and understandably so!,candidate matches,0,1,0,1,1,0,0,1
205,4,The fries melted with the gravy and juicy chicken meat.,candidate matches,1,0,0,0,0,1,0,0
205,5,Gosh if I wasn't so full I would have devoured.,unclassified,0,0,0,0,0,0,0,0
205,6,It was a crowded space but we were able to sit and had water too.,candidate matches,0,0,0,1,1,0,0,0
205,7,Their servers were nice and desserts are also available here.,unclassified,0,0,0,0,0,0,0,0
205,8,I would come back!!,unclassified,0,0,0,0,0,0,0,0
205,9,Was between this and the poutine store across.,candidate matches,1,1,0,0,0,1,1,0
205,10,Decided to choose this and IS HAPPY WITH IT!,unclassified,0,0,0,0,0,0,0,0
205,11,It was a fantastic place.,candidate matches,1,0,1,0,1,0,0,0
205,12,"Savory, delicious in every bite.",unclassified,0,0,0,0,0,0,0,0
205,13,South American flavors added.,unclassified,0,0,0,0,0,0,0,0
205,14,They had bathrooms!,candidate matches,0,0,0,0,1,0,0,0
205,15,@ayoxannna,unclassified,0,0,0,0,0,0,0,0
206,1,Went here around 5pm thinking that we'll beat the line but we were wrong.,candidate matches,0,0,0,1,0,0,0,0
206,2,We had to wait about half an hour.,candidate matches,0,1,0,1,0,0,0,0
206,3,We were contemplating if we should get the chicken and chorizo in Salad or poutine version.,candidate matches,1,1,0,0,0,1,1,0
206,4,We ended up getting the large  poutine and the size is as big as my head!,candidate matches,1,0,0,0,0,1,1,0
206,5,Most of the dish is made up of the fries though.,candidate matches,1,0,1,0,0,0,0,0
206,6,I like the dish overall but I wished they give more chicken.,candidate matches,1,1,1,0,0,1,1,0
206,7,Get the spicy sauce to help balance the poutine sauce.,candidate matches,1,0,0,0,0,1,1,0
206,8,"Else, it may tastes monotonous after a while.",unclassified,0,0,0,0,0,0,0,0
206,9,Two of us were not able finish one large poutine.,candidate matches,1,1,0,0,0,1,1,0
206,10,"If you want to avoid too much carb and want more chicken, get the non poutine version!",candidate matches,1,0,0,0,0,1,1,0
