Row Number,Text,Semantic,Associated Words
1,Absolutely best poutine i've ever heard in my life and they definitely didn't hold out on portion sizes.,Positive,best
2,"I got the large poutine and they loaded it up to the brim, enough to eat for 2-3 meals myself.",Neutral,
3,"The gravy and cheese wasn't my favorite as they didn't have enough meat flavor in the gravy and the cheese wasn't melted but the chicken, fries, sausage was definitely the highlight to this poutine.",Neutral,
4,The chicken was tender and juicy and was definitely different to all the poutines i've ever heard before.,Positive,"tender, juicy"
5,The staff tries their best to get through the line but it's worth the wait!,Positive,"best, worth the wait"
6,I had to wait for 15 minutes in the afternoon but I left very satisfied with the food.,Positive,satisfied
7,"This was another poutine recommendation from Eater, and the tour guide from our food and walking tour corroborated that.",Neutral,
8,"When we showed up and saw the line around the corner, we figured that it must be good.",Positive,good
9,"We waited in line for about 30-40 minutes, but it was a nice evening.",Positive,nice
10,"(I assume that waiting in that line in the dead of winter would not be fun.) You can order to takeaway, but they have seating indoors.",Neutral,
11,We opted to eat there because poutine is better fresh.,Positive,fresh
12,"I read that the petit was still quite large, so we opted to split the petit.",Neutral,
13,We both agreed that was a smart decision.,Neutral,
14,"The poutine was good, but the flavor of the cheese curds was muted by the shredded chicken and choriço.",Positive,good
15,"Their signature dish is their Portuguese chicken, and so I'm curious how that tastes when it's not covered in poutine gravy and cheese curds.",Neutral,
16,"I'm a huge fan of Somebody Feed Phil, and after watching Phil's Montreal episode, I knew I had to make a stop at Ma Poule Mouillée.",Positive,huge
17,It ended up being one of the best meals of my trip.,Positive,best
18,"When I arrived, there was a short line, and as soon as I walked inside, the incredible aroma of rotisserie chicken filled the room.",Positive,incredible
19,That's when I knew I was in for something special.,Neutral,
20,"I was told to order the wet hot chicken plate, so I did--and it absolutely did not disappoint.",Positive,did not disappoint
21,I also couldn't resist trying the famous chicken poutine.,Neutral,
22,"The flavors were bold, rich, and incredibly satisfying.",Positive,"bold, rich"
23,"The portions were enormous, too; there was easily enough food for several meals.",Positive,enormous
24,"Before leaving, I picked up a small homemade tres leches tart for dessert.",Neutral,
25,It was the perfect ending to the meal.,Positive,perfect
26,"The cake was moist and delicious, and the caramelized burnt sugar on top added an amazing flavor and texture.",Positive,"moist, delicious, amazing"
27,I honestly wish Ma Poule Mouillée had a location in Detroit because this would become my monthly dinner spot without question.,Neutral,
28,"This place is the definition of ""winner, winner, chicken dinner."" If you're visiting Montreal, don't miss it--you'll leave full, happy, and already thinking about your next visit.",Positive,happy
29,This has been a favorite Montreal spot of mine for over a decade.,Positive,favorite
30,"The last time I was in Montreal, these guys had fire and I was afraid they wouldn't reopen.",Neutral,
31,I'm so glad they did and still just as good as always.,Positive,good
32,"We ordered the chicken legs, the poutine, and pastel de nata.",Neutral,
33,The ordering can be a bit confusing as it's not clear what line is which.,Negative,"confusing, not clear"
34,So the move is your line up and order by the cooks in front then move to the back to pay at the cashier.,Neutral,
35,The portions are large and even the small poutine can feed a family.,Positive,feed a family
36,I lived the spicy chicken and pastel de nata.,Neutral,
37,The poutine was good but didn't need the sausage.,Positive,good
38,Overall very happy we revisited and that they're still amazing.,Positive,"very happy, amazing"
39,I could not decide what to eat for lunch on this rainy Sunday and I don't have any local currency.,Neutral,
40,I'm on a credit only trip (just because I'm too lazy to deal with it) so that leaves Schwartz's out of the picture.,Neutral,
41,I randomly came across this chicken palace and am so happy I did.,Positive,happy
42,"If you enjoy rotisserie chicken, Portuguese chicken is your jam.",Neutral,
43,This dude up front is a grilling machine and it's all charcoal.,Neutral,
44,I got the half chicken with French fries and salad.,Neutral,
45,It's a lot of food for under $12 US.,Neutral,
46,"I, of course, opted for spicy with extra hot sauce on the side.",Neutral,
47,That stuff isn't very spicy but so very delicious.,Positive,delicious
48,The chicken was moist and flavorful and the hot sauce was perfect with it.,Positive,"moist, flavorful, perfect"
49,The heaping pile of fries was a bit overkill.,Neutral,
50,There were a lot of Asians in there so you know it's a good deal.,Positive,good
51,I'm Asian myself so I would know.,Neutral,
52,"The chicken is tender, it's better with the spicy sauce.",Positive,tender
53,The portion is huge and you can definitely share with two people.,Positive,huge
54,"It's very popular but I found the overall flavor is okay, not a complete wow.",Neutral,
55,But the dessert was great!,Positive,great
56,We visited this place because we just had to try poutine and heard it was fabulous here.,Positive,fabulous
57,"That is true, and you'll be sure after 1st bite..",Neutral,
58,"Great fries, with chorizo + bits of chicken, good amount of cheese curds and finally smothered w/gravy.",Positive,good
59,"I thought the gravy might be an afterthought/not interesting- but no, it was delicious.",Negative,
60,You walk in the door and all you smell is chicken grilling+ chargrilled goodness.,Neutral,
61,They offer a1/2chicken w/salad+ fries.,Neutral,
62,Since we were ordering the poutine we didn't want those extra sides; we just ordered whole chicken.,Neutral,
63,"They'll ask, spicy or not?",Neutral,
64,We got 'spicy' -basically the orange sauce in pics.,Neutral,
65,"It's not at all 'spicy hot' -but tastes garlicky, rich and delicious.",Positive,"rich, delicious"
66,Great choice.,Positive,Great
67,"Chicken is Portuguese style; with a chargrilled taste, very juicy and well seasoned.",Positive,juicy
68,"Talked to several people who were near us eating about how great the food was, and found out that like us, several of them were out of towners who'd asked a local ""where to eat"" in town.",Positive,great
69,Every single person was raving about how delicious it all was.,Positive,delicious
70,This place is the Bomb!,Neutral,
71,Absolutely a 'Do Not miss' in Montreal.,Neutral,
72,The small poutine we ordered was huge!,Positive,huge
73,And the large sized poutine others bought was size of a ham on the large plate.,Neutral,
74,"Even with 2 hungry people and my Hubbie is a big dude, we brought almost 1/2 of our food home to finish the next day.",Neutral,
75,Not bad for $34+ tax.,Positive,
76,"PS One pic is from neighboring table's plate- the guy said ""Please do take a picture.",Neutral,
77,What a find!,Neutral,
78,"I can't believe this place"".",Neutral,
79,A bounty of food comes with your half chicken and fries!,Neutral,
80,"The ""golden row"" of chicken twisting and turning while cooking definitely generates much anticipation.",Neutral,
81,"I'll say half of the 1/2 chicken I ordered was definitely moist and tender, while the other side was a bit dried out.",Positive,"moist, tender"
82,"The fat from the skin was nonexistent, so not much flavor other than the sauce that coated the exterior of the chicken.",Neutral,
83,"While there was an abundance of fries, which covered every inch of the paper box, sadly they were neither crunchy nor crisp.",Negative,
84,This was right after opening my box after I paid for my order.,Neutral,
85,I also got the chicken sandwich which was juicer even if it was less majestic than the 1/2 chicken.,Neutral,
86,"The flan dessert was somewhat forgettable, I left half of it behind.",Negative,forgettable
87,There was a line up to order but it moved well.,Positive,moved well
88,There is seating inside however the tables and chairs were in need of a good wipe down.,Positive,good
89,The BEST POUTINE & BBQ chicken i ever had!,Positive,BEST
90,It was the best food we had from Montreal.,Positive,best
91,I've been to La Banquise for poutine multiple times and LB's good but this chicken and chorizo poutine is superior!,Positive,good
92,"Perfect potato fries, bbq chicken, cheese curds and gravy!",Positive,Perfect
93,Dont forget to ask for their spicy sauce on top!,Neutral,
94,"(Not spicy at all, just gives extra umami!) This place also gets long queue but much less than LB and it moves pretty fast!",Neutral,
95,Their service is fast and efficient.,Neutral,
96,"While u are waiting, u can see how they cook their chicken on the Portuguese grill.",Neutral,
97,I want to try bbq chicken with their hot sauce next time when I visit Mtl again.,Neutral,
98,PS.,Neutral,
99,Get large!!,Neutral,
100,And pastel de nata is just ordinary.,Neutral,
101,They have a tiny dining room.,Neutral,
102,Their reputation brings many people coming.,Neutral,
103,Locals and tourists line up around the block.,Neutral,
104,Their chicken is delicious.,Positive,delicious
105,Their poutine is huge.,Positive,huge
106,We ordered it loaded but I would order it without the chorizo.,Neutral,
107,It's a little much.,Neutral,
108,I found myself at Ma Poule Mouillée as part of a food tour I was on.,Neutral,
109,"We were not told in advance which places we were visiting, so it was a pleasant surprise to find out that this was on the route.",Positive,pleasant
110,"While I didn't know too much about this spot, I was aware of its popularity and that they served good poutine; needless to say, I was looking forward to checking it out.",Positive,good
111,Ma Poule Mouillée is a Portuguese restatuant that specializes in chicken and poutine.,Neutral,
112,"We were there late morning so it was not crowded, though I was told it's normal for a line for form around the block during peak times.",Positive,
113,"Our tour guide also mentioned that this place, along with La Banquise which sits catty corner, are two of the most popular places for poutine in the city.",Neutral,
114,"We were here for poutine - specifically, we got the variety topped with chorizo and roasted chicken.",Neutral,
115,"It was delicious - the fries were crispy, and the combo for the chorizo and chicken with the gravy and cheese curds really made for an elevated poutine.",Positive,"delicious, crispy"
116,"We didn't have time for anything else, but what we had was enough to make an impression.",Neutral,
117,"Overall, Ma Poule Mouillée was a total yes - this was one of the best poutines I've had in a while and I would definitely return the next time I'm in Montreal.",Positive,best
118,Want a Thanksgiving feast?,Neutral,
119,I would say order the number 8.,Neutral,
120,"We had Portuguese meat, rotisserie chicken all in gravy on top of fries.",Neutral,
121,I would say it reminded me of a heavy Thanksgiving meal.,Neutral,
122,It was good.,Positive,good
123,Don't get me wrong.,Neutral,
124,"The line was a bit long outside but once you get in, you order, wait for you food, pay, and then find a table to eat.",Neutral,
125,It's small inside but you can grab a seat if you're patient.,Neutral,
126,They also have a spicy sauce you can add to your meal that was pretty good.,Positive,good
127,It's definitely worth a try but I think there are so many different poutine places I would try around Montreal.,Neutral,
128,Their gravy is delicious.,Positive,delicious
129,"Chicken is falling off the bone, it's cooked so well.",Neutral,
130,"The portions are huge - my wife couldn't finish her ""small"" poutine, and I couldn't finish my portion of chicken legs with salad and fries.",Positive,huge
131,"There is limited seating and no one seats you, so you have to watch for tables to free up and grab one while being in line for the food so having company helps!",Negative,limited seating
132,I had so many recommendations to try this poutine in Montreal and it did not disappoint.,Positive,did not disappoint
133,"The location is actually a Portuguese chicken restaurant but they do a poutine that has 2 full legs of chicken and sausage on top of your usual squeaky cheese curds, crispy fries and piping hot gravy.",Positive,crispy
134,The portion was massive.,Neutral,
135,We ordered the large poutine and it only cost $19.00.,Neutral,
136,"I think what makes this dish is the chicken, which is cooked to perfection with crispiest skin.",Neutral,
137,The service was quick and you could see the chicken being roasted on the spits.,Neutral,
138,The restaurant itself is set up as take out.,Neutral,
139,You order and then find a spot to sit.,Neutral,
140,Pretty spacious and lots of seating available.,Neutral,
141,We went on a Monday morning (10am) during the winter so there was no line up.,Neutral,
142,But I have heard that it can get very busy.,Neutral,
143,We also got the eggs tarts which were delicious.,Positive,delicious
144,Great recommendation.,Positive,Great
145,This place was super busy and had a line but did move quickly.,Neutral,
146,It was super packed when we went and therefore had to take our food to go and eat at our hotel.,Neutral,
147,"The place is definitely smaller inside but nice, clean, cozy and friendly staff.",Positive,"nice, clean, cozy, friendly"
148,The food was amazing!!!,Positive,amazing
149,We probably could have ordered a small poutine since we also had fries with the half chicken but no regrets!,Positive,no regrets
150,Best poutine we had for sure during our trip.,Positive,Best
151,Highly recommend!,Positive,Highly recommend
152,Some of the best roasted chicken I have ever had.,Positive,best
153,"I would come just for the chicken, no poutine needed.",Neutral,
154,The line was put the door for good reason.,Positive,good
155,I ordered the chicken sandwich and they pulled it right off the grill and put it on amazing Portuguese bread.,Positive,amazing
156,Get the food to go and have the best Portuguese chicken and/or poutine in Montreal.,Positive,best
157,Everyone was friendly and the whole place smells delicious!,Positive,"friendly, delicious"
158,Their grilled calamari and Portuguese chicken were AMAZING!,Positive,AMAZING
159,The chicken still tasted delicious even when it was cold.,Neutral,
160,They truly worked some magic with their sauce.,Neutral,
161,"I didn't try their famous poutine, and now I really regret it.",Neutral,
162,I'll definitely be coming back when I get the chance!,Neutral,
163,Hands down the best poutine fusion in Montreal.,Positive,best
164,The Portugese chicken compliments the poutine very well and definitely a dark horse in Montreal.,Neutral,
165,"They don't seem to get as much attention as some other poutine places, but don't sleep on this experience.",Neutral,
166,"For their price, it is a lot of food, one large serving of their 19$ grilled chicken with sausage and poutine is a great meal that will last you the entire day, it was more than enough for two.",Positive,great
167,They debone two legs of chicken on top of the poutine that they pulled fresh off their grill!,Positive,fresh
168,"Service was fast, there is plenty of room to eat at the restaurant and they have a separate counter for the pastries.",Neutral,
169,We had to get some of their Portuguese tarts (10$ for 6) and they were also amazing.,Positive,amazing
170,"Creamy, custardy, perfectly baked.",Positive,perfectly
171,It reheated well in the air fryer when we brought some back as souvenirs to enjoy.,Neutral,
172,"This is a place worth stopping by in Montreal, poutine in one hand and a batch of tarts for dessert on the other.",Neutral,
173,A Portuguese restaurant that is serving up the best poutine I've ever had.,Positive,best
174,"It is piled HIGH with chorizo, chicken, gravy and curd.",Neutral,
175,"The flavors are so warm, it is the perfect thing for a chilly day.",Positive,perfect
176,This poutine could easily serve 3 people so keep that in mind when ordering it.,Neutral,
177,Try your best to save room for dessert so you can try their pastel de nata,Positive,best
178,"I was probably the most excited to try this place during my trip, and it really didn't disappoint!",Positive,didn't disappoint
179,"We came on a Friday around lunch, and I was happy to see that there was no line.",Positive,happy
180,It's pretty small inside with only a handful of tables and high chairs.,Neutral,
181,"We got the small poutine to share, and man, this bowl was hefty!",Neutral,
182,It was a perfect amount of food for two people.,Positive,perfect
183,The chicken was so moist and flavorful.,Positive,"moist, flavorful"
184,They definitely don't skimp on the gravy - every inch is drenched.,Neutral,
185,The chorizo wasn't quite what I was expecting.,Neutral,
186,"It wasn't my favorite, but everything comes together so well that I didn't mind.",Negative,
187,"I wish I had room to try the pasteis de nata, but I guess I'll just have to come back.",Neutral,
188,This is such a unique take on poutine!,Neutral,
189,It's a must-try for anyone visiting Montreal.,Neutral,
190,The Portuguese chicken poutine here is literally top tier.,Neutral,
191,"The mix of the chicken, chorizo, and sauce is elite, and the portions are huge.",Positive,huge
192,"Honestly, the only reason it's not a 5-star is because the line is always insane and it gets super crowded inside, but the food low-key makes up for it.",Negative,super crowded
193,Def a must-try in Montreal!,Neutral,
194,I was very surprised by this one.,Neutral,
195,It is better than the guy across the street!,Neutral,
196,The gravy has a more deep flavor and the service (petite) is enough for two people that aren't extremely hungry Yum!,Neutral,
197,This is the place in Montreal for poutine,Neutral,
198,Holy s&$t this was amazing poutine!,Positive,amazing
199,Worth the hype and worth the wait.,Positive,worth the wait
200,Line seemed long but didn't take too long.,Neutral,
201,It smelled so grilled and delicious in there.,Positive,delicious
202,This was also recommend by a few locals to try as well so I would highly suggest eating here when you're in Montreal!,Positive,recommend
203,"The Portuguese chicken was the one thing my partner absolutely wanted to try while we were in Montreal, so we ended up waiting for them to open while sitting on a bench on a cold March morning.",Negative,cold
204,They noticed us peeking in and invited us to come in early which was so kind of them!,Neutral,
205,"We got the first chicken of the morning and booked it to the train station to enjoy it, and it did not disappoint.",Positive,did not disappoint
206,Incredibly flavorful and moist.,Positive,"flavorful, moist"
207,Next time we're in Montreal we will definitely be stopping by again to try some more of the menu!,Neutral,
208,Great chicken--so soft and moist.,Positive,"Great, moist"
209,Gravy for the poutine was a little too sweet for my liking.,Negative,too sweet
210,I would love to eat more of that chicken tho,Positive,love
211,Don't let the lines deter you!,Neutral,
212,We arrived a little after noon on a Friday and made it to the front of the line within 20-25 minutes.,Neutral,
213,"We were handsomely rewarded with the most tender, juicy, flavorful chicken paired with crispy, house-made french fries and a salad (for health).",Positive,"tender, juicy, flavorful, crispy"
214,"Seating was a bit of an issue, but I would've gladly eaten this meal on the curb.",Neutral,
215,It was THAT good!,Positive,good
216,This place is so tasty!,Positive,tasty
217,Service was streamlined and fast.,Neutral,
218,So much food for the price.,Neutral,
219,The spicy chicken wasn't too spicy but overall very juicy chicken.,Positive,juicy
220,They know what they are doing!,Neutral,
221,It's all about the chicken nothing else.,Neutral,
222,I had the #11 salade florea a huge salad topped with plentiful and borderline obscene amounts of chorizo and chicken.,Positive,huge
223,"The chicken was so juicy, tender and unbelievably flavorful that it outshined everything else.",Positive,"juicy, tender, flavorful"
224,"We also got a petite (trying to be healthy here) #8 poutine with chicken and chorizo and the #12 combo veronique with chicken, chorizo, fries, and salad.",Neutral,
225,"The line was down the street when we arrived, but don't be discouraged!",Neutral,
226,It moves quickly.,Positive,moves quickly
227,The poutine is wonderful and such large portions!,Neutral,
228,We split one and still couldn't finish it!,Neutral,
229,"To avoid long lines, I got here at 10am.",Negative,"long line, long lines"
230,"Also, make sure you push the door to enter, don't be like me and pull  :)  I knew what I wanted, so I got #8, small with couple drinks, egg tart and blonde donut thing.",Neutral,
231,The poutine was decent.,Neutral,
232,"I liked the chicken, it was moist, seasoned well and I would been perfectly fine just ordering the chicken by itself.",Positive,"moist, perfectly"
233,"The whole plate as a whole, few things they could done better.",Neutral,
234,I wish they added more gravy...,Neutral,
235,"if they layered it, it would have helped.",Neutral,
236,"After the fries, add the gravy, then the cheese, chicken and sausage and another layer of the gravy.",Neutral,
237,"After you eat the top, once you get to the rest of the fries, there's no gravy leftover unfortunately.",Neutral,
238,"I don't know if you can ask for additional gravy on the side or if you need to pay for additional, but it would have helped to have more gravy.",Neutral,
239,"The interior was small, but plenty of seating to enjoy your food.",Neutral,
240,"Egg tart was decent, but it would been a lot better if served warm.",Neutral,
241,Ma Poule Mouillee is a place where dreams come true.,Neutral,
242,"After reading Maria's review back in 2020, I knew I had to visit this spot if I ever found myself in Montreal.",Neutral,
243,"Well, I am so glad I did!",Positive,glad
244,We visited for lunch and there was a line around the block.,Negative,line around the block
245,"Now with a ton of amazing spots in Montreal, you may be thinking is it worth waiting in line?",Positive,amazing
246,"Yes, yes it most certainly is.",Neutral,
247,Once you make your way inside they have a great assembly line going.,Positive,great
248,"You order, then make your way down to the register.",Neutral,
249,"By the time you make it to the register, your order is waiting for you.",Neutral,
250,"Here is the time to grab extra sauce, we did not and I was regretful.",Neutral,
251,"The Portuguese chicken was moist and delicious, their sauce is just so freaking good.",Positive,good
252,"We also ordered the petit poutine, and let me tell you nothing was petite about that thing.",Neutral,
253,My friend and I could barely make a dent in it.,Neutral,
254,But it was also so flavorful and delicious.,Positive,"flavorful, delicious"
255,We rounded things out with some orange Sumol (the best flavor) and a pastel de nata.,Positive,best
256,They have a variety of bar seating/tables around the restaurant.,Neutral,
257,Even with the long line we were able to find seats to eat without an issue.,Negative,long line
258,"If I'm ever back in Montreal, I will never not go here.",Neutral,
259,The best!,Positive,best
260,Wow!,Neutral,
261,A line that goes out the door and locals and tourists enjoy the food.,Neutral,
262,Huge portions.,Positive,Huge
263,Who knew rotisserie chicken could be so flavorful?,Positive,flavorful
264,"I had the chicken and chorizo poutine, and wow, I could not finish my small portion.",Neutral,
265,The gravy was delicious with bits and pieces of chicken and chorizo over crispy fries I love this place!,Positive,"delicious, crispy, love"
266,Absolutely one of the best Portuguese chicken places in the plateau borough.,Positive,best
267,"The chicken is super tender and juicy, and the piri piri sauce has to be some of the best I had.",Positive,"tender, juicy, best"
268,Very nice kick of heat with amazing flavors from the various spices.,Positive,"nice, amazing"
269,This place gets packed up very quickly if you are planing on eating inside the restaurant.,Neutral,
270,"However, parc La Fontaine is across the street, which offers lot of picnic table to sit down at.",Neutral,
271,10/10.,Neutral,
272,The best rotisserie chicken ever!,Positive,best
273,Wow.,Neutral,
274,This place gets super busy (rightfully so) and usually the line is out the door.,Neutral,
275,Very minimal seating so plan accordingly.,Neutral,
276,The Portuguese chicken here is mouthwatering.,Neutral,
277,"So flavorful, so fresh and very reasonably priced.",Positive,"flavorful, fresh"
278,Absolutely love this place.,Positive,love
279,Wow!,Neutral,
280,This place was popular!,Neutral,
281,I was visiting Montreal for the weekend and the first thing we did was go to Ma Poule Mouillée for some poutine!,Neutral,
282,We ordered the small poutine with chicken and chorizo.,Neutral,
283,I also ordered a half chicken platter and asked for rice instead of fries.,Neutral,
284,"For the drink, I saw that they had some Portuguese sodas!",Neutral,
285,"I got a passion fruit soda, it was good!",Positive,good
286,We hovered around waiting for somewhere to sit.,Neutral,
287,The poutine was delicious!,Positive,delicious
288,It was a hearty meal.,Neutral,
289,I had to try their poutine as it was highly rated from poutines lovers.,Neutral,
290,"They are just across the street from La banquise and near LaFontaine parc, so be aware there's always a line to enter, but ut worth it to have their good food..",Positive,good
291,Their chicken poutine is excellent and on my top5 poutine in Montréal.,Positive,excellent
292,Service is quick and efficient and once you're in you don't wait long.,Neutral,
293,Il fallait que j'essaie leur poutine car elle est très bien notée.,Neutral,
294,Ils sont placés juste en face de la banquise et près du parc LaFontaine donc préparé vous à attendre un peu car il y a toujours une ligne.,Neutral,
295,"Mais l'attente en vaux la peine car leur poutine est excellente, en fait c'est dans mon top5 des poutine à Montréal.",Neutral,
296,Le service est rapide et dès que vous êtes entré vous n'attendez pas longtemps.,Neutral,
297,"I first heard about this place on ""Somebody Feed Phil"" on Netflix.",Neutral,
298,On my train ride up other passengers were discussing it.,Neutral,
299,"Except for the line wrapped around the corner, this place lived up to the hype!",Neutral,
300,"I had the Louis Cyr (1/2 chicken, fries and salad) and it was soooo good.",Positive,good
301,"The poutine looked great but for a number of reasons, it didn't fit into my needs.",Positive,great
302,But everyone who ordered it was more than satisfied!,Positive,satisfied
303,The service is like a cafeteria line and I don't speak French but the staff is dedicated to working it out.,Neutral,
304,"The restaurant is kind of small but I had mine to go, so I didn't have to contend with finding a seat.",Neutral,
305,I definitely recommend that it gets added to your list of places to eat in Montreal.,Positive,recommend
306,Had to come and try the chicken poutine!,Neutral,
307,"Overall: 4/5 Food: Chicken poutine 4/5 - I thought it was pretty goods; I'm not a huge poutine person, but was recommended it from someone in Toronto.",Positive,recommended
308,"I wouldn't necessarily tell someone to go out of their way to try this, but it was good!",Positive,good
309,"Mind you, I would have probably loved a chicken sandwich more, but tried this instead.",Positive,loved
310,"Ambiance: 2/5 - it was so busy for takeout and the tables are in the same area, so wasn't the most comfortable seating arrangement.",Negative,
311,"Service: 5/5 - they're very efficient, fast, and friendly.",Positive,friendly
312,Had a great system going on!,Positive,great
313,"That is the beauty of travel, you come up with something that you will always remember.",Neutral,
314,"This is not super fancy, or fine dining, in fact, this is your daily around-the-corner restaurant, but trust me, this is the best rotisserie chicken with potatoes I ever had.",Positive,best
315,and I mean it.,Neutral,
316,Especially Potatoes - what is this?,Neutral,
317,"super soft, not dry, juicy - how do they cook it?",Neutral,
318,I know a thing or two about cooking and I know my boiled potatoes can never be this soft.,Neutral,
319,"and though this is super popular across social media, - it deserves all those hypes.",Neutral,
320,"Luckily, I reached by 12 so I did not have to be in the 40 mins, 1 hr long line.",Negative,long line
321,I did not try their poutine (to be honest- I did not like the idea of it) I ordered-     1/2 Chicken served with fries & Salad.,Neutral,
322,"and being how greedy I am with food; I was about to order 2nd item - but as usual ""an unknown hero (aka my wife)"" came to save me and said- ""let's finish this first then we will order again"".",Neutral,
323,"and glad, she saved me because that one order- we both were not able to finish that- it was too much for us.",Positive,glad
324,"not sure half chicken is how many pieces, but it was like 2 legs, and one breast with wings - with like 10-15 pieces of ""amazing soft juicy [and I know I never going to have them in the future, no matter what unless I visit Portugal or visit Montreal again] potatoes"", with salad at the side.",Positive,"amazing, juicy"
325,"man, if I visit Montreal again, trust me I will visit for this only.",Neutral,
326,"Quantity: too much, one item can be enough for 2 people unless you are Dwayne Johnson Ambience: In two words, very cool.",Neutral,
327,I like how the establishment has managed to have a decent amount of seating while keeping the disturbance of the line flow to a minimum...,Neutral,
328,first you order at the entrance and then you pay.,Neutral,
329,There are a couple of two 6-seater tables and 6 long stools facing roads.,Neutral,
330,that it Price: it was our cheapest and best meal of the Montreal trip- that says enough about this.,Positive,best
331,Ma Poule Mouillée is a counter service restaurant - great food for a reasonable price.,Positive,"great, reasonable"
332,"The place is popular, drawing a varied clientele.",Neutral,
333,"I was never overly interested in poutine (sorry, I can hear the gasps!",Neutral,
334,"lol), but when in Canada, right?",Neutral,
335,OMG- their chicken & poutine was top notch.,Neutral,
336,"There was a small line around 8:00pm on a weekday, but nothing that was bad.",Negative,bad
337,"The chicken was absolutely, hands down, AMAZING.",Positive,AMAZING
338,The pastel de nata was the best follow up dessert.,Positive,best
339,"I'm not going to lie, I also ate the leftovers for breakfast, too :) Seating is not really great for young kids (mostly high tops with just a few tables), but we just ran it back to our hotel!",Negative,
340,Would highly recommend!,Positive,highly recommend
341,Nice neighborhood gem!,Positive,Nice
342,This place was recommended by a friend and it did not disappoint.,Positive,"recommended, did not disappoint"
343,Definitely a local spot because I wasn't sure what to order and the staff expected that I should.,Neutral,
344,They were extremely helpful though.,Neutral,
345,I ordered the spicy chicken poutine.,Neutral,
346,It was served hot!,Neutral,
347,It was delicious but way too much food for me to finish in one sitting.,Positive,delicious
348,"If you're in the area, do yourself a favor and check this spot out!",Neutral,
349,We both love poutine.,Positive,love
350,We decided to give this place a try.,Neutral,
351,The poutine here were the best non classic poutine we've ever had.,Positive,best
352,"If you love poutine, this place is a must try.",Positive,love
353,It's amazing!,Positive,amazing
354,Generous portion!,Positive,Generous
355,The line can be quire long but it moves pretty quickly.,Neutral,
356,Highly recommended.,Positive,"Highly recommend, recommended"
357,We'll definitely go back!,Neutral,
358,I'll give a low rating because of the experience.,Neutral,
359,Super busy with a line out the door and hectic inside.,Negative,"Super busy, line out the door, hectic"
360,I don't understand the menu so I talk with the person taking orders (not the cashier) and ask for the most popular item or what she recommends.,Neutral,
361,We go over options and I'm choosing something with options large and spicy.,Neutral,
362,Almost certain a to-go person took my order but the cashiers have no idea and just gave it away.,Neutral,
363,Time passes and everyone behind me is getting their food so I ask if I need to order again.,Neutral,
364,A cashier talks to the woman I put my order with and tells me they're making it now.,Neutral,
365,"An order pops up that no one claims, so I ask is that mine -- and I guess it is.",Neutral,
366,"If someone in the back ordered the same thing and took it, I'd still be in line.",Neutral,
367,"Food-wise, I'd give it a 2-3 star.",Neutral,
368,Very bland and not spicy.,Negative,bland
369,Would stay away from #8 and not get large,Neutral,
370,"Great poutine, can be easily shared between 2-3 people with ease.",Positive,Great
371,"Do not expect to get any seating here, as it is busy and the line never stops -- takeout is recommended",Negative,
372,By far THE BEST poutine I've ever had.,Positive,BEST
373,Everything was delish!,Neutral,
374,I got the poutine with the chicken and chouriço and my sons got a half chicken and the other poutine with just chouriço.,Neutral,
375,Amazing!!,Positive,Amazing
376,A must try.,Neutral,
377,The line goes quick and the staff is friendly.,Positive,friendly
378,The place is small so it's a little crowded so probably best if you take it home to eat unless u get lucky and find a table.,Negative,a little crowded
379,Can't wait to come back,Neutral,
380,We got the half chicken to go and we were able to replace the fries with only salad.,Neutral,
381,Service was friendly and fast.,Positive,friendly
382,Orders were placed at the front and then picked up and paid for at the back.,Neutral,
383,"Back at our hotel, we dug into our meal and the chicken was very moist and well seasoned.",Positive,moist
384,We got the spicy sauce but it wasn't uniformly applied on our chicken so there would be bursts of heat in some mouthfuls but not others.,Neutral,
385,It was possible that the spicy sauce was reduced by the salad dressing.,Neutral,
386,However that did not distract from our enjoyment of this chicken.,Neutral,
387,It was one of the best we've eaten in a long time.,Positive,best
388,Overall a definite repeat should we come back to Montreal.,Neutral,
389,Ordered the Floreana Salad and didn't love it because the chicken was too fatty...,Negative,
390,the chorizo was good and the portion was huge though.,Positive,good
391,Also loved the sauce.,Positive,loved
392,But I prefer shish taouk type chicken.,Neutral,
393,Chicken was amazing.,Positive,amazing
394,Seasoned beautifully and the charcoal flavor is wonderful.,Neutral,
395,We arrived around 7:45pm on a Sunday evening and waited about 30 min.,Neutral,
396,The ordering/paying/pickup process is pretty hectic once you get inside.,Negative,hectic
397,They fill orders from the line as the food is ready so you're not always called up numerically by the number they give you when you place your order.,Neutral,
398,"I'd seen on prior reviews that they had rice instead of fries, but that was not the case (only fries listed on the menu and I asked about rice - not available).",Neutral,
399,We also asked for the spicy sauce but they forgot to include so I was disappointed to not have a chance to try it.,Negative,disappointed
400,We ate in the store but the checkout line was so hectic I didn't feel Iike trying to go back to ask for sauce (and have them attempt to charge me again).,Negative,hectic
401,I made only a small dent in the gigantic box of fries that came with my chicken.,Neutral,
402,The person in front of me bought 10 pastel de nata and sold out the shop so I was also disappointed to not have a chance to try.,Negative,disappointed
403,I got the half chicken with fries and salad and my husband got the chicken on dinner salad (pretty large).,Neutral,
404,Both are fairly large portions for the price.,Neutral,
405,The crusty dinner rolls ($1) are also tasty!,Positive,tasty
406,I'd probably go back - but would try to go earlier in the day.,Neutral,
407,This place is great.,Positive,great
408,"The poutine with chicken and sausage seems to be the most popular dish and it's solid, but the chicken is great on it's own or in a sandwich.",Positive,"solid, great"
409,The fries are very good on their own as well.,Positive,good
410,There is usually a line outside the door but it does move quickly.,Neutral,
411,Plenty of seating inside but it's self seating so you will just need to see what is open.,Neutral,
412,Baked goods like the pasteis de nata and other things are really good so don't miss out on those.,Positive,good
413,Great place to visit if you are in Montreal.,Positive,Great
414,Great place!!,Positive,Great
415,Very tasty food!,Positive,tasty
416,Good prices.,Positive,good
417,"Bad part, it is always crowded.",Negative,"Bad, crowded"
418,Go early or you will find 45 minutes of waiting.,Neutral,
419,"On the quest to find the best poutine in Montréal, we had to visit the highly recommended Ma Poule Mouillée.",Positive,"best, highly recommend, recommended"
420,"They specialize in Peruvian rotisserie chicken, and the platters themselves look amazing.",Positive,amazing
421,"But, the poutine was out of this world and such a run take on the Canadian classic dish.",Neutral,
422,"The chicken was perfectly succulent and crispy, and we loved the tangy hot sauce that topped it all.",Positive,"perfectly, crispy, loved"
423,"It's more of a takeout place, and was pretty crowded.",Negative,pretty crowded
424,"But, if you wait about 5 mins a table should open up.",Neutral,
425,Also can't leave Montreal without trying poutine!,Neutral,
426,Heard this place is better than La Banquise so stopped by for lunch.,Neutral,
427,"When you enter, you first place your order with one of the servers.",Neutral,
428,Then you make your way to the cashier area and pay when your order is ready.,Neutral,
429,There are several tables but this place is popular so plan for takeout if you come during the lunch rush.,Negative,
430,"The menu is entirely in French but if you're here for the poutine, which most people are, it's #8 on the menu and you have the option of ordering either the small or large size.",Neutral,
431,"Unless you come with a party of more than 5, would recommend getting the small because even that is a huge portion.",Positive,"would recommend, huge"
432,"We did see a group of teenagers order a small each, which had us worried because it's basically a heart attack on a plate.",Neutral,
433,"Very heavy, greasy, and salty.",Negative,"greasy, salty"
434,Something I would try once but probably not have again in the near future.,Neutral,
435,Sort of like the case with Chicago deep dish pizza haha.,Neutral,
436,I did enjoy the rotisserie chicken and cheese on top of the fries though but was not a fan of the chorizo because it was too hard and salty.,Negative,"hard, salty"
437,We love Portuguese chicken and we're excited to find one in Montreal.,Positive,love
438,It's cooked the classic way over fire and rotated.,Neutral,
439,We ordered a whole chicken what I thought was supposed to be small fries and a small salad but they were huge The chicken was tender.,Neutral,
440,And actually fed the two of us for a couple of days.,Neutral,
441,"There was a huge line around the corner, but someone suggested we call in the order and it was ready in 15 minutes so we didn't have to wait in line.",Neutral,
442,Highly recommend.,Positive,Highly recommend
443,Now I see why this place was recommended by everyone online of where to eat poutine in Montreal.,Positive,recommended
444,I got the small #8 ($14).,Neutral,
445,It was an enormous portion for a small and the container had to weigh more than 2 pounds.,Positive,enormous
446,The chicken had a pleasant grill taste to it in the cards along with the chorizo made for a perfect meal.,Positive,"pleasant, perfect"
447,The rich gravy was amazing and the french fries held up to it and all the toppings.,Positive,"rich, amazing"
448,"So many places online said this was the best poutine in Montreal, and it didn't disappoint!!",Positive,"best, didn't disappoint"
449,"I'm not the biggest poutine fan, but this was delicious.",Positive,delicious
450,It's like gravy and cheesy goodness with super tender chicken.,Positive,tender
451,There's also sausage on it for meat lovers.,Neutral,
452,Portion was huge for a petit size and it lasted me two meals.,Positive,huge
453,Service is rather fast.,Neutral,
454,You order in this line at the counter and can watch them make it.,Neutral,
455,"It is hard to find seating inside, but you can get your order to go or sit in.",Negative,hard to find
456,"The yummiest Portuguese grilled chicken in Montreal came with a load of fries and a fresh salad, especially the sauce.",Positive,fresh
457,"oh, Chorizo Sausage is so good too.",Positive,good
458,"got the #8 The place is small and very noisy, but they have some tables for dining in.",Neutral,
459,You need to wait in line for at least 20 minutes or more but Worth the wait.,Positive,Worth the wait
460,Food: 5/5    Service: 4/5  Atmosphere: 4/5,Neutral,
461,"Located in the Plateau Mont-Royal neighborhood of town, MA Poulle Mouillée is a very popular, no-frills spot that's as famous for it's insanely long lines and wait times as it is for their succulent Portuguese style chicken.",Negative,"long line, long lines, wait times"
462,"And while trying to get that aforementioned chicken can easily require standing in a line anywhere from 45 minutes to 90 minutes, most loyalists would say that it's absolutely worth the trouble and I would agree.",Neutral,
463,"Jean-Jacques Rousseau once said ""Patience is bitter, but its fruit is sweet"" and boy was he right.",Neutral,
464,The chicken coming out of this place is absolutely insane.,Neutral,
465,"It's full of flavor, it's moist and it is one of the bites of food I've had in a very long time.",Positive,moist
466,"Depending on what you order, the contents of your box might change a bit but I recommend you get the ""Le Tremblay"" option for $16CAD which features some chicken breast, a ton of fries and a side salad of greens with shaved carrots in a delicious vinaigrette.",Positive,"recommend, delicious"
467,"Don't share, just chow down in shame.",Neutral,
468,"It's greasy, it's tasty and full of flavor.",Neutral,
469,"If you're super hungry (you must be American - hi!) you can get other, larger options: ones with chorizo or even befana and while the first is scrumptious, the befana was nothing to write home about and ordering it isn't something I'd do again.",Neutral,
470,Honestly the Tremblay is plenty of food.,Neutral,
471,"Service wasn't particularly friendly or fast - but man, it just doesn't matter.",Negative,
472,Just get in line and you'll be rewarded with a Portuguese feast which shines some spotlight on a cultural piece of Montreal that few other places can showcase as well.,Neutral,
473,A+,Neutral,
474,A must go-to spot whenever I'm visiting Montreal.,Neutral,
475,"This small no-frills dining joint specializes in fresh and tasty roasted Portuguese chicken, and it is always done excellently.",Positive,"fresh, tasty"
476,"The portions are always huge for the price (one is enough for two meals honestly), and the chicken is super moist, juicy, and tender.",Positive,"huge, moist, juicy, tender"
477,"Their poutine is also amazing, one of my favourites in Montreal.",Positive,amazing
478,"Service is curt, but you're here for the food and it comes out fast.",Neutral,
479,There's limited tables/seating available on the inside and sometimes a line to get in during the busier season.,Negative,limited
480,Definitely recommend adding this spot to your Montreal foodie itinerary.,Positive,recommend
481,"What a wonderful surprise, my wife I just walked in without knowing anything about this restaurant and enjoyed a wonderful meal....my grandson would love it here.",Positive,love
482,Exceeded my expectations!,Neutral,
483,We were visiting from California and don't speak French (google translate is very helpful for the menu!).,Positive,helpful
484,The woman helping us was very kind and helpful with any questions I had.,Positive,helpful
485,We ordered the half chicken with fries and salad and everything was so delicious!!!,Neutral,
486,The chicken was so good and tender.,Positive,good
487,I'm still thinking about this meal!,Neutral,
488,"I have a sensitive stomach (mainly sensitive to dairy) and I did end up with a slight stomach ache afterward so I'm thinking there may be some sort of dairy in the sauce or something, but honestly worth it!",Positive,worth it
489,Definitely a MUST TRY,Neutral,
490,Large portions.,Neutral,
491,I was expecting more flavor in the chicken.,Neutral,
492,"Spicy was not spicy, mild at best.",Positive,best
493,Good to be a potato farmer in Canada.,Positive,good
494,The side of fries was nauseating.,Neutral,
495,Some parts of the chicken were chewy from being dried out.,Neutral,
496,Order at counter.,Neutral,
497,Quick service.,Neutral,
498,Definitely had a fast food vibe in terms of ambience.,Neutral,
499,I won't be craving this anytime soon.,Neutral,
500,Why is is so hard to order???,Negative,hard
501,As an American trying to get some poutine here it was so difficult.,Negative,difficult
502,Their menu didn't even look like there was poutine on it so we didn't know how to order and when we asked they were so stuck up so we ended up not even getting the poutine and just chicken and fries.,Neutral,
503,But even so the portion was more like fries with a side of chicken.,Neutral,
504,They are absolutely not friendly to Americans at all because they were already giving us snarky looks when we were literally just trying our best to figure out how to order.,Neutral,
505,"I understand that we may come off as ""annoying"" but like help us out here.",Neutral,
506,Overall the food we got was OKAY.,Neutral,
507,Nothing special whatsoever.,Neutral,
508,Felt like regular chicken and fries to me.,Neutral,
509,Insanely delicious!,Positive,delicious
510,Some of the best food I had in Montreal.,Positive,best
511,Don't be deterred by the line -- it moves fast.,Positive,moves fast
512,They give you a TON of food: we made the mistake of ordering a large poutine in addition to our meals but a small would have been so much more than enough.,Neutral,
513,The chicken is tender and so flavorful.,Positive,"tender, flavorful"
514,"The poutine is really special; covered with Portuguese chicken, chorizo, and gravy.",Neutral,
515,And the chicken sandwich was also delicious.,Positive,delicious
516,Come here if you're in Montreal!,Neutral,
517,Just order less food then you think,Neutral,
518,Yummy dishes.,Neutral,
519,I have been here 3 times and ordered different things.,Neutral,
520,Each hit the spot and was satisfying.,Neutral,
521,Thanks to the chef for doing a good job.,Positive,good
522,The staff took my special instructions and it showed in the result.,Neutral,
523,This Portuguese chicken is amazing.,Positive,amazing
524,It's a must try if Montreal.,Neutral,
525,The line can be very long and seating inside is limited.,Negative,limited
526,Worth the wait though as the chicken is very flavorful.,Positive,"Worth the wait, flavorful"
527,You can see them making it fresh as you step up to order.,Positive,fresh
528,Half chicken comes with fries and salad.,Neutral,
529,Good portion size,Positive,good
530,"My friend and I were stuck in Montreal and were recommended by a Canadian friend to go try some ""well-known"" poutine.",Positive,recommended
531,"I've never been a fan of poutine in the States, but fully acknowledge I've probably never had high-quality poutine.",Neutral,
532,We read the reviews for this shop and fully expected the long wait.,Negative,long wait
533,"Service was fast and NOT rude (we read many reviews saying they were rude), and we made sure to grab some egg tarts on the way out the door.",Neutral,
534,We ordered the #8 poutine half size and did not regret it.,Neutral,
535,"Overall, the poutine was incredibly savory - would highly recommend getting a salad or soda to cut the salt.",Positive,highly recommend
536,Each item in the poutine was quality!,Neutral,
537,"Fries were crisp (not soggy under the gravy), gravy had a nice flavor, chicken was moist and the skin was a nice touch, and cheese curds were tasty with a nice chew and flavor.",Positive,"nice, moist, tasty"
538,"Very busy inside on a Sunday afternoon, most folks order and grab takeout.",Neutral,
539,Lots of families too.,Neutral,
540,"Friend's Review: ""The chicken was the best thing.",Positive,best
541,"Just go and get the chicken.""",Neutral,
542,The line is long but it moves fast!,Positive,moves fast
543,I had to let a couple people pass me because I was still taking in the menu and the ordering system.,Neutral,
544,"You basically get in line and order while youre moving along, then pay once you reach the register.",Neutral,
545,"I got a small #8 (came with cheese, chorizo and the portuguese chicken) as well as one portguese tart.",Neutral,
546,The tart was cold but divine flaky goodness.,Negative,cold
547,"The poutine, while a small size, is probably enough for 2-3 people to split.",Neutral,
548,My favorite part was the crispiness and the flavorful chicken.,Positive,"favorite, flavorful"
549,"There are a couple of tables in the area across the street, as well as a park you can take your poutine to eat in if you dont opt to dine inside.",Neutral,
550,"With all the rave, I was really excited to try this for one of my dinner meals.",Neutral,
551,"We went at 8pm and yes, there is a long line around the corner.",Negative,long line
552,"And yes, it did moved fast.",Neutral,
553,We waited 30 mins.,Neutral,
554,The order system is very chaotic.,Neutral,
555,"First a lady approached you and you tell them your order,  then a second lady comes to you while the line moves towards the register, you tell her your order again shouting on top of your lungs through this opening on the glass.",Neutral,
556,"She packs your order, put it on top of a tray, and then to the register to pay.",Neutral,
557,"But by that time, you really lost track, which is your order, and you have to repeat your order over again.",Neutral,
558,"It got really confusing, the yelling, the language barrier at least for a first timer.",Negative,confusing
559,"The food, chicken was only ok.",Neutral,
560,It's not as moist as expected.,Negative,
561,"Actually, dry.",Negative,dry
562,The rave about poutine was too salty and overwhelming.,Negative,too salty
563,$3.50 for the Salad was a  fancy little salad.,Neutral,
564,It's got the nice vingarette dressing.,Positive,nice
565,I loved my salad.,Positive,loved
566,Came the desert.,Neutral,
567,The Portuguese egg tart was not what excepted.,Neutral,
568,The filling is not a cream but a custard cake like texture.,Neutral,
569,"Nevertheless, it's not that sweet and love the texture of the crust.",Positive,love
570,"Lastly, I also got a flan.",Neutral,
571,"It was overly sweet, and the texture is not consistently smooth.",Neutral,
572,I am glad I waited to try what the rave is about.,Positive,glad
573,"Otherwise, I wouldn't get to write this review.",Neutral,
574,For the food and service was OK.,Neutral,
575,Probably won't go back for the second time.,Neutral,
576,There's  lots of hype on social media posted about Ma Poule Mouillee and I was excited to try it.,Neutral,
577,I was a bit skeptical if it would actually live up to its name.,Neutral,
578,Goodness I was pleasantly surprised to find that this was indeed a very moist fire roasted Portuguese chicken.,Positive,moist
579,I am always reluctant to order chicken in an establishment as it's oftentimes dry and overcooked.,Negative,"dry, overcooked"
580,"In my opinion condiments and sauces should enhance what you are eating, not be a necessary addition to revive your dish.",Neutral,
581,"If you arrive during peak dining hours, be prepared to wait on a line that extends outside of the eatery.",Neutral,
582,It does go quick though cause  the staff behind the counters are efficient like well oiled machinery.,Neutral,
583,"I ordered a half chicken with fries and salad, two orders of a chicken quarter which also came with the same sides as well as a large poutine with chicken, chorizo, cheese curds and gravy.",Neutral,
584,You are also asked if you'd like a mild or spicy sauce which they top onto your chicken.,Neutral,
585,"For my after dinner goodie, I got traditional flan, coconut flan as well as a cream cannoli for good measure.",Positive,good
586,They had a nice selection of Portuguese desserts and breads.,Positive,nice
587,"Additionally I saw two types of flan, and Portuguese egg tarts as well as typical French goodies yum!",Neutral,
588,Entrees are packed in to go boxes as well as your side salads.,Neutral,
589,That is a bonus as I do not like my cold mixed salad greens in vinaigrette touching my hot food.,Positive,
590,The portions here are generous and you more than likely will take your leftovers to go.,Positive,generous
591,There is decent indoor seating for this cozy establishment.,Positive,cozy
592,"Although every seat was taken, by the time I placed my order I was able to secure a table.",Neutral,
593,"Be aware that if you are a serious condiment lover, such as myself they do not give you more than one or two tiny cups per entree.",Neutral,
594,When I asked for another small portion of their house made sauce the lady at the counter charged me a dollar.,Neutral,
595,Not sure that is the case for everyone though cause there were plenty others asking for extra.,Neutral,
596,I am guessing it depends on who is at the checkout counter?,Neutral,
597,All in all it was a nice experience and the chicken was very memorable especially the chicken chorizo poutine which they are known for.,Positive,nice
598,I would eat there again for sure.,Neutral,
599,BEST POUTINE IN MONTREAL.,Positive,BEST
600,Hands down this was bomb and there is a reason why there is such a long lineup that goes around the restaurant.,Negative,long line
601,#8 Bon les portugals font de la poutine ($18) ~ SOOO GOOOD the chorizo was so flavourful and delicious with their roast chicken.,Positive,"flavourful, delicious"
602,The cheese was perfectly melted and the gravy was so flavorful with the crispy fries.,Positive,"perfectly, flavorful, crispy"
603,The cheese pull was insane and sooo good.,Positive,good
604,Probably the best poutine ive ever had and 10/10 would come back just for this.,Positive,best
605,It was good and delicious.,Positive,good
606,Perfect for sharing as well.,Positive,Perfect
607,They roast the chicken fresh and daily and it makes the poutine 10x better.,Positive,fresh
608,Overall a place I highly recommend because of how good it is.,Positive,good
609,I always visit here whenever I'm in Montreal!,Neutral,
610,Love their portugese chicken and their portugese tart!,Positive,Love
611,Got their #8.,Neutral,
612,"Bon, Les Portugais Font De La Poutine (Poutine with Chicken and Chorizo) and their #1 Le Tony Alves (whole chicken) Portions were massive, and their chicken is seriously top notch!",Neutral,
613,Love how well the flavours work with the poutine.,Positive,Love
614,Definitely recommend getting a drink to go with your meal since it can get a little salty near the end.,Neutral,
615,But superb chicken!,Neutral,
616,A warm and filling meal for the soul.,Neutral,
617,"No frills order and grab your food at the counter spot, expect a line around the corner.",Neutral,
618,It'll be about a 20-30min wait.,Neutral,
619,"Their poutine is topped with cheese curds chicken and chorizo - a large is more than enough for 3-4 people to share, it's filling and heavy.",Neutral,
620,The whole chicken is a bit salty and so are the fries/ chicken chorizo combo.,Negative,salty
621,Nice to try once while you're in the area!,Positive,Nice
622,"Their egg tarts are yummy but are served cold, they taste much better warmed up in the oven - they're sold for $2 a piece or $10 for 6",Negative,cold
623,"Huge portions, did not expect the large to be that big.",Positive,Huge
624,Grabbed the poutine and their egg tart to try.,Neutral,
625,"The poutine was really good, maybe the best one I've had so far but it did get a bit tiring towards the end.",Positive,good
626,I find that the sauce was a bit too much.,Neutral,
627,"I liked the chicken, it was juicy and had lots of flavour but the gravy overpowered it.",Positive,juicy
628,"I enjoyed the egg tart, it was nice and creamy.",Positive,nice
629,"I came to Montreal during restaurant week and out of all of the delicious meals I had during my stay, this one stood out above the rest.",Positive,delicious
630,"I had seen a picture online of the fish that I wanted, a #8, which is a rotisserie chicken and chorizo poutine, I opted for ""hot"" (more piquant) sauce as well.",Neutral,
631,I opted for the small size as I wanted to eat a lot more that day and I'm honestly glad I did.,Positive,glad
632,"I can eat a lot of food but the amount that they packed into that small, aluminum container nearly had me bursting at the gills; cheese curds are no joke!",Neutral,
633,"This was one of those meals where you take a bite and are immediately in another world, where nothing else matters, and all you want to do is keep eating.",Neutral,
634,"At first, I was devouring my meal but as it quickly started to disappear, I knew I had to savour it and make this moment last as long as I could.",Neutral,
635,"The inside, though small, had comfortable seating, with plenty of views of the surrounding neighborhood.",Neutral,
636,"Though I thought this place would be touristy, I was eating with locals and construction workers.",Neutral,
637,"Sitting there eating, I felt like I knew a secret that other travelers did not.",Neutral,
638,"For dessert, I got two pasteis de natas to really still down that Portuguese flavor.",Neutral,
639,Do yourself a favor and come here.,Neutral,
640,I am honestly kicking myself that I didn't make it here twice during my four day stay.,Neutral,
641,"Wow, first time trying poutine and I'm glad I came here to try it.",Positive,glad
642,Everything was in french but I managed to order poutine with everything on it.,Neutral,
643,It was a delicious surprise and it surpassed many disco fries I've had in the US.,Positive,delicious
644,The place is small and busy but the line moves quickly.,Positive,moves quickly
645,There is not alot of seating so maybe ask for it to go if you don't find any.,Neutral,
646,Not too much seating in this restaurant but the food is absolutely amazing!,Positive,amazing
647,I wished we had another day to go back and get more chicken!,Neutral,
648,"We stopped here because of the somebody feed Phil episode and true to what was said in the episode, the chicken is so juicy and flavorful, it's delicious.",Positive,"juicy, flavorful, delicious"
649,We were able to order in English and the lady behind the counter gave us suggestions on what to get.,Neutral,
650,Nothing was disappointing.,Negative,disappointing
651,The Portuguese tarts were all very delicious as well.,Positive,delicious
652,Salads were fresh.,Positive,fresh
653,"This does seem to be more of either a take out or eat quickly then leave, not necessarily a nice sit down dinner place.",Negative,
654,Definitely in the list to come back here when I visit.,Neutral,
655,Best chicken ever!!!,Positive,Best
656,OMG The French fries!!!,Neutral,
657,Were awesome!,Positive,awesome
658,The service is Great!,Positive,Great
659,The ambiance excellent!,Positive,excellent
660,A lot of people but the guys inside the kitchen work very hard and fast   So everyone gets their favorites and enjoy!,Negative,hard
661,I always recommend Ma Poule for their poutine!,Positive,recommend
662,Their poutine is loaded and there's a hefty amount of protein from the grilled chicken and chorizo.,Neutral,
663,"Their portions are huge, so a small could fill you up, but a large makes it easily shareable.",Neutral,
664,Their Portuguese roast chicken is also very worth trying!,Neutral,
665,You can opt for a whole or half chicken.,Neutral,
666,The serving sizes here are pretty big.,Neutral,
667,"Most of it comes with a side of fries and salad, but you can also just opt for the chicken alone.",Neutral,
668,It's super tender and juicy!,Positive,"tender, juicy"
669,"A very good post workout meal There might be a long line sometimes, but it moves rather quickly and the staffs working their hardest.",Positive,good
670,There's ample indoor seating.,Neutral,
671,You won't be allocated any seating.,Neutral,
672,"It's more of a cafeteria styled establishment, but I notice a lot of people eating outside as well.",Neutral,
673,"If you're looking for a delicious poutine to have and share with multiple friends, look no further.",Positive,delicious
674,We shared the petite poutine size between two people.,Neutral,
675,"If we were hungry and wanting that as a meal, it would still be very filling.",Neutral,
676,The fries remained crisp and were clearly freshly fried.,Neutral,
677,The gravy and cheese curds hit the spot.,Neutral,
678,They also have many other great options with their freshly cooked chicken and a small bakery.,Positive,great
679,The service was quick and the tables in the corner allow for quick seating to enjoy your meal and watch the park scenery outdoors.,Neutral,
680,A great place to stop by for anyone who enjoys poutine.,Positive,great
681,Been to MPM a few more times since my original review so I decided an update was in order.,Neutral,
682,It's a great spot to grab food and head over to Parc Lafontaine.,Positive,great
683,We dropped in on a Sunday afternoon (around 2:00pm) and it was busy.,Neutral,
684,We lucked out and snagged two tables at their patio outside.,Neutral,
685,The menu is up on the walls; the menu du jour is a nice change up.,Positive,nice
686,"They had three options (calamari, mixed combo, beef brochette and salmon).",Neutral,
687,Trip #1 - Combo mixte ($14.00) - such a good deal.,Positive,good
688,"You get a salad, fries and meat; chicken (two thighs and a drumstick), pork chops and sausage.",Neutral,
689,I have no idea how you can finish this alone but it's perfect for sharing.,Positive,perfect
690,"Pork chops were incredibly tender, sausage had a nice bit of heat and the chicken was moist.",Positive,"tender, nice, moist"
691,Get it piquant (spicy!).,Neutral,
692,- 4x Natas ($1.50) - still as good and creamy as last time.,Positive,good
693,Totally hit the spot.,Neutral,
694,Trip #2 - Tony alves (#1) ($15.00) - whole chicken.,Neutral,
695,We got it spicy.,Neutral,
696,"A little greasy but overall, pretty good.",Positive,good
697,- Grilled calamari ($15.00) - this took forever to come out and it was a really small portion.,Neutral,
698,Quite oily but not bad.,Positive,
699,Probably not worth the price point.,Negative,not worth
700,Stick with the chicken.,Neutral,
701,- A salada matilde (#10) ($9.00 large) - we got a large salad without the chicken.,Neutral,
702,The best part was the homemade honey Dijon salad.,Positive,best
703,"- Bon, les Portugais font de la poutine ($14.00 large) - poutine with São Jorge cheese, chicken and grilled sausage.",Neutral,
704,This was the best out of three poutines we ate (the other two were from La Banquise).,Positive,best
705,"Good fries, good cheese and tender meats.",Positive,good
706,A small ($9.00) is more than enough.,Neutral,
707,- 2x Le p'tit talbot (#5) ($6.00) - chicken sandwich for my cousin's road trip home.,Neutral,
708,- J'adore mon choriço (#7) ($12.00) - an entire grilled sausage.,Neutral,
709,They put spicy sauce on this as well.,Neutral,
710,Good flavour and well spiced.,Positive,good
711,- Pain grand-mère ($4.00 for 12) - my aunt bought a dozen Portuguese buns for home.,Neutral,
712,"- Natas ($1.50), coconut tart ($1.50), peach tart ($2.30) and almond tart ($2.30) - had to get my nata fix in!",Neutral,
713,Still so good and creamy.,Positive,good
714,Other tarts hit the spot.,Neutral,
715,Always come back to MPM to satisfy my Portuguese cravings.,Neutral,
716,I had a difficult time figuring out which Portuguese place to hit up with my limited time in Montreal.,Negative,"difficult, limited"
717,"Should I go to good 'ol reliable, favourite Romados or try one of the new players in town?",Positive,good
718,"After much debate, I decided to check out Ma Pouille Mouillée as I kept on reading so many great things about them.",Positive,great
719,"Located across the street from La Banquise, the inside is actually quite spacious.",Neutral,
720,Several tables to sit at but be like everyone else and take it to Parc Lafontaine for an impromptu picnic.,Neutral,
721,Hours are bomb.,Neutral,
722,Everyday open early and late till 10:00pm!,Neutral,
723,The menu is up on the wall and prices already includes all the taxes!,Neutral,
724,Stand in line and order.,Neutral,
725,It's like an assembly line.,Neutral,
726,"As you make your way down, the till is at the end where you can grab drinks and desserts.",Neutral,
727,- Le Louis Cyr (#2) ($11.00) - half a chicken with fries and salad.,Neutral,
728,Portion size is huge!,Positive,huge
729,A mountainous amount of fries and chicken.,Neutral,
730,I should mention that I attempted to eat all this by myself - don't try this at home folks.,Neutral,
731,Slather on the spicy sauce.,Neutral,
732,"Chicken was flavourful, tender and moist for the most part.",Positive,"flavourful, tender, moist"
733,Couple pieces of white meat that were too dry.,Negative,too dry
734,The salad was great and the vinaigrette was addictively delicious - Natas ($1.50) - natas are in the back near the counter so don't forget to order one.,Positive,"great, delicious"
735,"Man, I miss good natas.",Positive,good
736,This one was superb.,Neutral,
737,"Perfect amount of sweetness, flaky and slightly torched.",Positive,Perfect
738,"Make sure you go to at least one of the many, many Portuguese places while you're in town.",Neutral,
739,"Glad we ""chickened out"" and tried Ma Poule Mouillée.",Positive,Glad
740,"With a fun shop name, this is now among the most popular Portuguese chicken rotisseries in Montréal.",Neutral,
741,"Despite no lineup in the mid-afternoon, it was still quite packed with happy diners & folks ordering takeout.",Positive,happy
742,A whiff of aroma came from the rotisserie as it turned open whole chickens in unison.,Neutral,
743,Staff at the counter happily processed food orders.,Neutral,
744,"For takeout, I had their famous poutine with Sãn Jorge cheese, chorizo & grilled chicken.",Neutral,
745,"At the pastry display, I couldn't help but try their Portuguese egg tarts (natas).",Neutral,
746,A collective assembly of the shop's best offerings!,Positive,best
747,Egg tarts were loaded with sweet doughy custard and a crackly crust composed of flaky layers.,Neutral,
748,The packed poutine was oozing from the container with toppings.,Neutral,
749,"Its pulled chicken was moist with seasoned slow-cooked grill flavour, which was more noticeable than the chorizo slices.",Neutral,
750,"It blended well in melted cheeses, gravy & spicy sauce over the fries.",Neutral,
751,I noticed the saltiness of Quebec food along with its bold flavours.,Positive,bold
752,"For $12, it's amazing that the ""small"" poutine was enough for two meals.",Positive,amazing
753,Bravo to the owner Tony for turning his passion for Portuguese chicken into one of the most popular cheap eat-outs in town.,Positive,cheap
754,"Ma Poule Mouillée, can you expand to the US?",Neutral,
755,We need restaurants like this.,Neutral,
756,We ordered poutine and it was one of the best poutines I ever had.,Neutral,
757,"The chicken was moist, the cheese curds were plenty, and the gravy soaked in the fries was so delicious.",Positive,"moist, delicious"
758,Everything just works for this dish perfectly.,Positive,perfectly
759,"I came to Ma Poule Mouillée for dinner a while ago and got Number 8: Bon, Les Portugais Font De La Poutine, Petit.",Neutral,
760,The rotisserie chicken in the poutine was excellent.,Positive,excellent
761,"It had nice flavour, quality bits and pieces of chicken, good fries, gravy, and cheese, and everything was good together.",Positive,good
762,It was also an extremely high value meal and the food is enough for two people.,Neutral,
763,This is a must try stop in Montreal and I'd give it 9.3/10,Neutral,
764,"I came here for dinner recently and got Number 8: Bon, Les Portugais Font De La Poutine, Petit.",Neutral,
765,The rotisserie chicken in the poutine was excellent.,Positive,excellent
766,"It had nice flavour, quality bits and pieces of chicken, good fries, gravy, and cheese, and everything was good together.",Positive,good
767,It was also an extremely high value meal as it only cost $11 and I only finished ~half in one meal.,Neutral,
768,"Took forever but was soooo good definitely recommend the poutine and the bakery section, cappuccino was so yummy",Positive,good
769,No parking and there is a line up great food - worth the 45 minute drive .,Positive,great
770,The staff is really friendly .,Positive,friendly
771,The place is small and priced reasonably.,Neutral,
772,The chicken is amazing.,Positive,amazing
773,This one of the best places in Montreal for Portuguese chicken .,Positive,best
774,They have amazing fries.,Positive,amazing
775,There Peri peri sauce is to die for They only thing is it hard to get a table so prepared for take out.,Negative,hard
776,This is a real winner,Neutral,
777,I ordered the poutine and the chicken with fries.,Neutral,
778,"The poutine was well seasoned, lots of gravy and was a good price for the portion.",Positive,good
779,But the other meal -- it was dry and lacked flavour.,Negative,"dry, lacked flavour"
780,"I ended up going back to the restaurant to ask for some extra gravy and hot sauce, which made it better but it was more of a Poule Sechée than Poule Mouillée.",Neutral,
781,"Overall, I probably won't come back because I've had better but it's definitely not a bad spot, just not for me.",Positive,
782,"When I am in Montreal, I eat...and eat...and eat....I try as many restaurants as I can, sometimes, just a small sample of each...just so I can savor the particular flavors....",Neutral,
783,I had heard about this chicken place and I needed to try it.,Neutral,
784,"It's a casual place with a funky menu, so you can pick a meal by the ""name"".",Neutral,
785,"Opened to the public since July 29, 2013, Ma Poule Mouillée is a great casual restaurant on Le Plateau Mont-Royal.",Positive,great
786,"The history goes like this.....from a young age, Chief Tony Alves was working with his uncle who had a restaurant.",Neutral,
787,From that moment he permeated every movement his uncle baker made and learned every he could.,Neutral,
788,"With a dream and a clear idea in mind, Tony Alves did not hesitate a second to open his own restaurant.",Neutral,
789,"From then on, chef Alves learned to conceive a very special spicy sauce.",Neutral,
790,"For, as the chef says, it is the sauce that makes the difference, because everyone is able to grill a chicken.",Neutral,
791,I really enjoyed this delicious Portuguese chicken roasted on charcoal.,Positive,delicious
792,"Super duper long lines at both lunch and dinner, try to get there early!",Negative,"long line, long lines"
793,"Line moves fairly quickly, it's just a bummer to wait in the heat or rain, bring a bottle of water or umbrella Very simple and casual interior.",Neutral,
794,One large table to seat 6 and the rest are bar seating around the perimeter.,Neutral,
795,"Try to decide on your meal while in line, the staff taking your order don't speak much English so you'll need to give them a number.",Neutral,
796,You can customize your order with a bunch of sides.,Neutral,
797,I highly recommend the potatoes over the fries.,Positive,highly recommend
798,They are LEGIT.,Neutral,
799,"The roast chicken was solid, like a fancy pollo loco.",Positive,solid
800,The hot sauce is a $1 but is worth it for that extra kick.,Positive,worth it
801,"It's not very hot, just adds some nice flavor.",Positive,nice
802,Honestly the best poutine i had in Montreal.,Positive,best
803,Chicken js so flavorful and the addition of portuguese sauce is on point.,Positive,flavorful
804,Natas were great too.,Positive,great
805,I miss this already.,Neutral,
806,Must visit in montreal,Neutral,
807,Best chicken salad I ever had!,Positive,Best
808,The chicken is excellent.,Positive,excellent
809,Our tour guide recommended it.,Positive,recommended
810,Great choice!,Positive,Great
811,Absolutely fantastic.,Positive,fantastic
812,"I had the half chicken with rice and potatoes, and the flavours were just amazing.",Positive,amazing
813,"The chicken came off the bone so nicely, and the rice and potatoes were extremely delicious.",Positive,delicious
814,"The place itself is nice on the inside too, and the server was quite helpful in explaining their most popular dishes.",Positive,"nice, helpful"
815,It was awesome seeing the chicken being made as well right as you walk in.,Positive,awesome
816,Highly recommend!,Positive,Highly recommend
817,"We walked by this place on our way to the park and saw a line outside, so naturally I looked it up to find out it was a Portuguese roast chicken place.",Neutral,
818,I've never had it before and decided to give their takeout a try when we got the chance.,Neutral,
819,"My friend and I came by to pick up some dinner on Saturday around 7:30, and it wasn't too crowded.",Positive,
820,"They have some tables for seating, but it's nothing fancy as this is a fast casual type of place.",Neutral,
821,"Looking around, I noticed that all food, whether it's dine-in or to go, is served in takeout containers.",Neutral,
822,"They serve their chicken in a variety of ways - by itself, with side of fries and salad, in poutine, etc.",Neutral,
823,We ordered half a chicken ($8.27) as well as a small poutine ($9.57).,Neutral,
824,"Typically their poutine uses both chicken and chorizo, but we asked for chicken only to accommodate my friend's diet.",Neutral,
825,I definitely liked the roast chicken more than the poutine.,Neutral,
826,"The skin was very flavorful, just not as crispy as I like since the chicken was served with some juice in the container.",Neutral,
827,I was also expecting a more fragrant roasted flavor.,Neutral,
828,The poutine was just okay...,Neutral,
829,"keep in mind, though, that I am not a poutine kinda person, and we didn't eat it until maybe 30 minutes after getting it, so the fries were a bit soggy by the time we ate.",Negative,soggy
830,My favorite part of this dish was the gravy.,Positive,favorite
831,"I enjoyed the chicken and am glad we tried it, but it wasn't different enough from other roast chicken for me to come back.",Positive,glad
832,"We ordered the poutine, chorizo and rotisserie chickens and they are so good and serving sizes are generous too!",Neutral,
833,The chicken was moist and crispy!,Positive,"moist, crispy"
834,Such amazing poutine with chicken and chorizo.,Positive,amazing
835,Chicken is a must!,Neutral,
836,Two large poutines is enough for 6 people as whole dinner.,Neutral,
837,"Get it to go, sit at park and chow down.",Neutral,
838,Nata is great as well.,Positive,great
839,I learned about this restaurant from a show on Netflix and I walked 3 miles to get here from my hotel.,Neutral,
840,"This place was my first experience with poutine, and unfortunately I don't think that any other place will be able to live up to the taste of Ma Poule Mouillée.",Neutral,
841,"I got the large number 8 spicy, the chicken and the sausage were amazing.",Neutral,
842,"Be prepared to wait as the line was around the corner, the service was quick but the space inside is limited.",Negative,limited
843,All worth the wait.,Positive,worth the wait
844,It's always funny to experience what Montrealers think of as spicy.,Neutral,
845,"Either they forgot I wanted my sandwich to be spicy or, true to form, it was just very wimpy err subtle.",Neutral,
846,I mean subtle.,Neutral,
847,The chicken here is good.,Positive,good
848,15 minutes in line good?,Positive,good
849,Sure.,Neutral,
850,30+?,Neutral,
851,Nope.,Neutral,
852,"But the reason to come is actually the pastel de nata, which as good as what you can get in Portugal.",Positive,good
853,I'd come back here in a heartbeat for one of those.,Neutral,
854,Delicious food.,Positive,Delicious
855,"Incredibly busy, but I would honestly drive back from Connecticut USA just solely to eat here.",Neutral,
856,My husband's family is from Portugal and they gave it all thumbs up as well.,Neutral,
857,I will be dreaming of this food for years!,Neutral,
858,"Got the whole chicken #1, poutine #8, strawberry tart.",Neutral,
859,"Chicken is juicy, not dry, but no smoky flavor.",Positive,juicy
860,Poutine & tart are both good.,Positive,good
861,"Cramped restaurant, 1 bathroom, English menu is towards middle, small, taped to plexiglass.",Neutral,
862,Chicken is simply fabulous!,Positive,fabulous
863,Be prepared for a long line - take it to go as seating area is a bit limited.,Negative,
864,Delicious roasted Portuguese style chicken.,Positive,Delicious
865,Keep it simple and appreciate the quality of roasted chicken!,Neutral,
866,Parking is tight but you can find spots in the sides streets,Neutral,
867,The best Portuguese chicken on the planet Plateau -- hands down.,Positive,best
868,Generous portions.,Positive,Generous
869,Worth lineup when there is one.,Neutral,
870,"Holy moly, $15 large poutine you get a MASSIVE mound of juicy Portuguese chicken, just the right amount of REAL gravy over perfect poutine fries and melty cheese curds.",Positive,"juicy, perfect"
871,Pleasantly surprised with this find!,Neutral,
872,"I also noticed the chicken in the poutine was done/seasoned 2-ways, there was thin slices of (dry rub?) seasoned chicken & then there were pulled apart pieces from a whole Portuguese roasted chicken.",Negative,dry
873,We also tried their almond pasteis de Natas which had a more eggy clumpy texture.,Neutral,
874,It was ok.,Neutral,
875,"Long wait, sweet result!",Negative,Long wait
876,"There is no many table, so just recomand to go better, English menu is on the wall, inside :)",Neutral,
877,So good.,Positive,good
878,Best Portuguese chicken.,Positive,Best
879,Clean and nice interior.,Positive,"Clean, nice"
880,Service somewhat slow but worth the wait.,Positive,worth the wait
881,Hands down the best poutine I've ever had.,Positive,best
882,"The enhancements they add here (chicken, sausage) strictly enhance an already great dish.",Positive,great
883,"The smokiness and savoriness of these added elements add further depth, and extra protein to boot.",Neutral,
884,"The portion size for the large is quite generous, so definitely shareable.",Positive,generous
885,"This place is bustling, but the staff is efficient with taking orders so don't be intimated if there's a line.",Neutral,
886,Finding a spot to sit is tricky- if coming with other people I recommend dividing and conquering by having someone snag seats while the others order food.,Neutral,
887,A must-try if you're in Montreal!,Neutral,
888,Chicken breast Poutine Salad Sauce Rice Dessert Everything is good and healthy and delicious,Positive,good
889,Great portion for affordable price!,Positive,"Great, affordable"
890,10/10 The place is kinda small but the food is delicious.,Positive,delicious
891,Would def come back when I come visit Montreal,Neutral,
892,The line to this place was out the door and there's a reason for that.,Neutral,
893,My fiancé got of course a chicken sandwich which he absolutely raved about.,Neutral,
894,They are known for their chicken and poutine so getting one of the two or both is a must.,Neutral,
895,For myself I got the calamari and the veggie salad which also delivered.,Neutral,
896,The nonstop line and crowds of people tells you everything you need to know!,Neutral,
897,This was a very satisfying lunch.,Neutral,
898,"We ordered the Chicken sandwiches, Half chicken, Poutine, and Portuguese tart.",Neutral,
899,"The roasted chicken had a deliciously fragrant and flavorful skin, and the meat was juicy and full of flavor.",Positive,"flavorful, juicy"
900,The kitchen's on-site roasting technique really added to the flavor of the chicken.,Neutral,
901,The chicken sandwiches were also very juicy and flavorful.,Positive,"juicy, flavorful"
902,"The Portuguese tart was more solid compared to the soft, warm, custardy ones found in Asia, but both are unique and worth trying.",Neutral,
903,The poutine was a classic sausages version and met the expected standard.,Neutral,
904,"The portion sizes were very generous, and we couldn't finish it all.",Positive,generous
905,"So, if you have to choose, definitely start with their chicken, which is really flavorful and juicy despite being dry.",Positive,"flavorful, juicy"
906,"Overall, it was a great lunch, and we highly recommend trying the chicken and Portuguese tart.",Positive,"great, highly recommend"
907,No stop in Montreal is complete without a taste of poutine.,Neutral,
908,Stopped by here on my last night and so happy I did.,Positive,happy
909,Not many people know about this place cause they are so fast to scurry over to the poutine place across the street due to popularity grown through Tiktok.,Neutral,
910,Ma Poule Mouillée serviced superfast with friendly customer experience.,Positive,friendly
911,I ordered their big plate of poutine to share between me and one other person.,Neutral,
912,Definitely worth to check out!,Neutral,
913,Best rotisserie chicken I've ever had hands down.,Positive,Best
914,Fall off the bone.,Neutral,
915,Insanely flavorful spicy sauce oozing through it.,Positive,flavorful
916,Like it had been marinated for decades in this sauce.,Neutral,
917,Oh and these fries holly cow.,Neutral,
918,Crispy but flavorful.,Positive,"Crispy, flavorful"
919,Dipped in the sauce with a bite of the chicken.,Neutral,
920,We went to Michelin level places on our trip in Montreal and this was the best bite.,Positive,best
921,"They do poutine too, but I have to recommend the half chicken and fries you don't need any other flavors than that.",Positive,recommend
922,Got the small #8 which would have been plenty for two moderately hungry people.,Neutral,
923,"Everything was absolutely delicious, the fries held up and remained crispy despite all the toppings, flavors were incredible.",Positive,"delicious, crispy, incredible"
924,Though there was a line it went fairly quickly and was quite efficient!,Neutral,
925,Excellent place.,Positive,Excellent
926,This is a must-visit for peri peri chicken in Montreal and the Portuguese egg custard tarts which were a surprise and delight.,Neutral,
927,Be sure to know what you want as you get in line to keep things moving along - the line can be long but it moves decently quickly.,Neutral,
928,My go to is the half chicken with fries and salad and the poutine which comes with a nice savory gravy.,Positive,nice
929,Portions are very very generous so an entree can likely last 2 meals.,Positive,generous
930,Be sure to grab a few egg tarts after - just trust me on that.,Neutral,
931,I did not know that I love Portuguese roast chicken -- until I tried it.,Positive,love
932,"Not in Portugal, but in Montreal.",Neutral,
933,Ma Poule Moullée makes one thing -- roast chicken -- and the've perfected the process.,Neutral,
934,Great food.,Positive,Great
935,The pier pier sauce is lovely and spicy -- so spicy that it's un-Canadian.,Neutral,
936,Inexpensive.,Neutral,
937,Super fast service.,Neutral,
938,Huge portions.,Positive,Huge
939,"The eating space inside is pretty ""rough and ready"" as Paul Hollywood says.",Neutral,
940,It looks like most people are picking up to take the food with them.,Neutral,
941,Did I mention the portions are huge?,Positive,huge
942,The leg quarter comes with a huge salad.,Positive,huge
943,"huge amount of fries, a thigh and two drumsticks.",Positive,huge
944,"Unless you're a teenager, it's enough for two.",Neutral,
945,Whoever associated Canadians and maple syrup was wack because Canadians don't really eat that ever.,Neutral,
946,Poutine?,Neutral,
947,Definitely.,Neutral,
948,La Banquise is just across the street and we can have a war about which is better but you can't go wrong with either :) Torn because I love them both --- Ma Poule Mouillée is definitely known for their chicken.,Positive,love
949,"Combine that on the poutine with chorizo, gravy and cheese curds, and you've got a hella good combo here!",Positive,good
950,I liked La Banquise cheese curds and gravy a lot better though.,Neutral,
951,"Like I said, can't go wrong :) Portuguese egg tarts were amazing though, couldn't stop myself for getting just one!",Positive,amazing
952,When in Montreal Poutine is a must!,Neutral,
953,One that truly stood out in my research for great poutine was Ma Poule Mouilee!!,Positive,great
954,"The restaurant is popular with constant lineup, but they are very quick.",Neutral,
955,I got in within 15 mins wait.,Neutral,
956,What is unique about this place is they don't make any poutine but one that is topped with freshly grilled Portuguese chicken shreds and chorizo too!,Neutral,
957,It was absolutely poutine heaven!,Neutral,
958,The grilled chicken was so tender and juicy and there was so much gravy and cheese curd every single bite of fries had just enough of it!,Positive,"tender, juicy"
959,Portion was HUGE!,Positive,HUGE
960,With the regular size for $18 the two of us barely managed to finish it!,Neutral,
961,They do have a petite option too that is not so petite at all and would be great for sharing too for those who like to eat lighter.,Positive,great
962,Not only do they have poutine and chicken but several Portuguese desserts too!,Neutral,
963,I was very tempted but had to hold back because I was just too full.,Neutral,
964,This will definitely be a place I would revisit when I come to Montreal again.,Neutral,
965,"The line was very long even at 5:30pm on a weekday, which surprised me.",Neutral,
966,Cannot imagine coming here on a weekend night during prime dinner hours.,Neutral,
967,"The poutine was great, if just slightly too salty.",Negative,too salty
968,The chicken was great but it's covered in way too many fries.,Positive,great
969,"The chicken was barely visible under the pile of fries as you can see in the attached image, but it was some of the best rotisserie-style chicken I've had.",Positive,best
970,I ate the extra fries with the poutines as a starch to help season the fries and offset some of the extra sauce/saltiness in the poutine.,Neutral,
971,"I do want to mention that the poutine wasn't overly salty, but I can definitely taste the salt.",Positive,
972,Best poutine ever in the whole city !,Positive,Best
973,"The chicken is excellent, probably the best as well.",Positive,"excellent, best"
974,They should buy the building next door to expansion the place because it's always super crowded (that's because it's so good).,Positive,good
975,I highly recommend it,Positive,highly recommend
976,Food was great.,Positive,great
977,Can definitely understand why this is a Montreal fave.,Neutral,
978,The line can be a good wait but it's definitely worth it.,Positive,good
979,Menu is on the wall and once you order they are pretty to get your food and pay.,Neutral,
980,This is very casual dining with limited seating inside.,Negative,limited seating
981,Overall a good lunch choice.,Positive,good
982,#8 Poutine Large is a good size for 3 people.,Positive,good
983,My first poutine ever!,Neutral,
984,It was so yummy.,Neutral,
985,I loved that it wasn't too hot and everything was balanced (not too much gravy) Quick to order.,Positive,loved
986,So much food.,Neutral,
987,"If I could have any single meal in Montréal again, it would be this chicken.",Neutral,
988,The sauce was spectacular and you can taste the char from the coals the chicken is roasted over.,Neutral,
989,The fries are perfect sopping up the sauce and the tang and acidity of the salad cut the fat perfectly.,Positive,"perfect, perfectly"
990,"Sure the line is long, but it moves quickly.",Positive,moves quickly
991,Absolutely perfect.,Positive,perfect
992,"Sadly, the poutine was cold and limp.",Negative,cold
993,Asked for spicy and got regular.,Neutral,
994,"Advice: stick to the chicken, fries, and salad.",Neutral,
995,My wife had it and is was stellar.,Neutral,
996,Fabulous food!,Positive,Fabulous
997,The place is tiny so it's more a take out place than a sit down restaurant.,Neutral,
998,Get the egg tarts since they are AMAZING and super affordable!,Positive,"AMAZING, affordable"
999,This place is tuned like a fine oiled machine.,Neutral,
1000,U get in and order within mins and get your food quick.,Neutral,
1001,We got the #2 and #8 and ended up being too much food for the 4 of us.,Neutral,
1002,Would recommend the food for sure.,Positive,Would recommend
1003,Service was excellent and quick.,Positive,excellent
1004,I arrived in Montreal for the first time in 5 years and this is the first place I went.,Neutral,
1005,Brilliant choice because it started my trip off VERY right.,Neutral,
1006,La Banquise is across the street from this establishment and many will say that's the best poutine in Montreal but they would be wrong.,Positive,best
1007,VERY wrong.,Neutral,
1008,"The best poutine is at Ma Poule Mouillee and for $12, you get a whole lot of it so bring your friends and your appetites!",Positive,best
1009,"Chicken, sausage, curds, fries, gravy, sauces, delicious!",Positive,delicious
1010,Everything else is great.,Positive,great
1011,"Their chicken is delicious and for me, superior to one of their main competitors, Romados.",Positive,delicious
1012,It's just so flavourful and juicy and everything you'd want from Portuguese chicken.,Positive,"flavourful, juicy"
1013,The salad and potatoes are also solid.,Positive,solid
1014,"I really don't think you could go wrong with anything here, especially when you consider that they are quite inexpensive.",Neutral,
1015,They have a knack for flavours and they deliver excellence every time.,Neutral,
1016,Excellent food!,Positive,Excellent
1017,had to stop here on my Montreal train!!,Neutral,
1018,"We got a small poutine to share, with a side salad, and fries.",Neutral,
1019,We also ordered half-chicken with fries to go (midnight snack).,Neutral,
1020,The food was amazing and fresh (line out the door).,Positive,"amazing, fresh"
1021,"For $15, you get a massive amount of juicy Portuguese chicken, just the right amount of gravy over the perfect poutine fries and melty cheese curds.",Positive,"juicy, perfect"
1022,"There is a spicy version of both the poutine and the chicken, but I did not find the spicy chicken to be spicy.",Neutral,
1023,The to-go order was def.,Neutral,
1024,a good midnight snack meal.,Positive,good
1025,"The lines move very quickly, and you def.",Neutral,
1026,get your money's worth of food here.,Neutral,
1027,I've been coming here for years!,Neutral,
1028,This place never disappoints!,Neutral,
1029,I mean ever!!!,Neutral,
1030,"Regardless as to what I take, it's always delicious!",Positive,delicious
1031,This time was no exception!,Neutral,
1032,"The staff is quick with your order, efficient, lots of seating at the restaurant.",Neutral,
1033,It smells so good going in (yes my mouth is watery at the moment).,Positive,good
1034,"Bring your family, bring your date, you'll be taken care of!",Neutral,
1035,Ma Poule Mouillée was recommended by many people as one of the best poutine places in Montreal.,Positive,"recommended, best"
1036,However the wordplay in the name was not true.,Neutral,
1037,"Maybe there wasn't enough foreplay but it was not ""mouillée"" (wet/juicy).",Negative,
1038,"To begin, the line was extremely disorganized.",Neutral,
1039,Staff inside were inattentive and were too busy talking with one another than actually helping out customers.,Neutral,
1040,A simple pickup order that we called in in advance took over 25 minutes to pick up!,Neutral,
1041,"The poutine itself was fairly generous as its stuffed with fries, cheese, chicken, sausage topped with gravy.",Positive,generous
1042,"However, everything was fairly cold, luke-warm at best.",Positive,best
1043,A good poutine should be piping hot leaving you with a slight burn on the roof of your mouth.,Positive,good
1044,The chicken was lacking in flavour and dryer than your crush from grade 6.,Neutral,
1045,I'd even say the rotisserie chicken at Costco packs more of a punch.,Neutral,
1046,And don't get me started on how much cartilage and bone I had in the poutine as well.,Neutral,
1047,Choking from a poutine is probably one of the last things you'd expect but guess you can never be too careful.,Neutral,
1048,I had really high expectations for this place and unfortunately it was a let down.,Neutral,
1049,I'm hoping this was an isolated incident as others seem to have had a great experience.,Positive,great
1050,"But if you're doing a food crawl for the best poutine in MTL, this wasn't it.",Positive,best
1051,2.4/5,Neutral,
1052,"Whole family enjoyed - chicken was amazing, sausage was great!",Positive,"amazing, great"
1053,"Very little seats inside, but food quality is on point!",Neutral,
1054,Amazing food and service!,Positive,Amazing
1055,Visiting Montreal and this is the place everyone says we must have.,Neutral,
1056,Lives up to the hype,Neutral,
1057,The famous portuguese chicken poutine!,Neutral,
1058,The portion is literally massive with a very generous amount of meat - the chicken was super tender & juicy!,Positive,"generous, tender, juicy"
1059,The cheese curds & gravy also had great flavour  def worth trying!,Positive,great
1060,Ps.,Neutral,
1061,"all prices include tax & even if the line looks long, it moves pretty fast!",Neutral,
1062,Great food at a good value.,Positive,good
1063,My friends and I shared two poutines and a salad.,Neutral,
1064,"Everything tasted great, filling, and left us feeling satisfied.",Positive,"great, satisfied"
1065,The chicken was the highlight in the poutine and salad.,Positive,highlight
1066,"Don't expect anything to be healthy, but that's not what you're coming for anyway, right?",Neutral,
1067,Line out the door and around the block but worth it!,Positive,worth it
1068,Place is organized chaos but menu items are pretty fixed.,Neutral,
1069,They no longer have rice so fries are the only side.,Neutral,
1070,We had half chicken and chicken salad.,Neutral,
1071,Both were excellent although the chicken on the salad had more skin than meat.,Positive,excellent
1072,I think I made a mistake trying to be healthy(ish) here by ordering the grilled chicken and chorizo salad (Salade Mathilde).,Neutral,
1073,It was HUGE!,Positive,HUGE
1074,"And I think there was way too much meat for it to truly qualify as a ""salad."" It's probably meant to be shared between 2 people or one very hungry athlete!",Neutral,
1075,"There was a good amount of lettuce and freshly-cut onions, carrots, and peppers, as well as a generous amount of sliced chorizo and grilled chicken (looked like both light and dark meat).",Positive,good
1076,It was definitely good value for less than $15 with tax.,Positive,good
1077,"There were a few things that didn't make this the ideal dish to get here, however...",Neutral,
1078,"While the chicken was nicely marinated, I felt there was a bit of a flavor clash between the chicken, chorizo, and salad dressing.",Neutral,
1079,Potatoes would probably have paired better with these meats.,Neutral,
1080,"Also, the chicken tasted a bit cold and dry.",Negative,"cold, dry"
1081,"I saw them cut it fresh, but I think they had grabbed it from a pile of ready-made chicken that was already off the grill.",Neutral,
1082,"Overall, great value, quick service, and friendly staff, but I'd maybe recommend prioritizing the warm dishes rather than the entrée salad.",Positive,"great, friendly, recommend"
1083,"We loved the plateau neighborhood, where this Portuguese chicken shop is located.",Positive,loved
1084,The line moves quickly; and be sure to look at the chalkboard menu while you are waiting so you are ready to order.,Positive,moves quickly
1085,We ordered a lg chicken poutine and a side salad.,Neutral,
1086,The flavors in this poutine are very rich- explaining why we shared an order.,Positive,rich
1087,We also were able to secure barstool seating (this place is small).,Neutral,
1088,It might be harder to get seating for a party bigger than 2.,Neutral,
1089,"I did not try any of the desserts that they had on display, but that's what next time is for!",Neutral,
1090,The chicken was soft and tender.,Positive,tender
1091,We got one plate and it was way more food than we can eat for Two people.,Neutral,
1092,I would probably get a quarter chicken next time along with the poutine dish,Neutral,
1093,Woooooow I love this place!!,Positive,love
1094,"When we approached the restaurant, the line was out the door; however, Ma Poule does a good job of keeping the line moving and the wait was not long at all.",Positive,good
1095,My mouth dropped when I saw the portion sizes.,Neutral,
1096,THEY'RE HUGE!!,Positive,HUGE
1097,"And not only are the portions humongous, but the flavor of the chicken is nicely roasted and also juicy.",Positive,juicy
1098,We heavily considered bringing some of the sauce home cause it was that good.,Positive,good
1099,Definitely get some pastel de nata to eat after your massive meal.,Neutral,
1100,"It's a sweet, custardy treat that hits the spot.",Neutral,
1101,Beware of the massive lineups!,Neutral,
1102,A large poutine is MASSIVE enough for 2-3 people!,Neutral,
1103,Don't think about tackling this behemoth solo!,Neutral,
1104,"MASSIVE portions, juicy delicious chicken bits paired with sliced sausages, drenched gravy and cheese curds.",Positive,"juicy, delicious"
1105,No more poutine anytime soon!,Neutral,
1106,Unfortunately they lost my order and I had to wait 15-20 min to get my poutine but I'll give them a pass given how swarmed they were.,Neutral,
1107,Best poutine in Montreal!,Positive,Best
1108,We got the chorizo and chicken but I would just get chicken if I were to come again as the chorizo was nothing special.,Neutral,
1109,The gravy is incredible and they don't skimp on the chicken which is justifiably worth the wait in line.,Positive,"incredible, worth the wait"
1110,Saw someone get the spicy version ahead of me and would also love to try that.,Positive,love
1111,Stop reading go try this!,Neutral,
1112,"I completely forgot that Ma Poule was on the Netflix show, Somebody Feed Phil until I was in line and heard someone mentioned it.",Neutral,
1113,"I initially came because I had read reviews about Portuguese egg tarts - aside from reviewing boba places around the world, I'm also down to try Portuguese egg tarts everywhere I go (if it's sold).",Neutral,
1114,"Anyways, to get back on topic - Ma Poule is fast paced!",Neutral,
1115,I ordered number 14 and asked to not have fries.,Neutral,
1116,Which was a mistake on my part.,Neutral,
1117,The staff seems to speak more French than English.,Neutral,
1118,"She thought I meant to add the Poutine, which they're known for.",Neutral,
1119,I then tried to explain in my limited french that what I meant was no poutine and also no fries with the chicken.,Negative,limited
1120,That lead to even more confusion as she couldn't believe I would just not accept the free fries that came with the chicken.,Neutral,
1121,TLDR - I just accepted my fate of the large amount of fries that came with the chicken.,Neutral,
1122,"The chicken is phenomenal, there's no denying it.",Positive,phenomenal
1123,I recommend that you should have someone on standby who LOVES fries because half the box was just fries.,Positive,recommend
1124,My friend and I were shocked by the quantity.,Neutral,
1125,"Sadly, the Portuguese egg tart did not live up to people's review.",Neutral,
1126,"Too sugary and too chewy, like they didn't beat the cream enough or something.",Neutral,
1127,I was really disappointed.,Negative,disappointed
1128,Skip the egg tart but not the chicken!,Neutral,
1129,"Over-salted poutine that was just one note, and sadly that note was salt, and that's coming from someone who likes salty food!",Negative,salty
1130,I still dream about the food I ate here.,Neutral,
1131,I ordered the poutine and the chicken and sausage salad.,Neutral,
1132,Both were amazing.,Positive,amazing
1133,Everything was made to perfection and the portions were huge.,Positive,huge
1134,I split everything with a friend and we had enough leftovers for dinner.,Neutral,
1135,I totally recommend the poutine and the chicken salad.,Positive,recommend
1136,The sausage was good but they gave us too many and we ended up not finishing.,Positive,good
1137,Also don't forget to order a couple of the Portuguese tarts for dessert.,Neutral,
1138,You'll want at least 2 so don't just order 1!,Neutral,
1139,"Affordable, delicious and generous food.",Positive,"Affordable, delicious, generous"
1140,Self-service style.,Neutral,
1141,Waited in line for about 15 minute.,Neutral,
1142,"Place your order, pick it up and pay at the cashier at the back of the store, then grab any open seats.",Neutral,
1143,"Got their #8 large, which is poutine with chorizo and chicken.",Neutral,
1144,This can be a meal for 4.,Neutral,
1145,"This item is 80% fries, so if you are looking for more protein, I suggest going for their other items.",Neutral,
1146,"Next time, I might get their #1 whole chicken or #11 chicken, chorizo salad.",Neutral,
1147,"We saw so many good reviews for this place and walked by pretty often, so we knew we had to try it.",Positive,good
1148,"As there was no English menu, we struggled a bit to figure out what to order but it all worked out with us eating well in the end.",Neutral,
1149,"Once you enter, you go up to the counter to order and you watch them chop up your meat before you pay at the cash register.",Neutral,
1150,The chorizo didn't taste like regular chorizo -- it had somewhat of a tomato-based flavor and was more dense (less chewy) than I expected.,Neutral,
1151,"Still yummy though, just different.",Neutral,
1152,The chicken (as everyone else in the reviews have said) is amazing -- super moist and tender and delicious.,Positive,"amazing, moist, tender, delicious"
1153,"The sauce is incredibly greasy, but hey, that's definitely what makes it so good!",Positive,good
1154,Just make sure to grab a bunch of napkins to eat it with (ask the cashier for plenty)!,Neutral,
1155,Came here when I was in Montreal for two nights and was blown away.,Neutral,
1156,When we arrived there was a line around the corner and decided to wait - thankfully.,Neutral,
1157,Everyone in my group ordered either the poutine or chicken and I split both with a friend.,Neutral,
1158,We got the spicy which wasn't hot but added some really great flavour.,Positive,great
1159,The poutine was the favorite.,Positive,favorite
1160,It has that perfect combination of salt and fat that is super addictive and delicious.,Positive,"perfect, delicious"
1161,It was also covered in chicken and chorizo.,Neutral,
1162,The chicken was also incredible.,Positive,incredible
1163,It was super moist and the drenched in a great sauce that reminded me of a less spicy and more seasoned buffalo sauce.,Positive,"moist, great"
1164,The portions were also huge.,Positive,huge
1165,The large poutine and whole chicken provided more than 3 meals worth of food for me and my friend - and we eat a lot.,Neutral,
1166,Haven't tried the other chicken spots(a friend from Montreal claims Cote St Luc has the best chicken straight up) but this spot was one of the highlights of the trip.,Positive,best
1167,Easily some of the best chicken I've ever eaten.,Positive,best
1168,"Based on the reviews, we decided to come here first over la banquise .",Neutral,
1169,"We ordered the number 8 bon les portugais font de la pountine (portugese poutine) that has cheese curd, chicken, gravy, and chorizo.",Neutral,
1170,The petite for ($11 CAN) was more than enough.,Neutral,
1171,This was a take-out item.,Neutral,
1172,The consensus was the chicken was the highlight.,Positive,highlight
1173,It was soft and tender.,Positive,tender
1174,We preferred the fries here over la basquite's more as those were over fried and thin.,Neutral,
1175,I found the culmination of the gravy and chorizo to be too salty.,Negative,too salty
1176,"The real dish is just to get the fried portugese chicken, nothing else.",Neutral,
1177,"Next time, I'll be sure to just get that instead.",Neutral,
1178,My mother and I were stalling from checking into our AirBnB so we stumbled upon this place.,Neutral,
1179,"Poutine is the food symbol of Montreal and so, my mother and I must of course sample it, and this place was very promising.",Neutral,
1180,I expected a long line and there was.,Negative,long line
1181,"We were thankfully not forced to stand outside, but the line was to the door, though that may be because of the set up of the restaurant that had people standing in line with the door.",Neutral,
1182,The line moves fairly quickly though as the people working here have a great assembly process that you get to watch live.,Positive,great
1183,"There is inside seating, though with the busyness of the place, I wouldn't rule out ordering to go.",Neutral,
1184,"I opted to order the ""Bon, les Portugais Font de la Poutine,"" which I called the ""Number 8"" because I was afraid of butchering my French pronunciation in my first day back in a Francophone area.",Neutral,
1185,I ordered the large which was a large plate that was plenty to fill the stomachs of both me and my mother.,Neutral,
1186,The cheese bits were tasty; the gravy was rich and soaked the fries well so that I didn't have any plain fries (plain fries are a a bit of a nightmare for me by the way); the chicken and sausage offered a meaty dimension to the poutine.,Positive,"tasty, rich"
1187,It was a decent poutine!,Neutral,
1188,The last bite was amazing because I amassed enough cheese with the meat and potato  that created an excellent flavor and texture combination.,Positive,"amazing, excellent"
1189,You can opt for a pitcher of water for the table if you don't buy the water bottles (which you shouldn't because water should always be free).,Neutral,
1190,"The menu looks fabulous and if I had more time up here, I would come back to try the other options.",Positive,fabulous
1191,Chicken for all the hype was meh.,Neutral,
1192,Flavor was there just not very strong/ had the whole chicken and some of the white meat pieces just got left flavorless.,Negative,flavorless
1193,.,Neutral,
1194,Loaded Poutine would also be mid for me.,Neutral,
1195,The egg tarts are definitely a must have.,Neutral,
1196,Somebody Feed Phil choices so far don't compel as much as Anthony Bourdain.,Neutral,
1197,Duh.,Neutral,
1198,"I discovered this place thanks to ""Somebody Feed Phil."" We came in during lunch and it was quite busy, but the line moved steadily forward.",Neutral,
1199,We ordered the half chicken which came with fries and salad.,Neutral,
1200,I enjoyed the moist chicken.,Positive,moist
1201,I only wished it was spicy.,Neutral,
1202,"Best chicken, fries, salad meal in Montreal.",Positive,Best
1203,The crown used to go to Romados which is still amazingly good but MPM is a notch better.,Positive,good
1204,Tony Alves the owner used to work at Romados for 20 years.,Neutral,
1205,His defection would be similar to if Tom Brady and Bill Belichek left the Patriots for elsewhere (damm I sure do not like Brady).,Neutral,
1206,******local tip #1 ******Come early if you don't have patience for long lines.,Negative,"long line, long lines"
1207,I mean real real early.,Neutral,
1208,We came at 4:30pm on a Saturday  and it was already 5-10 people out the door.,Neutral,
1209,When we left at 5:30 pm it was around 20-25 deep in line.,Neutral,
1210,I've seen it 40-50 deep at 6pm.,Neutral,
1211,"The chicken is moist, fall off the bone and charcoal grilled delish.",Positive,moist
1212,Over 200 reviews have stated that so no need to continue.,Neutral,
1213,The fries are equally good.,Positive,good
1214,The salad does get lost under a mountain of chicken and fries but it's good to have something healthy on this gargantuan fat man's plate.,Positive,good
1215,Dining is simple.,Neutral,
1216,Don't come expecting much.,Neutral,
1217,The volume of food they sell through here is insane.,Neutral,
1218,I had courteous service and the restaurant felt like a sweltering inferno on an October day.,Neutral,
1219,*****local tip#2***** your hair and clothes will absorb the smell as will the leftovers in your car.,Neutral,
1220,Don't wear those Sunday church clothes.,Neutral,
1221,*****local tip#3**** if you like spicy ask for extra orange hot sauce.,Neutral,
1222,They paint it on with a brush and it's what makes this place a notch over Romados.,Neutral,
1223,Enjoy to the max.,Neutral,
1224,Live to eat don't eat to live!,Neutral,
1225,Holy moly this place is so value.,Neutral,
1226,You can get a whole chicken for $19!,Neutral,
1227,We didn't opt for that since weren't that hungry.,Neutral,
1228,"Instead, we got the legs combo for around $13ish?",Neutral,
1229,It comes with 3 legs and a TON of fries.,Neutral,
1230,Make sure you ask for the spicy version; their spicy sauce is great!,Positive,great
1231,"The fries and salad that come with the combo are not that great, but they do the job to fill you up.",Negative,
1232,Ok this is my first poutine experience.,Neutral,
1233,But man I don't think I can have anything other then Portuguese Poutine.,Neutral,
1234,It's one of the best things I've put in my mouth.,Positive,best
1235,Just go here and get this.,Neutral,
1236,The place is nothing amazing to speak of.,Positive,amazing
1237,Ambiance of a garage with a long justified line.,Neutral,
1238,Service was fine.,Neutral,
1239,But the food is ridiculously good.,Positive,good
1240,Get it to go,Neutral,
1241,The best Portuguese chicken in Montreal.,Positive,best
1242,So moist and tasty and yummy !!the place to go if you love Portuguese chicken or chicken in general!!,Positive,"moist, tasty, love"
1243,We traveled all over Montreal and made it a bit of an eating tour and this was by-far my favorite meal.,Positive,favorite
1244,The wet chicken is the best chicken I've ever had.,Positive,best
1245,I would recommend this to anyone in town.,Positive,would recommend
1246,"So, I had to try after all the hype and positive reviews.",Neutral,
1247,There is no dine in so everything is take out and I ate in my car.,Neutral,
1248,I was super hungry.,Neutral,
1249,I ordered a half chicken that was served with salad and fries and hot sauce.,Neutral,
1250,The chicken was really well done.,Neutral,
1251,To the point where even the dark meat was flaky.,Neutral,
1252,"Maybe I was unlucky, but this bird was cooked way too long.",Neutral,
1253,The fries were really good and the hot sauce was great.,Positive,good
1254,I needed more sauce to make the chicken go down.,Neutral,
1255,I also ordered the poutine with sausage and chicken.,Neutral,
1256,"As far as poutines go it was good, but not spectacular.",Positive,good
1257,I base my poutines on the gravy and this one was lacking depth.,Neutral,
1258,"The meat helped inside, but I really like a richer gravy that should have been hotter to melt the cheese.",Neutral,
1259,"All in all it was good, but I would not rush back.",Positive,good
1260,Still worth a try because you may have better luck.,Neutral,
1261,An absolute must visit in Montreal.,Neutral,
1262,I ordered the small poutine which you can get mild or spicy.,Neutral,
1263,I got the non-spicy version.,Neutral,
1264,They put grill Portuguese chicken and chorizo sausage on top of the poutine.,Neutral,
1265,This combo is just heaven.,Neutral,
1266,"The cheese curds, the flavor, the sauce is just to die for.",Neutral,
1267,You will come back for more.,Neutral,
1268,It seems that the food portions in Montreal is so much bigger.,Neutral,
1269,They give you a lot.,Neutral,
1270,"Lucky, I didn't order a large.",Neutral,
1271,I would have trouble finishing it.,Neutral,
1272,I must try their other offerings.,Neutral,
1273,Amazing place!,Positive,Amazing
1274,The food is delicious and not expensive!,Positive,delicious
1275,Will definitely go there again when in Montreal.,Neutral,
1276,The pasta del nata is deliciously sweet.,Neutral,
1277,The poutine was good.,Positive,good
1278,Chicken was tender.,Positive,tender
1279,I think I would opt for the fries and salad option,Neutral,
1280,Saw this place on a food/travel show on Netflix and it looked good so I wanted to try it out.,Positive,good
1281,"There was a bit of a line, but once I got in you could see the chickens roasting and my mouth started watering.",Neutral,
1282,We came to Montreal right after Christmas for a little change of scenery and had a list of places to eat and this was near the top.,Neutral,
1283,"The Good: Man, the place was busy and the atmosphere was cool.",Positive,good
1284,The food was very tasty and the prices were appropriate.,Positive,tasty
1285,Also the baked gods were great!,Positive,great
1286,It was amazing watching these guys work while I was in line waiting to place my order.,Positive,amazing
1287,The Bad: I wished I had more time to try out other menu items.,Negative,Bad
1288,I hat the poutine and it was good.,Positive,good
1289,After a while though all I could taste was gravy.,Neutral,
1290,I would like to have had more time to try other stuff.,Neutral,
1291,Overall: I'd recommend coming here with a family our group of people who wouldn't mind sharing a bunch of different things.,Positive,recommend
1292,I can see why there is so much hype.,Neutral,
1293,It was damn  good.,Positive,good
1294,"This is spectacular chicken and when we went right when it opened, the half spicy whole chicken was good for two people.",Positive,good
1295,The whole thing cost 8.5$ canadian dollars which is as cheap as it gets.,Positive,cheap
1296,"I was totally impressed by the service and how quick my order came out with the grilled to perfect chicken along with a spicy buffalo type sauce which was okay (I'm not a big fan of buffalo) but if you go to montreal, this is a must stop.",Positive,"impressed, perfect"
1297,"If you like poutine, a famous shop is kiddy corner to this place but this place is way better.",Neutral,
1298,WILL BE GOING BACK HERE EVERYTIME I COME BACK TO MONTREAL for a great bang for your buck and lasting quality chicken.,Positive,great
1299,We were told by so many people this was THE spot and were so excited to try it (as a Portuguese girl myself) the chicken was dry and they barely gave us any sauce with it so it was very bland.,Negative,"dry, bland"
1300,"Poutine was EXTREMELY mediocre, fries were completely soggy, the chesse curds melted into the sauce so you couldn't even bite into them.",Negative,"mediocre, soggy"
1301,Also we had to eat outside next to a trash can with flies.,Neutral,
1302,Thankfully we had MUCH better poutine places in Montreal outside of this...,Neutral,
1303,Take out service is one of the best since everything has closed down!,Positive,best
1304,They provide a product in which is the cream de la creame of chicken.,Neutral,
1305,Dont forget to get the sauce for yourself to do at home!,Neutral,
1306,Abrigado!,Neutral,
1307,Si vous cherchez à manger à emporter du poulet il s'agit d'un des meilleurs endroits de Montréal.,Neutral,
1308,"Le poulet est tendre et est cuit à point, il est possible de manger sur place mais c'est assez sommaire donc je fais cette revue en tant que nourriture à emporter.",Neutral,
1309,"Il y a souvent la queue pour rentrer, même à 4h de l'après midi.",Neutral,
1310,"La sélection est assez variée, il est possible de repartir avec des sandwichs, salade et désert.",Neutral,
1311,Le flan au caramel est délicieux.,Neutral,
1312,L'endroit est assez simple mais la qualité est très bonne.,Neutral,
1313,Pas forcément haute classe ce n'est pas le but recherché mais juste pour du poulet à emporter c'est excellent.,Positive,excellent
1314,It was very good.,Positive,good
1315,"We got the half chicken, fries and salad that is so popular, and also the poutine, and it didn't disappoint.",Positive,didn't disappoint
1316,"The line was long, but it moved quickly.",Positive,moved quickly
1317,We got it to go and ate in the park nearby.,Neutral,
1318,"We center our trips around food, and this is what I'll tell you.",Neutral,
1319,"It is a very good place, but not mind-blowing legendary like the hype wants you to beleive.",Positive,good
1320,I believe the issue is the large flow of people.,Neutral,
1321,"I think the place can make very good chicken, but with the huge lines of people, the process has become a massive assembly line.",Positive,good
1322,"Chicken, fries, on a plate, now you pay and off you go.",Neutral,
1323,Next person!,Neutral,
1324,There is not any attention to detail and the sauce and flavoring was not that great.,Negative,
1325,"Good, but not great.",Positive,good
1326,The chicken had very little of the sauce that they claim is so great.,Positive,great
1327,We went to a small place the next night.,Neutral,
1328,"It is a Portuguese family owned place called Portugalia near Mont Royal Park,  that was mostly food to go.",Neutral,
1329,The guy made the chicken to order on a charcoal grill and asked if you wanted the sauce mild or spicy and took the time to make sure the chicken was properly sauced and grilled.,Neutral,
1330,It was hands-down better than MPM!,Neutral,
1331,We then took our food to the park for a feast.,Neutral,
1332,"My advice is try MPM for the experience, but if you really want better chicken, go to a smaller place where there is more attention to detail.",Neutral,
1333,"My boyfriend and I went to Montreal over New Years, and this was one of the only places on his ""must try"" list that was open and ohhh GOODNESS am I glad it was.",Positive,glad
1334,"In fact, we opted to go to Ma Poule Mouillée in lieu of a more *traditional* poutine.",Neutral,
1335,"We got the ""small poutine"" (which was anything but small) and Le Louis Cyr (which is a half chicken with French fries and a fresh green salad).",Positive,fresh
1336,Both dishes were out of this world.,Neutral,
1337,"The signature spicy sauce was featured in both-- it's tangy, spicy, warm, and, in the poutine, the cheese curds perfectly complimented it.",Positive,perfectly
1338,"The place is small, but we got there at just the right time-- the line wasn't especially long, but the inside was PACKED.",Neutral,
1339,"However, because of the nature of the place, diner turnover is pretty quick-- we were able to snag a window seat and watch a quieter part of this beautiful city.",Neutral,
1340,Come here every time I visit MTL.,Neutral,
1341,Line is almost always out the door!,Neutral,
1342,Chicken is cooked so well!,Neutral,
1343,Definitely get the poutine it's heavenly!,Neutral,
1344,Some of the best food in MTL hands down,Positive,best
1345,Great quality meet and good portion for the cost.,Positive,good
1346,"Would recommend splitting a regular size, it's a ton of food.",Positive,Would recommend
1347,"Best poutine I've had, very moist chicken.",Positive,"Best, moist"
1348,Dude..,Neutral,
1349,"this is it, this is the spot that changed my life.",Neutral,
1350,I seriously don't know how I lived my life before I ate here.,Neutral,
1351,I'm the first to admit that I get a little picky with my chicken but my fiancée is Portuguese and this means I've been introduced to a lot of great chicken places recently and I happily go along.,Positive,great
1352,While driving down Rachel we decided to stop in and I couldn't even look at the menu because my girl had already order half the menu.,Neutral,
1353,"We had the poutine, the chorizo sandwich and the spicy chicken sandwich the sandwich came with a salad as well.",Neutral,
1354,From the second I took a bite of the poutine and got to taste the chicken the chorizo the cheese the gravy all in a perfect bite I was in love.,Positive,"perfect, love"
1355,The poutine is piled high and generously and the chicken and chorizo are so flavourful it still blows my mind.,Positive,flavourful
1356,Moving on to the sandwich the bread is stuffed with either protein and taste really can't compare to anything you get the piripiri spice and the taste from the charcoal grill and it's this perfect little dance that happens in your mouth.,Positive,perfect
1357,You won't have room for dessert I promise but if your like me and wanna make sure you have a little something sweet for when you digest a little later on grab an almond tart and thank me later ;) This is Montreal and the Portuguese community is one of the best they are friendly and happy to feed anyone your doing yourself a disservice if you don't eat here at least once ( a week ).,Positive,"best, friendly, happy"
1358,Came here on my trip to Montreal 1 year ago.,Neutral,
1359,"Having been my first trip here, I would constantly hear how I haddd to try poutine.",Neutral,
1360,"Searching on yelp for the areas near me, this was a clear winner.",Neutral,
1361,"Even as we were parking in the area, we could smell how amazing the food was.",Positive,amazing
1362,We got there around their opening time but even then there was a fairly large line.,Neutral,
1363,"Once we got to the ordering area, the menu options all looked so good.",Positive,good
1364,The cashier recommended one of their larger group poutines since we had 3 guys in our group and we were lucky enough to snag a quick seat inside.,Positive,recommended
1365,The food looked amazing when it came out.,Positive,amazing
1366,It was like the epitome of comfort food all piled into one plate.,Neutral,
1367,"The chicken, fries and gravy were delicious.",Positive,delicious
1368,"The chicken was soft and tender, fries were crispy and gravy was very flavorful.",Positive,"tender, crispy, flavorful"
1369,Strongly recommend anyone visiting this area to try this spot out!,Positive,Strongly recommend
1370,The chicken is amazing!!!!,Positive,amazing
1371,So much flavor in it.,Neutral,
1372,And you get a big portion for the price.,Neutral,
1373,The natas are a bit too sweet for me though,Negative,too sweet
1374,"Chicken was ok, a little dry but not fatty.",Negative,dry
1375,Not as much flavor as I had expected.,Neutral,
1376,"The salad was just ok, the dressing was a little heavy and the lettuce was in large chunks so a bit uncomfortable to eat and had to cut the lettuce smaller with the plastic knife which wasn't easy.",Neutral,
1377,"Poutine was ok but salty, the shining star was the passion fruit soda",Negative,salty
1378,Had to try poutine while in Montréal obviously.,Neutral,
1379,Did chose this one deliberately because of the BBQ chicken and sausage that they add.,Neutral,
1380,I was NOT disappointed.,Positive,NOT disappointed
1381,What an explosion of tastes.,Neutral,
1382,I had poutine one time in Germany and that didn't even come close to what this is!,Neutral,
1383,I ordered the large one while I was alone and that I would not recommend.,Negative,would not recommend
1384,That's way too much.,Neutral,
1385,Tasted amazing though!,Positive,amazing
1386,Lotta love from the Netherlands!,Positive,love
1387,"Came here just for the chicken, like many others we saw the restaurant featured on a Netflix show.",Neutral,
1388,We arrived right around opening time on a Saturday and there was no line up.,Neutral,
1389,"We got a whole chicken, with mild sauce ($16).",Neutral,
1390,"The flavors were good, chicken tender and well seasoned but the sauce is just an oily mess.",Positive,good
1391,This is very difficult to eat as every piece is just dripping in oil and can be challenging to take it home.,Negative,difficult
1392,"For the price and potential line ups, I don't think it's worth it.",Positive,worth it
1393,"Now I did not get to sample any other menu items but if you came just for chicken, there are many other portuguese style rotisserie or grilled chicken joints that offer similar options.",Neutral,
1394,"Per my cousin N's recommendation, we stopped by here with the family and had dinner here.",Neutral,
1395,There was a long line for Ma Poule Mouillee.,Negative,long line
1396,It probably took us around 30 minutes to get in.,Neutral,
1397,Food is cheap here and portions are big.,Positive,cheap
1398,It was approximately 70 CAD to feed the 8 people.,Neutral,
1399,I definitely recommend you stop by here if you are craving for some poutine.,Positive,recommend
1400,We ordered the following: - Portuguese Chicken - Chicken was delicious and the meat was tender.,Neutral,
1401,- Salad Matilde (Chicken Salad) Great to share between 2 people.,Positive,Great
1402,"- Combo Veronique (fries, salad, grilled chicken combo) Huge portion.",Positive,Huge
1403,Note that the fries that come in this combo is not the poutine ones.,Neutral,
1404,It's just plain fries.,Neutral,
1405,"- Poutine with cheese, chicken, and chorizo - This is the highlight of Ma Poule Mouillee.",Positive,highlight
1406,The poutine is slightly spicy but nothing you shouldn't be able to handle.,Neutral,
1407,It has a nice kick in the mouth.,Positive,nice
1408,It's a bit on the salty side so remember to have a beverage on hand.,Negative,salty
1409,- Portuguese Tarts - Decided to try some Portuguese tarts per Yelp's recommendation and they were just OK.,Neutral,
1410,I was a little let down by this because I had such high hopes for this.,Neutral,
1411,This was too sweet for me.,Negative,too sweet
1412,I mean like half a tart was more than enough for me.,Neutral,
1413,The center of the tart is very eggy and pudding like.,Neutral,
1414,The crust was layered but it was slightly chewy.,Neutral,
1415,I am not sure if the chewiness is attributed to the fact that the tart has been baked earlier in the day and sitting on the counter for a while.,Neutral,
1416,I actually like the Chinese Portuguese Tart from Taipan in NYC more.,Neutral,
1417,The Chinese version is more layered and flakier.,Neutral,
1418,It's has a nice crunch and it's also less sweet.,Positive,nice
1419,Holy cow!,Neutral,
1420,We were on our last day in Montreal and somehow hadn't heard that Portuguese chicken was a thing here.,Neutral,
1421,Thank goodness we caught it just in time!,Neutral,
1422,"We planned to hit La Banquise (for poutine) while in the area, so we went with just chicken and half a sausage.",Neutral,
1423,"While I watched others in line before us get their plates piled high with everything (meat, salad & fries/potatoes), I already knew we were missing out by not getting the full plate.",Neutral,
1424,"The chicken was amazing- juicy with crispy skin, and the sauce was something special.",Positive,"amazing, juicy, crispy"
1425,"We got ours on the side because we didn't know how ""spicy"" it was actually going to be.",Neutral,
1426,It was perfect!,Positive,perfect
1427,"Can't wait to get back and actually go for a full meal, sides & all!",Neutral,
1428,"Went to Ma Poule Mouillée tonight, after watching ""Somebody Feeds Phil"", Montreal.",Neutral,
1429,Well.,Neutral,
1430,"No disrespect to Phil Rosenthal, but this was a most underwhelming food experience.",Neutral,
1431,"We ordered a chicken breast, a chicken sandwich, and the poutine Phil was so raving about.",Neutral,
1432,The chicken was ok.,Neutral,
1433,"Good, not great.",Positive,good
1434,We've eaten at other Portuguese chicken joints in Montreal in the past and have enjoyed much better chicken.,Neutral,
1435,"The fries looked promising, but ended up disappointing as well.",Negative,disappointing
1436,The meal came with a small salad swimming in vinaigrette.,Neutral,
1437,"The sandwich was also good, just not up to Phil's exuberant approval.",Positive,good
1438,"After a first promising bite, it turned out to be not much better than a similar sandwich from Saint-Hubert.",Neutral,
1439,The poutine was extremely salty and lacked any taste.,Negative,salty
1440,"The sauce was tepid, and -gasp!- the cheese did not squeak on the teeth.",Neutral,
1441,Ordinary.,Neutral,
1442,Very.,Neutral,
1443,If there's a chicken dinner worth waiting 30 min outside in snowy Montreal for...,Neutral,
1444,It's this chicken.,Neutral,
1445,"The lines are long, ordering is a stressful, frantic process, and hunting for a seat can become hunger games-like.",Neutral,
1446,But...,Neutral,
1447,Man this chicken is damn good.,Positive,good
1448,"I've never had Portuguese chicken before and it reminded me of latin-style rotisserie chicken - juicy, tender, flavorful - but with a unique spicy red sauce!",Positive,"juicy, tender, flavorful"
1449,We ordered a half chicken plate with fries and salad as well as a poutine with chicken and chorizo.,Neutral,
1450,We'd been advised by a local to get poutine here and it was a great way to try poutine!,Positive,great
1451,The chorizo was also tender and tasty.,Positive,"tender, tasty"
1452,"But to be honest, the chicken and the chicken alone is really the star here.",Neutral,
1453,On future visits I'll definitely be ordering chicken and only chicken.,Neutral,
1454,But with extra sauce of course!,Neutral,
1455,I know this has been said before and I just need to chime in once more ..,Neutral,
1456,this place is bursting with flavour ..,Neutral,
1457,If you know the area real well..,Neutral,
1458,you know there's a police station right across and to be quite frank the police officers have it GOOD!!!!!!,Positive,good
1459,They're really fortunate to have Ma poule Moillée from walking distance ahaha Atmosphere: Welll before I even Entered the resto I could smell the delicious chicken from my car it was so intense!,Positive,"fortunate, delicious"
1460,I swear I feel like they made the entire street smell with awesomeness so people get lured in on purpose ahaha ..,Neutral,
1461,this place was packed and it was my first time trying out ..,Neutral,
1462,I wonder how busy they are at lunch time  on a regular weekday Food: 5+++++++++ Portuguese chicken Was very tender and as per my expectations they were completely met ..,Positive,tender
1463,it was insanely flavourful cooked on a charcoal grill !,Positive,flavourful
1464,I love Portuguese chicken and they just nailed it and hit the spot!,Positive,love
1465,My poutine 5+++++ waaaw it was amazing and so filling..,Positive,amazing
1466,I didn't know the portions were so large I was amazed.,Neutral,
1467,The chorizo sausage could be a bit better It was a tad overcooked and chewy but thats ok...,Negative,overcooked
1468,the flavours were so amazing definitely worth getting it for the price.,Positive,amazing
1469,I love how the cheese curds are hidden inside the poutine so they have a chance to melt and get gooey mmmmm The Chicken Sandwich: My oh my 5++++Starssssss Chicken was so moist but most of all the actual bun was coated with Flavour ..,Positive,"love, moist"
1470,Correct me if I'm wrong but I totally hinted the bread being french Toasted prior and I taste the egg and softness Of the sandwich woow it was Perfect !,Positive,Perfect
1471,Chicken was the actual highlight and I strongly recommend you trying it out Service: A1 very fast and super perfect...,Positive,"highlight, strongly recommend, perfect"
1472,it was a full house but the staff were well organized and managed to keep the orders rolling definitely experienced.,Neutral,
1473,Friendly staff and superb service Cost: Cheappppp and Insanely large portions don't ever change please :D 12$ for a huge poutine Half Chicken for 14$ came with fries and salad Chicken sandwich with rice 12$ Parking: super challenging as it's hit and miss downtown lol parking meters are all full and hard to get a hold of one but it didn't stop me from getting here Overall I definitely recommend this place for Portuguese chicken it's insanely delicious and flavourful and you won't be disappointed ..,Positive,"Friendly, huge, recommend, delicious, flavourful"
1474,ohh and Wayyyyy wayyy wayyyy wayyyy better then Romados ;),Neutral,
1475,One of the best chickens we have ever had!,Positive,best
1476,"Man, that's some delicious chicken, and the portions are huge!",Positive,"delicious, huge"
1477,"That sauce they are smothered with is tremendous, so yeah, you'll be dragging the fries along the bottom of the cardboard box to get them properly saucy and yummy by the end of your meal, as you struggle to find room in your stomach for everything.",Neutral,
1478,We also had the traditional pasteis de nata and they were great as well.,Positive,great
1479,"We had to get them to go and eat them way later, but they are a delicious custard treat at any time of the day.",Positive,delicious
1480,This is a popular place but the line moves fast as you just order off the menu on the wall.,Positive,moves fast
1481,The website helps with pictures if you don't understand French.,Neutral,
1482,Omg y'all the hype is REAL.,Neutral,
1483,Ma Poule Mouillée legit has some of the best dang Portuguese chicken I have ever eaten and I am so glad that I dragged my boyfriend here for a second lunch our last day in Montreal.,Positive,"best, glad"
1484,It was 100% worth the line and 10/10 would do it again in a heartbeat.,Neutral,
1485,"We both ordered the P'tit Talbot, which is their signature chicken sandwich in the most delish sauce.",Neutral,
1486,"Thankfully we only waited about 10 minutes to place our order at the counter (don't be discouraged if you see a line--we almost were because it looked endless, but it truly moved really, really quickly) and another 5 minutes to get our order, so within 15 minutes, we were able to get our hands on these orgasmic sandwiches.",Neutral,
1487,Honestly I can say that the P'tit Talbot is one of the best sandwiches I've had the pleasure of devouring.,Positive,best
1488,"The chicken was so flavorful and juicy and plentiful and the bread perfectly soaked up the sauce, so each bite was chock full of deliciousness.",Positive,"flavorful, juicy, perfectly"
1489,"The sauce was so good, in fact, that I actually did end up leaving with a bottle of it to take back home to the states.",Positive,good
1490,Merry Christmas to me!,Neutral,
1491,The only negative about this place is how dang far it is from me.,Neutral,
1492,"Any chance you guys could open up a store in NYC, Ma Poule Mouillée?!",Neutral,
1493,Thxxxxx.,Neutral,
1494,Best rotisserie chicken on the planet!!,Positive,Best
1495,The long line getting in is well worth the wait!,Positive,worth the wait
1496,We got the Portuguese poutine to share and thought it was just ok.,Neutral,
1497,Maybe poutines are just not really our thing but we felt like over all it was really heavy.,Neutral,
1498,The fries could've been a bit more crispy and the piri piri sauce was not spicy at all.,Positive,crispy
1499,The chicken needed to be more charred on the grill to add some texture.,Neutral,
1500,We also got a coconut pasteis de bats and a flan.,Neutral,
1501,"The flan ""broke"" and was spongy while the coconut egg tart was a bit better.",Neutral,
1502,Nice enough of a spot but the food is honestly just ok ‍,Neutral,
1503,Wanted to check out banquise across the street but to my surprise every other Montrealer was feeling the same way.,Neutral,
1504,Instead of waiting in line my friend noticed this spot across the street where she had it at work.,Neutral,
1505,"Extremely fast past environment, the menu is written on a chalk board at the front of the store.",Neutral,
1506,They have buckets on buckets on fries and chickens being cooked 24/7.,Neutral,
1507,"I got a small poutine which had Portuguese chicken and chorizo, very good but needs more cheese as that's the only thing that was lacking from this wonderful flavourful meal.",Positive,good
1508,The line is insane but it's worth it.,Positive,worth it
1509,We loved everything we got.,Positive,loved
1510,We got the poutine with the chorizo and the Portuguese chicken and fries.,Neutral,
1511,Everything was a 10/10.,Neutral,
1512,I will be dreaming about the hot sauce.,Neutral,
1513,"Came to this place on a recommendation that it's cheap, tasty, and huge portions.",Positive,"cheap, tasty, huge"
1514,"It was raining outside, but there was still a small line leading out the door.",Neutral,
1515,"The other option was a fondue place across this street and this poutine place with 100 people in line, so we decided to stick with this option.",Neutral,
1516,And it was an excellent choice.,Positive,excellent
1517,This restaurant is pretty much self service.,Neutral,
1518,"Enter, place an order, proceed down the counter to pickup your order.",Neutral,
1519,"One section for walk-in, another section for phone orders.",Neutral,
1520,Just look at the signs hanging from the ceilings for instructions.,Neutral,
1521,Don't forget to grab a jug of water and some cups.,Neutral,
1522,You should also clean up when you're done.,Neutral,
1523,Getting a table might be a bit tricky.,Negative,"Getting a table, a bit tricky, bit tricky"
1524,We were fortunate that a family was finishing up.,Neutral,
1525,You might consider just getting it to go if you know a place to sit down.,Negative,"getting it to go, place to sit"
1526,Their specialty is Portuguese roasted chicken.,Neutral,
1527,You can see their kitchen with 50 chickens on the grill at the same time.,Neutral,
1528,"You can get chicken on its own, or with fries and salad.",Neutral,
1529,They also offer chorizo as well as poutine that comes with their chicken.,Neutral,
1530,The chicken is really cheap.,Positive,really cheap
1531,"You can get half a chicken on its own for $11, or a whole chicken on its own for $14.",Neutral,
1532,"Talk about upsizing, why would you not get the whole chicken?",Neutral,
1533,"We had three legs, wings, thighs, and a back.",Neutral,
1534,Or something like that.,Neutral,
1535,"Meat was very tender and juicy, and the marinating was amazing.",Positive,"tender, juicy, amazing"
1536,"They have a basic poutine for $8, or you can get their deluxe poutine for $13 for this massive plate of poutine filled with potatoes, chicken, cheese curds, chorizo, and their special gravy.",Neutral,
1537,"Do not underestimate the size of the poutine, you can probably split it between 3 or 4 people easily.",Neutral,
1538,Comes with a lot of chunks of chicken as well.,Neutral,
1539,Definitely worth trying.,Neutral,
1540,"I later found out that the poutine place across the street had over 1000 yelp reviews, but whatever, you will not be disappointed coming here.",Positive,
1541,"Well, maybe if you were looking for somewhere romantic.",Neutral,
1542,"Why isn't the slogan for Montreal, ""Come for the Poutine, Stay for the Portuguese Chicken!"" What in the hell did I just eat.",Neutral,
1543,Well let me tell ya.,Neutral,
1544,It was smoky.,Neutral,
1545,It just juicy.,Positive,juicy
1546,It was flavorful.,Positive,flavorful
1547,It was not enough lol.,Negative,not enough
1548,The linguica sausage was mmmmmmmm too.,Neutral,
1549,But the real star.,Neutral,
1550,The real MVP.,Neutral,
1551,It was the spicy sauce.,Neutral,
1552,Not too spicy at all though.,Neutral,
1553,Just perfect.,Positive,perfect
1554,Please put it in a pint and give me a straw ok.,Neutral,
1555,I don't care who's watching honestly.,Neutral,
1556,I found myself dipping burnt crispy chicken skin in this sauce and smiling like a kid on Christmas morning.,Positive,crispy
1557,"Pro Tip btw, get the sauce on the side because that's the best way to not have your chicken skin sog out and still dip your chicken in and control your sauce to chicken ratio.",Positive,best
1558,Wow I can't believe I just typed out that sentence.,Neutral,
1559,"Anyways, I'm not one for dessert but I am one for trying indigenous foods done right when I have the chance.",Neutral,
1560,So save room for the Nata sweet egg custard pastry.,Neutral,
1561,What a way to top off the meal.,Neutral,
1562,The best Portuguese Rotisserie Chicken!!,Positive,best
1563,Huge  portions and unbelievable deals here.,Positive,Huge
1564,"As soon as you walk in the door, you smell the aroma of BBQ grilled chicken.",Neutral,
1565,You can see racks of chicken in the Rotisserie.,Neutral,
1566,This is a small eatery with counter type service.,Neutral,
1567,A small eating area with a few tables and counter seating.,Neutral,
1568,A half chicken dinner with 3 sides for only $11.,Neutral,
1569,The portions were so big...,Neutral,
1570,it's enough for sharing.,Neutral,
1571,A whole chicken a la carte is only $14.,Neutral,
1572,The chicken is so tasty and even the white meat is juicy & tender.,Positive,"tasty, juicy, tender"
1573,This chicken is amazing...,Positive,amazing
1574,I got the poutine with chicken and chorizo.,Neutral,
1575,The chicken was pretty standard.,Neutral,
1576,"Although it was impressive to see the rotating skewers of meat behind the counter, I didn't get much of a flavor from the meat that ended up on my plate.",Positive,impressive
1577,"The chorizo also had a funky taste that didn't mesh well with the whole dish, and I found myself picking them out to set aside.",Neutral,
1578,"Combined with the gravy, the dish was also a little over-salted.",Neutral,
1579,"I ordered the petite, which was still a huge portion and an excellent value if you're looking to split with someone.",Positive,"huge, excellent"
1580,"The cheese curds in the poutine were tasty, the fries pretty average - maybe I'm not a poutine person because nothing really blew me away.",Positive,tasty
1581,"I visited after the lunch rush, sometime in the afternoon.",Neutral,
1582,Fortunately I didn't encounter a line.,Neutral,
1583,MY FAVOrite place to get POUTINES!!!,Positive,FAVOrite
1584,so much good food for $10 I'm shook!,Positive,good
1585,The place was packed and understandably so!,Neutral,
1586,The fries melted with the gravy and juicy chicken meat.,Positive,juicy
1587,Gosh if I wasn't so full I would have devoured.,Neutral,
1588,It was a crowded space but we were able to sit and had water too.,Negative,crowded
1589,Their servers were nice and desserts are also available here.,Positive,nice
1590,I would come back!!,Neutral,
1591,Was between this and the poutine store across.,Neutral,
1592,Decided to choose this and IS HAPPY WITH IT!,Positive,HAPPY
1593,It was a fantastic place.,Positive,fantastic
1594,"Savory, delicious in every bite.",Positive,delicious
1595,South American flavors added.,Neutral,
1596,They had bathrooms!,Neutral,
1597,@ayoxannna,Neutral,
1598,Went here around 5pm thinking that we'll beat the line but we were wrong.,Neutral,
1599,We had to wait about half an hour.,Neutral,
1600,We were contemplating if we should get the chicken and chorizo in Salad or poutine version.,Neutral,
1601,We ended up getting the large  poutine and the size is as big as my head!,Neutral,
1602,Most of the dish is made up of the fries though.,Neutral,
1603,I like the dish overall but I wished they give more chicken.,Neutral,
1604,Get the spicy sauce to help balance the poutine sauce.,Neutral,
1605,"Else, it may tastes monotonous after a while.",Neutral,
1606,Two of us were not able finish one large poutine.,Neutral,
1607,"If you want to avoid too much carb and want more chicken, get the non poutine version!",Neutral,